标题,标题链接,查看数,参与数,需求价格,需求者,交易价格,交易价格备选,发布时间,需求文本,任务编号,设计师1,设计师2,设计师3,设计师4,设计师5,设计师6,设计师7,设计师8,设计师9,设计师10,交易价格统一,任务类型
【生日祝福】生日祝福手卡照片征集,https://task.epwk.com/979304/,4402,51,¥500,威你所思REsLx,￥ 500,￥500,2022/1/14,2月1日是我偶像，前阿根廷国家足球队9号巴蒂斯图塔的生日，作为粉丝，我想征集一些生日祝福的照片寄给巴蒂。要求：1、可以不露脸拍摄照片，写上我来自XXX地区的，整个画面中须展示：手持人、纸板与完整内容、如果您不吝啬您的肖像权，就大胆展示出来，谢谢朋友们了。2、内容必须要求有明显Happy birthday！Gabriel Batistuta的话语标识，最好是英文，可以写上手卡。拍摄像素要高！3、其他的话语可以随意写，自由发挥即可！4、交稿要求：拍完可上传到一品威客任务页面上。一个一品威客账号仅限参加一次。,任务编号：979304,甜不止吃,"个人 |            
            暖心小屋",X20022022,橙子1215,o61de134165bb1,ttt772311,i_shine,华创QQ6dm,张赞yyds,林优秀02,500,生日祝福
【纪念日祝福】结婚16周年祝福,https://task.epwk.com/975002/,1835,0,¥666,益企创梦73GJ0,￥ 666,,2021/12/17,大家好，我在山东济南，明天（12月18日）是我和爱人结婚16周年纪念日，也是我们的二宝，宝贝女儿一百天的日子，想给她个惊喜，也给孩子求祝福！形式：视频内容：“我在城市，祝朱老师刘老师......（祝福的话，怎样说都可以）”。因为我俩是一起做儿童教育，是老师，大家称呼我们朱老师、刘老师就可以，女儿小名叫百合。如在室外，以当地地标性场景为背景最好！求99份。每人限一份祝福。时间截至2021年12月18日22:00第一次来这里，不熟悉规则，如果这里直接提交也可，或者发邮件：xiashanedu@163.com   若方便请留下您的联系电话或微信。我的微信：xiashanedu,任务编号：975002,,,,,,,,,,,666,纪念日祝福
【道歉短信】挽留短信,https://task.epwk.com/928274/,5947,42,¥500,o5c8d28f14e13a,￥ 500,￥149.85,2021/4/7,短信内容：童宝宝，老朱真心很爱你。希望能和老朱在一起。死生契阔，与子成悦。执子之手，与子偕老。 1、时间：从2021年4月7日 20：00。 2、一个一品号码只限一次，祝福语可不要一样哦 不要回复TA的短信。过期了就不要发了。谢谢朋友们   3、若对方回短信询问时无需回复 不要透漏一品威客发任务的信息，谢谢！  4、审核标准：截图为证，带有内容日期时间（或定时发送成功）且带号码的截图（可以隐藏手机中间四位）。感谢大家的支持！谢谢大家了！同时也祝为我投稿的人爱情美满，全家幸福  下载附件，看内容,任务编号：928274,"工作室 |            
            藏鱼创意工作室","工作室 |            
            小小龙儿","个人 |            
            同科财税","个人 |            
            slosao",yuesine,"个人 |            
            同科财税",小小天天,"个人 |            
            推广专用",乔伊伊,四川曾先生,500,道歉短信
【节假日祝福】春节祝福邮件发送,https://task.epwk.com/918918/,2497,48,¥500,微笑灬永恒,￥ 500,￥500,2021/2/5,希望TA能收到来自天涯海角的春节祝福，信息开头须表明您是来自哪个省份的谁(可用您的小名代替。例如，丽丽，小华等)。1.邮件内容开头为：我是来自XX省的XXX，特地从XX(省份)给雅茹小jiejie(系统检测为敏感词汇，只能用拼音来表示，发送的时候请用汉字)带来春节的祝福。剩余内容自由发挥，突出关心/祝福等创意都可以，不低于45字。(自由发挥的字数，开头不计入字数)2.只能用QQ邮箱定时发送，定时发送的时间为：2021年2月12日（大年初一），早上8点到中午12点。时间很重要，一定要在那天，不能晚也不能早呀，谢谢朋友们啦，提前祝大家新年快乐！(TA的QQ邮箱为:2278224650@qq.com)3.主题为：来自XX(省份)的春节祝福。若有回复，请不用回复！4.可参加多次，但必须是不同的QQ号码不同的称呼。5.截稿时间为2021年2月12日晚上十二点。6.审核标准：截图为证(两张)， 一张带有内容和一张定时发送成功的截图。感谢大家的支持！7.有问题询问请添加我的QQ（2744671934）或微信（yry13135875130）。发送完成后，请提交定时发送的截图和内容截图审核，一条5元。备注：一个一品威客账号最多只能参加3次。,任务编号：918918,wyfxa,o601ce7fb726aa,系菠萝派,"个人 |            
            安利工作室","个人 |            
            叮叮建筑地摊店铺","个人 |            
            叮叮建筑地摊店铺","个人 |            
            叮叮建筑地摊店铺",feng0aee0,wyfxa,o5c35d8a11df0b,500,节假日祝福
【生日祝福】生日祝福短信发送,https://task.epwk.com/906205/,4234,78,¥500,o5fb4ab1d9c81e,￥ 500,￥270.9,2020/11/23,希望TA能收到来自天涯海角的祝福短信内容大概是：可爱漂亮的赵，来自XX省XX市的XX为你送上生日祝福：祝你17岁生日快乐 永远开心漂亮 任意祝福都可 有新意的 1、时间：从2020年11月30日 00：00-11月30日16：00之间。（11月30日16：00分后发送视为无效） 2、一个号码只限一次，祝福语可不要一样哦 不要回复TA的短信。过期了就不要发了。谢谢朋友们   3、若对方回短信询问时无需回复 不要透漏一品威客发任务的信息，谢谢！  4、审核标准：截图为证，带有内容日期时间（或定时发送成功）且带号码的截图（可以隐藏手机中间四位）。感谢大家的支持！谢谢大家了！同时也祝为我投稿的人爱情美满，全家幸福   5、手机号码看附件字数要30字以上 字数30字以下视为不合格。,任务编号：906205,"工作室 |            
            小小龙儿","个人 |            
            慕容苓泽","个人 |            
            denglong","个人 |            
            一颗冰心",o5b6c04b568c58,wyfxa,"工作室 |            
            luo0710","个人 |            
            slosao",亲亲宝贝儿,yuesine,500,生日祝福
【软文发布】乐器品牌的平台软文推广,https://task.epwk.com/902189/,1733,38,¥500,尚未乐器,￥ 500,￥495,2020/11/2,我司为吉他品牌：艾木，推广型号：SD20推广建议平台：贴吧（吉他吧、民谣吉他吧），微博（最好带话题，吉他话题），小红书、抖音、知乎操作方式：去上述任一平台发贴即可，随意宣传艾木SD20即可，有配图，在附件，例：1、想学吉他，有没有知道这是把什么2、朋友推荐的吉他，很好看3、艾木SD20，有没有渠道可以拿到价格的4、很好看的一把吉他5、想学吉他了6、有没有一起玩吉他的等等之类，如果配图，标题内容随意，如果不配图，一定要说明型号投稿要求：截图上传即可，满足要求的门槛很低后续还有两个品牌，每天都做推广，欢迎长期合作。,任务编号：902189,o5fa05bc433705,o5fa0b0349f601,贺15919770131,"工作室 |            
            小小龙儿","个人 |            
            慕容苓泽","工作室 |            
            小小龙儿","个人 |            
            慕容苓泽",wyfxa,feng0aee0,阿碧姑娘,500,软文发布
【生日祝福】20元一稿，征集20秒左右的生日祝福视频给喜欢的女生,https://task.epwk.com/893959/,2932,0,¥500,Wz_爱安妮,￥ 500,,2020/9/21,喜欢她大概有一年时间了，从素不相识一直到现在的朋友关系，挺不容易的，她是一个很善良很简单同时也很宅的小女生，很难邀她出去玩，吃过两次饭，看过一场电影，送过两次花，她知道我喜欢她，她坦白过对我差了点心动的感觉，说做朋友挺好的，可是我不想只做朋友，如果没遇见那是天意，遇见了那这辈子就是她了，就算只有十分之一的机会，我也不愿错过而后悔。11月20号是她的生日，我想趁着这次机会策划一次表白，想到了去街上录陌生人祝福剪辑成一个vlog视频，由于个人原因无法在街上收集到足够的素材，所以就来麻烦各位啦，不限出镜人数、年龄、职业、地域和方言，也不需要用纸张写，就简单面对镜头说一段话就OK。稿件要求：1、露脸，这一点很重要！光是文字或者声音的话稍显苍白，我觉得看得到人更加真诚。                                                       2、她的名字叫吴安妮，必须出现的字眼有“吴安妮，生日快乐，答应他吧，祝你们幸福”。我写一个范本，不知道怎么说的可以照着念：“吴安妮，我是某某城市的某某，祝你生日快乐，他真的很用心在喜欢你，答应他吧，祝你们幸福。”                     3、出镜人不限，不过同一个人拍摄两个视频的话，只算一份赏金哦谢谢理解。大概需要25个素材视频，大家可以将稿件压缩到2M以下直接提交，若有问题的话联系我QQ（1165842807）微信（15058349900）邮箱（1165842807@qq.com），我及时来处理，同一个工作室或者公司的小伙伴可以互相推荐给身边的同事或者家里的老人、小孩，都可以拍，一个稿件赏金20元，金额不多，请你们喝杯奶茶作为感谢，有效日期到素材收集足够为止，麻烦各位啦。,任务编号：893959,,,,,,,,,,,500,生日祝福
【道歉短信】挽回我爱的人，帮忙发送短信,https://task.epwk.com/893807/,3785,53,¥500,o5f5f930b0d1fe,￥ 500,￥222.2,2020/9/20,1、挽回前任、分手没几天！一条5元。每人限发1条（接收手机在附件。 时间：2020年9月20日23点）2、我叫金剑。我跟她在一起四年，前几天分手，原因是我之前不懂的照顾她的感受、对她关心不够。同时也犯了很多低级错误，老是惹她伤心。四年来的相处也有很多的美好。短信内容就大概让她回忆一下我们美好的四年、有可能的话给我一个机会。我已经知道自己的问题所在，并保证绝对改正。如果能重新在一起。一定会比以前做的好太多、她所有的要求我都可以答应。也不会再让爱情不新鲜、把每一天都当成第一天来过。同时最后表达一下希望能认真考虑考虑。给四年的感情再给一次机会。3、格式：宇宙超级无敌聪明美少女朱真真你好。我是来自xx省xx市的xxx，我代表xx省希望你在新工作中....（工作祝福），然后就是根据第二条要求自己发挥。4、为保证有更多不同城市的祝福，每人限发1条，谢谢大家。5、如用类似139邮箱设置定时发送，谢谢 6、为方便确认，最好截屏图为交稿 审核7、若收到回复信息询问情况时不要回复。最后，灰常灰常感谢帮忙发送了短信的各地朋友，热心人一生平安。,任务编号：893807,"工作室 |            
            luo0710",四川曾先生,"个人 |            
            slosao",wyfxa,乔伊伊,yuesine,安美人,feng0aee0,zzw373995774,snow929,500,道歉短信
【百科/问答撰写】百度知道问答  填写  答案,https://task.epwk.com/890971/,3461,65,¥500,o5f4e27592bebc,￥ 500,￥10,2020/9/8,1、自行去百度知道页面搜索问题，包括但不限于”越南语、越南、翻译、翻译软件“等关键词2、要求：涉及到”越南语的翻译“；你是越南旅游翻译也行，越南工作翻译也行，搜索的问题随你组合3、当搜索完问题后，出现了展示页面，选取第一页所展示的问题进行相关补充回答4、回答的内容可以自由发挥，逻辑正常，内容合规就行，如“我在越南用过XX软件很好，翻译比较准，还带人工翻译”5、软件名字：译兔；链接：http://works.chengyouhd.com/zh-CN/Home/index；二维码图片6、要求，回答内容涵盖软件名字：译兔；二维码、链接选取一个就可以，7、酬劳：成功提交一个答案，含有“软件名、链接或者二维码”并且展示出来视为合格提交；一个5元8、提交完后，请附带链接，查阅后付款,任务编号：890971,o5f5b97e0ee270,LING0924,,,,,,,,,500,百科/问答撰写
【生日祝福】发生日短信3.01一稿，各位给力 只限2020.8.28,https://task.epwk.com/888570/,2331,26,¥500,杨小包,￥ 500,￥36.12,2020/8/28,"今天是8月28日，希望TA能收到来自天涯海角的祝福。 短信内容大概是：可爱美丽的张MM，我是来自XX省XX市的XX，代表杨先生送上生日祝福：祝你24岁生日快乐，天天开心！余生有你，小包你有。（然后加上任意祝福语，最好是温馨有新意的哦）。 1、时间：从2020年8月28日 00：00-23：59 （8月28日23：59分后发送视为无效）2、一个号码只限一次，祝福语可不要一样哦。若TA有回复，请不要回复TA的短信。过期了就不要发了。谢谢朋友们了。 3、若对方回短信询问时无需回复，请大家保密，不要透漏一品威客发任务的信息，谢谢！ 4、审核标准：截图为证，带有内容日期时间（或定时发送成功）且带号码的截图（可以隐藏手机中间四位）。感谢大家的支持！谢谢大家了！同时也祝为我投稿的人爱情美满，全家幸福5、手机号码请看附件，谢谢。,今天是8月28日，希望TA能收到来自天涯海角的祝福。 短信内容大概是：可爱美丽的张MM，我是来自XX省XX市的XX，代表杨先生送上生日祝福：祝你24岁生日快乐，天天开心！余生有你，小包你有。（然后加上任意祝福语，最好是温馨有新意的哦）。 1、时间：从2020年8月28日 00：00-23：59 （8月28日23：59分后发送视为无效）2、一个号码只限一次，祝福语可不要一样哦。若TA有回复，请不要回复TA的短信。过期了就不要发了。谢谢朋友们了。 3、若对方回短信询问时无需回复，请大家保密，不要透漏一品威客发任务的信息，谢谢！ 4、审核标准：截图为证，带有内容日期时间（或定时发送成功）且带号码的截图（可以隐藏手机中间四位）。感谢大家的支持！谢谢大家了！同时也祝为我投稿的人爱情美满，全家幸福5、手机号码请看附件，谢谢。",任务编号：888570,黄跳跳,cleverboy,"个人 |            
            denglong","工作室 |            
            小小龙儿",四川曾先生,苄苄626,"个人 |            
            慕容苓泽",冷暖自知柒,静默笑看世间沉浮,grassroot,500,生日祝福
【产品卖点】做qq音乐的歌单,https://task.epwk.com/887257/,3583,4,¥600,o5f298417a3b0e,￥ 600,,2020/8/23,需求：做qq音乐的歌单；要有优质认证。总数大概100个歌单。先进行测试2个需求，有意向的可以联系补充：qq音乐里面上传歌单，要能过审成为优质歌单，不是简单的列歌名，要是能过官方审核并且能成为优质的。要是新做的，不能是拿别人的。,任务编号：887257,,,,,,,,,,,600,产品卖点
【生日祝福】发祝福短信3.33一稿，各位给力！只限2020.1.4,https://task.epwk.com/828101/,4241,67,¥500,o5e0ef24a54aa3,￥ 500,￥249.75,2020/1/3,明天是1月4日，希望TA能收到来自天涯海角的祝福。 短信内容大概是：可爱美丽的余MM，我是来自XX省XX市的XX，代表周先生送上生日祝福：祝您生日快乐，天天开心！余生有你，周周你有。（然后加上任意祝福语，最好是温馨有新意的哦）。 1、时间：从2020年1月4日 00：00-23：59 2、一个号码只限一次，祝福语可不要一样哦。若TA有回复，请不要回复TA的短信。一定要定时发送，千万不要提前发，过期了就不要发了。谢谢朋友们了。 3、若对方回短信询问时无需回复，请大家保密，不要透漏一品威客发任务的信息，谢谢！ 4、审核标准：截图为证，带有内容日期时间（或定时发送成功）且带号码的截图（可以隐藏手机中间四位）。感谢大家的支持！谢谢大家了！同时也祝为我投稿的人爱情美满，全家5、手机号码请看附件，谢谢。,任务编号：828101,"个人 |            
            denglong",lxd15171495808,wyfxa,mf159****8041,"工作室 |            
            以书为友",擎天一号,小孟起儿,o5e0f539f83158,o5dc01860356d0,AoniQi,500,生日祝福
【软文发布】发帖任务，3元一贴，快审　简单容易操作,https://task.epwk.com/820909/,1223,2,¥500,qq250****163,￥ 500,￥3.01,2019/12/11,"1、发贴网站-百度贴吧发布，一问一答的方式，不可漏下，否则不合格，也可以发布在权限大于等于3的网站(以站长工具查询为准)2、帖子标题以文档内标题为准，对应的下面是回复，发帖成功存活5天不被删有效！3、内容详见附件，除去前面数字编号(如：1.)其他的复制上去4、请勿复制前面的编号，或者几条发在一条里面，发现全部视为不合格。5：可以适当修改文字内容，不过大意不可变，正面信息等绝对不可变6：交搞方式，稿子下方注明自己的用户ID，发搞时间　发布成功的链接 以及截图（发布成功的截图图片）缺一不可，这样快审核谢谢配合防止有人复制他人链接交稿。未注明的一律不合格，重复提交同样链接无效 　（请严格按照以上操作否则为不合格搞件重点）稿件内容：http://www.jingxiutequn.com/uploads/yaoqiu.rar其中有20个内容，不能一下子全部发在一个地方。,1、发贴网站-百度贴吧发布，一问一答的方式，不可漏下，否则不合格，也可以发布在权限大于等于3的网站(以站长工具查询为准)2、帖子标题以文档内标题为准，对应的下面是回复，发帖成功存活5天不被删有效！3、内容详见附件，除去前面数字编号(如：1.)其他的复制上去4、请勿复制前面的编号，或者几条发在一条里面，发现全部视为不合格。5：可以适当修改文字内容，不过大意不可变，正面信息等绝对不可变6：交搞方式，稿子下方注明自己的用户ID，发搞时间　发布成功的链接 以及截图（发布成功的截图图片）缺一不可，这样快审核谢谢配合防止有人复制他人链接交稿。未注明的一律不合格，重复提交同样链接无效 　（请严格按照以上操作否则为不合格搞件重点）稿件内容：http://www.jingxiutequn.com/uploads/yaoqiu.rar其中有20个内容，不能一下子全部发在一个地方。",任务编号：820909,"工作室 |            
            小小龙儿",,,,,,,,,,500,软文发布
【生日祝福】永生难忘的三十,https://task.epwk.com/761804/,4743,3,¥500,o5d0a697405ad9,￥ 500,,2019/6/20,今天是6月20日，希望他能收到来自天涯海角的祝福。 短信内容大概是：亲爱的袁琳先生，我是来自XX省XX市的XX，代表康洁妮女士送上生日祝福。她想告诉你，谢谢你让她遇见你，谢谢你包容的一切。此生永不相忘。是偷了几年的时间。来之不易。望珍惜。（然后加上任意祝福语，最好是温馨有新意的哦）。 手机号:18890599669 1、时间：从2019年6月20日 00：00-23：59 2、一个号码只限一次，祝福语可不要一样哦。若他有回复，请不要回复他的短信。一定要定时发送，千万不要提前发，过期了就不要发了。谢谢朋友们了。 3、若对方回短信询问时无需回复，请大家保密，不要透漏一品威客发任务的信息，谢谢！ 4、审核标准：截图为证，带有内容日期时间和一张发送成功（或定时发送成功）且带号码的截图。感谢大家的支持！谢谢大家了！同时也祝为我投稿的人爱情美满，全家,任务编号：761804,,,,,,,,,,,500,生日祝福
【生日祝福】女友生日求祝福,https://task.epwk.com/749170/,5934,11,¥500,o5ce1feab2c99b,￥ 500,,2019/5/20,各位朋友，大家好，在这里寻求你们的帮助。女朋友月1日生日了，所以想送她来自全国各地的你们的祝福。录制15秒左右的视频。1、手持纸板或卡片，在当地标志性朝阳筑，或能看出来是哪里的建筑物前录制短视频。纸板或卡片上文字内容的大概意思就是祝福恋人之间的爱情，并祝她生日快乐，可自由发挥，言简意赅。同时口述内容为；星星儿，你好！我是来自XX省XX市的XX（可不用实名），你的他让我转告你，生日快乐，他会陪你，爱你，宠你，一直到老 。。。后面可以自由发挥。2.要求：（1）卡片字体可自由设计，内容可以添加自由发挥；（2）照片需要您真人出境，手持卡片或纸板，背景不一定高大尚，但是看起来舒服，惬意。3.统一格式为mp4.发到邮箱980864185@qq.com.并且提供邮箱号到一品威客上交稿。备注：需要在6月1号之前发送视频到邮箱才算。,任务编号：749170,,,,,,,,,,,500,生日祝福
【软文发布】新闻帖子推广50元一贴，快速审核,https://task.epwk.com/748969/,2096,8,¥500,qq250****163,￥ 500,￥500,2019/5/19,"软文发布要求。1.发布的软文需要在5天内不遭删除2.发布渠道可以选收录好的各种平台。百度权重需要大于等于4.建议(百度百家，百度经验，百度文库，百度百科，以及各自新闻渠道)3.发文需要按照标题+内容方式发布（内容请做正面信息做适当的修改""精秀特群""这四个字不得修改，其他请酌情修改，内容过度一致的可能会影响通过率），并无登陆状态下可以看到文章。4.搜索标题百度收录在首页优先获取5.全部用户同一个平台不可发布两次审核标准：1、5天内不遭删除  2、提供链接 3、网上权重大于等于4",任务编号：748969,mf159****8041,mf159****8041,"工作室 |            
            小小龙儿","工作室 |            
            网络及软文推广工作室","个人 |            
            专业文案策划","个人 |            
            专业文案策划",叶宇韩,叶宇韩,叶宇韩,"工作室 |            
            小小龙儿",500,软文发布
【生日祝福】今天发生日祝福，3元一稿，各位友友给力！只限今日！,https://task.epwk.com/741344/,4963,73,¥500,麒麟咨询,￥ 500,￥400,2019/4/30,2019年4月30日，就是今天，我想让她收到天南地北的祝福。 1、需要发送短信，一个一品账号限发一次，谢谢！重复无效 2、发布时间：今天上午8点到15点（一定要在这个时间内发送才算有效稿件）。 3、短信内容：慧玲你好，我是来自XXXX的XXX(地名和称呼自行发挥)，受你的男神李强所托，为你送上生日祝福，祝你生日快乐，一生平平安安，每天快快乐乐，（另加一句任意祝福语，越温馨越好）！！ 4、发送时间要核实好，一定要定时发送哦。若她有回复，请不要回复她的短信。 5、审核标准：截图为证， 带有内容和一张发送成功且带号码的截图（号码也可以隐藏手机中间四位）。感谢大家的支持！具体请款附件,任务编号：741344,风里醉有余味,"工作室 |            
            小小龙儿",尼古拉嵩,"个人 |            
            慕容苓泽",品觉设计,"个人 |            
            比比皆是快乐",悠然一品,Ricky1991,"个人 |            
            favourite",爱丽丝的思,500,生日祝福
【百科/问答撰写】百度问答，一稿3元,https://task.epwk.com/740868/,4070,8,¥510,dywbnet,￥ 510,￥6,2019/4/28,1.在百度问题中发布附件问题或相似问题2.在刚才提问的问题中回答附件问题或相似答案（不能使用同一ID）回答的问题内容就是让大家知道东莞有“点到”这个上门推拿APP 一问一答计为一稿注意问题：1.发布者和回答者不能为同一ID2.投稿中，发布的问题不要与附件中提供的问题完全一样，要自己编写类似问题和答案。3.交稿方式，提供链接。,任务编号：740868,"工作室 |            
            云影碧落",o5b93344a0424b,,,,,,,,,510,百科/问答撰写
【道歉短信】道歉短信，4月28日前发送,https://task.epwk.com/740334/,3873,67,¥500,o5b826a7b9e7c3,￥ 500,￥260,2019/4/27,因为和未婚妻吵架，一直不理我，自己说了一些气话，导致她一直在气头上，希望大家帮我发道歉的短信。相关信息请查看附件，请大家注意！ 如果对方回复短信，问你任何问题，请不要回复！！！不要透露是做任务的，一定要保密！在4月27日-28日号当天发送，谢谢大家。交稿条件：1、提供交稿人发送的手机号码，还有发送短信记录截图（接收人手机号要显示出来）                    2、一个手机号码只能发送一次，多次发送则淘汰作废                    3、短信要求不少于50字                    4、月28日发完短信就直接交稿，截稿时间是4月28号晚上12点,任务编号：740334,YYB520525,"个人 |            
            法律人在路上",o5cc42cb0e3d2b,火火火山,"工作室 |            
            森瑾猫工作室","个人 |            
            favourite",风里醉有余味,mf159****8041,燚花亿世界,o5c820e23ac0d5,500,道歉短信
【软文发布】发帖任务，3元一贴，快审　简单容易操作,https://task.epwk.com/737411/,2085,10,¥500,qq250****163,￥ 500,￥81.27,2019/4/20,1、发贴网站-百度贴吧发布，一问一答的方式，不可漏下，否则不合格，也可以发布在权限大于等于3的网站(以站长工具查询为准)参考例子：https://tieba.baidu.com/p/54402883882、帖子标题以文档内标题为准，对应的下面是回复，发帖成功存活5天不被删有效！3、内容详见附件，除去前面数字编号(如：1.)其他的复制上去4、请勿复制前面的编号，或者几条发在一条里面，发现全部视为不合格。5：可以适当修改文字内容，不过大意不可变，正面信息等绝对不可变6：交搞方式，稿子下方注明自己的用户ID，发搞时间　发布成功的链接 以及截图（发布成功的截图图片）缺一不可，这样快审核谢谢配合防止有人复制他人链接交稿。未注明的一律不合格，重复提交同样链接无效 　（请严格按照以上操作否则为不合格搞件重点）稿件内容：http://www.jingxiutequn.com/1.txt 其中有20个内容，不能一下子全部发在一个地方。,任务编号：737411,mf159****8041,mf159****8041,mf159****8041,"个人 |            
            madk1102","个人 |            
            madk1102","个人 |            
            madk1102",qwepoi2008,"个人 |            
            madk1102",qwepoi2008,"个人 |            
            madk1102",500,软文发布
【软文发布】软文推广网站，论坛，微博，博客。,https://task.epwk.com/722807/,2064,7,¥500,qweiop101,￥ 500,￥53.28,2019/3/17,1.下载附件，浏览内容2.将附件的内容发布到各大网站，论坛，仅限（金融，旅游，生活，保险，新闻网站）3.发布相应的网站，百度收录数量必须超过1万，百度快照时间一周内4.高人气网站及论坛发布可以独立另外计件接任务5.发论坛的需要有一定知名度的，任务可以重复，比如你提交了一个网站的，后面可以在提交一个微博，然后在提交一个论坛的一共就是9元。做好发连接要不然会看不到你们做好的任务,任务编号：722807,"个人 |            
            madk1102","工作室 |            
            小小龙儿","工作室 |            
            小小龙儿","工作室 |            
            小小龙儿","个人 |            
            慕容苓泽","个人 |            
            慕容苓泽","个人 |            
            慕容苓泽","工作室 |            
            小小龙儿","工作室 |            
            小小龙儿","个人 |            
            慕容苓泽",500,软文发布
【软文发布】博客发布，每稿10元,https://task.epwk.com/721773/,2291,34,¥500,网络推广达人,￥ 500,￥220,2019/3/14,每个博客三篇文章一稿具体操作在附件一个一品账号只能交稿一次。,任务编号：721773,"工作室 |            
            小小龙儿","工作室 |            
            创意轩",zly1983426,o5c8863900c792,叶宇韩,qwepoi2008,o5c8863900c792,qwepoi2008,"工作室 |            
            创意轩",可可谷谷,500,软文发布
【爱情表白】情人节求祝福 1稿4元 求助,https://task.epwk.com/710200/,5668,63,¥500,o5b62bd250ad65,￥ 500,￥366.96,2019/2/12,1.贴合所要表达的爱情祝福主题： 2.文字创新，不落俗套，不得抄袭： 3.内容如下：你好，我是来自某地的XX，代政政，祝喆喆情人节快乐 晚点遇见你没关系 但愿余生都是你：（自由发挥最好）4.时间限制：2019年2月14日，早上05:21  发送，其他时间发送不算 5.若对方短信回复时无需回复，请大家保密，不要透漏一品威客网发布的信息，再次拜谢！6.短信接收人号码：13601981031 最后，感谢热心人帮忙。 7.一个手机号仅限发送一次8.审核标准：截图为证，带有内容和一张发送成功（或定时发送成功）且带号码的截图发送情人节祝福短信 希望给个惊喜 谢谢各位好心威客,任务编号：710200,"个人 |            
            slosao","工作室 |            
            luo0710",飘飘又渺渺,"工作室 |            
            luo0710","个人 |            
            slosao",亲亲宝贝儿,o5c626d7276c25,亲亲宝贝儿,田心个人工作室,zyl0958,500,爱情表白
【纪念日祝福】短信祝福,https://task.epwk.com/710119/,5219,70,¥642,o5c628aa27f082,￥ 642,￥243,2019/2/12,1、我和女友异国恋  我想在2月14日早上7时28分给她送去短信祝福！2、祝福的内容是：傻猪  情人节快乐！！！我不能陪你的日子里  你要好好的照顾自己！！！   等我们熬过最难熬的日子  就永远在一起！！！3、她的电话：0060127797655   需要用不同的手机号给她发214条短信4、一个手机号只能发送一条5、发送时间：必须要在2月14日早上7时28分，不能早不能晚。6、审核标准：截图为证，带有内容和一张发送成功（或定时发送成功）且带号码的截图,任务编号：710119,"工作室 |            
            绿芽精致工作室","工作室 |            
            小兰君文案策划",a1596740313,o5c62f8121ba59,skaterAB,o5c6024b6e6daf,"工作室 |            
            芝麻酱",o5c25e17a59ee9,o5c636e94bc4a9,飘飘又渺渺,642,纪念日祝福
【生日祝福】今天发送生日祝福，3元一稿，各位友友给力！,https://task.epwk.com/698248/,3572,49,¥500,o5c2831d7e6ecc,￥ 500,￥186.48,2018/12/30,2018年12月30日，就是今天，我想让她收到天南地北的祝福。1、我朋友的电话：15823029272，一个一品账号限发一次，谢谢！重复无效2、发布时间：今天下午3点到10点。3、短信内容：小凤你好，我是来自XXXX的XXX(地名和称呼自行发挥)，受你的朋友汪汪所托，为你送上生日祝福，祝你生日快乐，一生平平安安，每天快快乐乐，（另加一句任意祝福语，越温馨越好）！！4、发送时间要核实好，一定要定时发送哦。若她有回复，请不要回复她的短信。5、审核标准：截图为证， 带有内容和一张发送成功（或定时发送成功）且带号码的截图。感谢大家的支持！,任务编号：698248,"工作室 |            
            luo0710","个人 |            
            slosao","个人 |            
            denglong",四川曾先生,mf159****8041,乔伊伊,四川曾先生,mf159****8041,晨曦小清新,何何荷呀,500,生日祝福
【生日祝福】生日祝福短信发送，每稿3元,https://task.epwk.com/692178/,3505,31,¥500,mgj12****789,￥ 500,￥141.47,2018/12/18,1.2018年12月20日（农历11月14）是我心爱的女生生日，我希望用一个特殊的方式去送给她祝福与感动，望大家帮助一下。2.短信发送时间：2018年12月20日（农历11月14）凌晨0：01到9：003.短信内容：亲爱的郭馥瑗女士，我是来自某地的某某，受毛冠军之托向您表示祝福，祝你生日快乐，（然后中间加一段30字以上的祝福语），最后，祝你们能够相爱永远，白头偕老。4.她的号码：185856161065.短信一定要在规定发，中间祝福语尽量的多点就好了提供发送的记录截图交稿，发送时间要在2018年12月20日（农历11月14）凌晨0：01到9：00。（不是这个时间段内发布的无效）。要显示发送时间一个一品账号限参加一次。,任务编号：692178,o5c17a14b844a7,hy云卷云舒,o5c18feb836a41,o5c19a1347fc6b,o5c0f50ffe35c0,大脸小小怪,Chen_雪,捕风的女子,悠然一品,电脑出租,500,生日祝福
【生日祝福】生日祝福短信，一稿3元,https://task.epwk.com/667275/,4031,44,¥500,o58fc8cdd3a441,￥ 500,￥120.4,2018/10/7,1.2018年10月9日是我一个一直爱着的女生生日，我想给她份惊喜与感动，给她一次难忘的生日祝福，希望能够得到全国各地朋友的祝福。2.内容如下：苟雨洁，我来自于某某地方，受一位路人所托我代表某某全市人民祝你生日快乐。（剩下的部分自由发挥吧，大概十几字就足够了，一定要有祝福她的话）一定要写点哦3.保密，如果对方询问   一定不要回复  或做任何回答4.发送时间：短信于10月9日 凌晨00.05-23.50时间段，随意选个时间送祝福。一定要10月9日定时发送，千万不要提前或晚发哦，时间过了就直接不发了，谢谢朋友们了。还有就是阳历（10月9号），记住是阳历 不懂这些的就不用来了。5.祝福语新颖有创意，不落俗套，能表达我对她心意的，若有回复，请务必不要回复短信！6.审核标准：截图为证，带有内容和一张发送成功（或定时发送成功）且带号码的截图。感谢大家的支持！7.她的手机号：13738490805，一个号码只限发一次哦！8.希望她生日那天可以收到各位朋友的祝福，在此先感谢大家的帮忙了！,任务编号：667275,"个人 |            
            denglong",悠然一品,o5bbaf422bf1f7,wei1093539166,非影腾龙123,mf159****8041,躲在树下看蛐蛐,破耳朵,o5ac78ace46165,yuewu,500,生日祝福
【生日祝福】给未来老公征集全国生日祝福，一稿5元（日期10.3号）,https://task.epwk.com/665469/,3807,54,¥500,亲爱的小五,￥ 500,￥275,2018/9/29,首先告诉大家一个好消息：2018.10.7是我和我老公结婚大喜之日，转眼婚期将至10.3号又刚好是他生日，想在结婚前给他一个有意义的生日，希望能得到全国各地朋友们的祝福，最好能征集到34个省份的祝福语，谢谢大家~~1、请帮忙要发祝福的朋友们加上我的微信：qzdhxmz，或者qq：371818267，加的时候说明是哪个省份送祝福的，，通过后我会把他的号码发给你2、发送时间：10.3号00.00-23.59（时间很重要，一定要在那天发，不要提前或延迟哦，我想刚过凌晨12点的时候就让他收到祝福，所以这个时间段我会多选择些祝福语）其他的24小时内任意时间段都可以发送，因为我想让他一整天都被幸福包围着3、对方有回复或者回电，请不要接听或者回复短信4、短信格式：亲爱的辉辉同学，生日快乐。我是来自XX城市的XX，受你家最亲爱的小五之托送上最真挚的祝福，她说：有你在，就会有未来，感谢遇见你+自由发挥，因为我们要结婚了，也可以加点对我们的祝福之类的话语，内容要真诚真挚，一定要自己写的，不能随便在百度上复制抄袭5、一个号码只限一次，同一个威客ID帐号仅限参与一次。祝福语可不要一样哦6、审核标准：请在稿中回复，截图为证， 带有内容日期时间和一张发送成功（或定时发送成功）且带号码的截图。感谢大家的支持！ ！同时也祝为我投稿的人爱情美满，全家幸福,任务编号：665469,"工作室 |            
            力旦工作室",断剑,o5b14a87327b63,o5b14a87327b63,mf159****8041,Pistache,靳老师,"工作室 |            
            绿芽精致工作室",slgoahead,段文博好帅,500,生日祝福
【生日祝福】生日祝福短信，一稿3元,https://task.epwk.com/664776/,4024,45,¥500,o58fc8cdd3a441,￥ 500,￥141.47,2018/9/27,1.2018年10月9日是我一个一直爱着的女生生日，我想给她份惊喜与感动，给她一次难忘的生日祝福，希望能够得到全国各地朋友的祝福。2.内容如下：苟雨洁，我来自于某某地方，受一位路人所托我代表某某全市人民祝你生日快乐。（剩下的部分自由发挥吧，大概十几字就足够了，一定要有祝福她的话）一定要写点哦3.保密，如果对方询问   一定不要回复  或做任何回答4.发送时间：短信于10月9日 凌晨00.05-23.50时间段，随意选个时间送祝福。一定要10月9日定时发送，千万不要提前或晚发哦，时间过了就直接不发了，谢谢朋友们了。还有就是阳历（10月9号），记住是阳历 不懂这些的就不用来了。5.祝福语新颖有创意，不落俗套，能表达我对她心意的，若有回复，请务必不要回复短信！6.审核标准：截图为证，带有内容和一张发送成功（或定时发送成功）且带号码的截图。感谢大家的支持！7.她的手机号：13738490805，一个号码只限发一次哦！8.希望她生日那天可以收到各位朋友的祝福，在此先感谢大家的帮忙了！,任务编号：664776,"个人 |            
            denglong","工作室 |            
            道乐推广旗舰店","个人 |            
            依然选择你",o5ba58c27d7cab,水寿,Pistache,亲亲宝贝儿,"个人 |            
            一颗冰心","个人 |            
            一颗冰心",mf159****8041,500,生日祝福
【爱情表白】送给女朋友全国各地好朋友的创意视频祝福,https://task.epwk.com/651594/,3701,7,¥500,悠幽传奇,￥ 500,￥5,2018/8/21,各位朋友，大家好，在这里寻求你们的帮助。女朋友马上过生日了，平时没能好好照顾她，所以趁此机会收集来自全国各地的朋友们的祝福视频。1、用手机自拍录制几秒钟的小视频，视频内容为：露露你好！我是来自XX省XX市的XX（可不用实名），你的他让我祝福你，祝你生日快乐！天天开心（也可自由发挥）2.要求：（1）吐字清晰有感情（2）视频需要您真人出境，可以有其他拍摄想法，可以加微信沟通18712772191，效果好有额外红包哦另外承诺：您的视频仅限用于好友祝福，绝不公开或者上传至网络平台。交稿要求：拍完视频可发送到邮箱1315416384@qq.com，然后发送记录以及发件邮箱提交到一品威客,任务编号：651594,Regina1,,,,,,,,,,500,爱情表白
【爱情表白】七夕短信发送，一稿5元,https://task.epwk.com/649394/,4787,25,¥500,serkxiaohao,￥ 500,￥130,2018/8/15,"由于七夕情人节要到，希望朋友们帮助送短信祝福!  任务要求1.表达自己的爱情宣言和对我俩的爱情祝福2.表达我对她深深的爱恋，很珍惜这得之不易的幸福3.文字有创新，不落俗套，不得抄袭,不得重复4.内容举例说明如下:你好，我是来自某地的XX，受你的男朋友钟学亮所托向你送来情人节祝福，他想告诉你：虽然我不懂得什么给惊喜，不懂得浪漫，平时不够细心对待你，但是以后的日子，我会更加用心呵护你，爱你，永远！ （我叫钟学亮，她叫李榆菲）5.发送时间限制：2018年8月17日20.00至22.00，其他时间发送送恕不采纳！发送时间一定核实好，千万不要提前发送,切记6.短信接收人号码看附件.切勿回复或接听电话，请大家保密，不要透漏一品威客网发布的信息，拜谢！7审核标准：截图为证， 一个电话号码只能提交一个稿件，交稿提交截图,截图请带有内容 日期和成功发送页面8.需要自己创作，不可抄袭",任务编号：649394,o59c75e638065d,安安小暑,mf159****8041,o5b263ee971041,o5b263ee971041,cn12345,mf159****8041,爱学习的小吃货,o5b76511bbe7a9,mf138****2603,500,爱情表白
【爱情表白】录制送给女朋友视频祝福,https://task.epwk.com/637199/,3390,3,¥500,seeya11,￥ 500,￥50,2018/7/14,各位朋友，大家好，在这里寻求你们的帮助。和女朋友感情比较稳定了，需要进一步升温。所以想送她来自全国各地的你们的祝福。录制15秒左右的视频。1、手持纸板或卡片，在当地标志性朝阳筑，或能看出来是哪里的建筑物前拍一张照片。纸板或卡片上文字内容的大概意思就是祝福恋人之间的爱情，可自由发挥，言简意赅。同时口述内容为；朝阳，你好！我是来自XX省XX市的XX（可不用实名），你的他让我转告你，他会陪你，爱你，宠你，一直到老 。。。后面可以自由发挥。2.要求：（1）卡片字体可自由设计，内容可以添加自由发挥；（2）照片需要您真人出境，手持卡片或纸板，背景不一定高大尚，但是看起来舒服，惬意。3.大家拍的视频为MP4格式，发到邮箱1083204847@qq.com.并且提供邮箱号到一品威客上交稿。备注：需要在7月20号下午六点之前发送视频到邮箱才算。,任务编号：637199,Tournesol,o5b4db97ab0a49,,,,,,,,,500,爱情表白
【其他】公司发布会，征集祝福视频，每稿10元,https://task.epwk.com/633166/,3076,3,¥500,o5b3c6d1095df0,￥ 500,￥10,2018/7/4,公司新产品发布会，要找一些美女自拍录视频送祝福。自拍要求：女性，年龄不限，妆化需求：要求化妆出镜，不能素颜，拿着手机竖着自拍录一句话（不要横拍）自拍角度：参考附件要录的话：8月2日真库城堡之夜不见不散（是录视频，录视频，录视频，不是自拍照片）视频内容请发送至 qq：82245141@qq.com，另外提交视频截图进行交稿，以便点评。,任务编号：633166,werew,,,,,,,,,,500,其他
"【软文发布】计件发帖,一稿3元",https://task.epwk.com/624543/,3422,5,¥500,bdmingen,￥ 500,￥156.52,2018/6/10,1.发微博，或金融财经类论坛贴。论坛需有一定知名度。站点访问量过低和收录差的站点不予通过。2.所发贴需保证15天不删除。3.本次发帖不需要加上任务联系方式。4.不得出现任何其他的广告，否则不予通过。5.所发文章不得出现侵权。任务详情请看附件。投稿请提交发帖链接。,任务编号：624543,"工作室 |            
            小小龙儿",mf159****8041,rfgddfgd,rfgddfgd,"个人 |            
            论坛发帖推广 分类信息发帖网易博客分类信息推广纯手工发帖",rfgddfgd,rfgddfgd,rfgddfgd,rfgddfgd,rfgddfgd,500,软文发布
【爱情表白】送给女朋友各个省份的创意照片祝福,https://task.epwk.com/620010/,3835,6,¥500,苏子陌,￥ 500,￥25,2018/5/30,各位朋友，大家好，在这里寻求你们的帮助。和女朋友感情比较稳定了，需要进一步升温。所以想送她来自全国各地的你们的祝福。1、手持纸板或卡片，在当地标志性建筑，或能看出来是哪里的建筑物前拍一张照片。纸板或卡片上文字内容为：朦女神你好！我是来自XX省XX市的XX（可不用实名），你的他让我转告你，他会陪你，爱你，宠你，一直到老 。2.要求：（1）卡片字体可自由设计，内容在以上文字的基础上，可以添加自由发挥；（2）照片需要您真人出境，手持卡片或纸板，背景一定要是能展示您所处省市的标志性建筑物。3.大家把拍好的照片，发到邮箱taichangle@126.com，备注好您的一品威客ID。4.时间紧急，请各位朋友帮忙，谢谢！。,任务编号：620010,o5b0d7f1dba296,,,,,,,,,,500,爱情表白
【爱情表白】五月二十号祝福短信,https://task.epwk.com/613714/,5166,111,¥500,o5af8625b059d9,￥ 500,￥399.96,2018/5/14,五月二十号给女朋友的祝福短信！  和女朋友刚在一起一个月，异地还是大学生活，之前高中同学，但是中途发生了一些事情，大学后才在一起了，因为异地她很缺乏安全感，但是我们对未来有很长远的打算。 短信内容:小番茄你好！我是来自**省**地的**，在此给你和你的豆豆送上节日祝福+（祝福语，内容可以参考第一条的大致说明）要求：1、 发送时间:2018年5月20号17:20，时间不过早或者过迟。2、 若有回复，请不做理会。手机号码188519651213、审核标准:截图为证，带有一张发送成功（或者定时发送成功）且带号码的截图。4、一个手机号只能发送一条，发送多条无效 希望我们可以收到各位的祝福，感谢前来祝福我们的朋友！ 感谢大家的支持！,任务编号：613714,"个人 |            
            denglong",o5af950ed4913b,轻笔点风11,振天羽翼,亲亲宝贝儿,妄念姑娘,o5ab3ddbc8ee56,拼凑不成,mf159****8041,小小CCE,500,爱情表白
【软文发布】论坛发帖任务，5元一贴，快审，简单容易操作.,https://task.epwk.com/610666/,2984,5,¥500,haloxu518,￥ 500,￥420,2018/5/6,"任务需求1、帖子标题以文档内标题为准，发帖成功存活15天不被删有效！2、请勿重复提交相同稿件,,和直接窃取其它服务商稿件,发现者直接举报.3：如果有文笔更好的，可以适当修改稿件内容，需保留花儿财经的信息，不能加入其他广告信息。4、网址链接最好保留，如果论坛要求严格可以删除链接，但花儿财经的相关信息必须保留。5：交稿方式，稿子下方注明自己的用户ID，发稿时间　发布成功的链接 以及截图（发布成功的截图图片），这样快审核谢谢配合，防止有人复制他人链接交稿，重复提交同样链接无效 。,1、帖子标题以文档内标题为准，发帖成功存活15天不被删有效！2、请勿重复提交相同稿件,,和直接窃取其它服务商稿件,发现者直接举报.3：如果有文笔更好的，可以适当修改稿件内容，需保留花儿财经的信息，不能加入其他广告信息。,4、网址链接最好保留，如果论坛要求严格可以删除链接，但花儿财经的相关信息必须保留。,5：交稿方式，稿子下方注明自己的用户ID，发稿时间　发布成功的链接 以及截图（发布成功的截图图片），这样快审核谢谢配合，防止有人复制他人链接交稿，重复提交同样链接无效 。",任务编号：610666,mf159****8041,mf159****8041,mf159****8041,"工作室 |            
            小小龙儿","工作室 |            
            小小龙儿","工作室 |            
            小小龙儿","工作室 |            
            小小龙儿",mf159****8041,"工作室 |            
            小小龙儿",mf159****8041,500,软文发布
【软文发布】豆办回答，操作一分内搞定，快审,https://task.epwk.com/608582/,908,0,¥500,o5a66d384d5835,￥ 500,,2018/4/30,第一　https://www.douban.com/group/topic/77506352　打开链接第二：在上面的链接中回答问题（问题在附件中直接粘上去就可以，附件中图片也要上传上去）第三：回答的问题　至发布成功日起　存活五天为有效贴子　且回答的内容不可折叠否则计为无效第四：交搞方式，提交你回答上去的用户ＩＤ+截图（截图为你发上去的内容的图片截图）　否则视为无效贴,任务编号：608582,,,,,,,,,,,500,软文发布
【软文发布】论坛发帖，内容自己发挥，一贴5元,https://task.epwk.com/607145/,2092,2,¥500,o5ad8291a53852,￥ 500,￥45,2018/4/26,通过八图片平台，生成加密的图片，然后发布到各种中小型的论坛上。先到这里注册： http://web.8tupian.com/index.php/register.html?u=430 成为我的下线注册好之后，上传图片，生成加密的二维码图片，在图片管理中，复制图片的网络地址，通过这个网络地址，以网络图片的形式，发布到论坛上。可以新发帖，也可以回帖。必须24小时内没有被删除，而且有人支付，才算合格。这里有两个例子，大家可以参照一下：http://t.cn/RuI5pXm  http://t.cn/RuI51n8  具体的创意大家可以自己想，原则就是，没有被删除，创意越好，支付的人越多，质量就越高。发布成功后，提供帖子的地址和截图，我会根据帖子的质量，支付佣金。具体的操作方法，在附件中，可以查看。注意： 有些论坛不适合发布，比如天涯，百度贴吧等。因为它们对网络图片进行了本地化存储，一定要发布在支持网络图片并且图片的网络地址不会发生变化的论坛。具体的检查方法，附件中有详细的说明。发布错了，没有佣金，所以请一定要仔细阅读附件中的内容。,任务编号：607145,"工作室 |            
            小小龙儿",rfgddfgd,rfgddfgd,rfgddfgd,rfgddfgd,rfgddfgd,rfgddfgd,rfgddfgd,rfgddfgd,,500,软文发布
【软文发布】发帖任务，3元一贴，快审　简单容易操作,https://task.epwk.com/604851/,3367,5,¥500,o5a66d384d5835,￥ 500,￥15.05,2018/4/20,"1、发贴网站必须权重大等于三，，标题关键字和内容以及附件图片都必须全部上全，不可漏下，否则不合格（权重以站长工具为主）2、帖子标题以文档内标题为准，发帖成功存活5天不被删有效！3、内容详见附件，按附件排版要求内容全部要上传上去，无需登陆即可看到，页面完整，清晰4、请勿重复提交相同搞件,,和直接窃取其它服务商搞件,发现者直接举报,,所有提交搞件全部不合作附件中的内容关键字,,图片必须全部带上，不可少（否则视为不合格）5：可以适当修改文件内容，不过大意不可变，标题不可变，联系方式等绝对不可变6：交搞方式，稿子下方注明自己的用户ID，发搞时间　发布成功的链接 以及截图（发布成功的截图图片）缺一不可，这样快审核谢谢配合防止有人复制他人链接交稿。未注明的一律不合格，重复提交同样链接无效 　（请严格按照以上操作否则为不合格搞件重点）7　附件内容我们也有提供多个链接　如果是在上面的其中一个链接中发布被收录了，也同样为合格搞件",任务编号：604851,"个人 |            
            madk1102","个人 |            
            论坛发帖推广 分类信息发帖网易博客分类信息推广纯手工发帖","个人 |            
            论坛发帖推广 分类信息发帖网易博客分类信息推广纯手工发帖","个人 |            
            论坛发帖推广 分类信息发帖网易博客分类信息推广纯手工发帖","个人 |            
            论坛发帖推广 分类信息发帖网易博客分类信息推广纯手工发帖",,,,,,500,软文发布
【软文发布】知乎任务回答，操作一分内搞定,https://task.epwk.com/604735/,2798,12,¥500,o5a66d384d5835,￥ 500,,2018/4/20,第一　https://www.zhihu.com/question/22250815　打开链接第二：在上面的链接中回答问题（问题在附件中直接粘上去就可以，附件中图片也要上传上去）第三：回答的问题　至发布成功日起　存活五天为有效贴子　且回答的内容不可折叠否则计为无效第四：交搞方式，提交你回答上去的用户ＩＤ+截图（截图为你发上去的内容的图片截图）　否则视为无效贴,任务编号：604735,,,,,,,,,,,500,软文发布
【软文发布】高权重发贴，审核快，简单操作,https://task.epwk.com/601134/,1056,2,¥500,o5a66d384d5835,￥ 500,,2018/4/11,"1、必须被百度收录才算合格贴子，标题关键字和内容以及附件图片都必须全部上全，不可漏下，否则不合格2、帖子标题以文档内标题为准，发帖成功存活五天不被删有效！3、内容详见附件，按附件排版要求内容全部要上传上去，无需登陆即可看到，页面完整，清晰4、请勿重复提交相同搞件,,和直接窃取其它服务商搞件,发现者直接举报,,所有提交搞件全部不合作附件中的内容关键字,,图片必须全部带上，不可少（否则视为不合格）5：为确保百度收录，可以适当修改文件内容，不过大意不可变，标题不可变，联系方式等绝对不可变6：交搞方式，稿子下方注明自己的用户ID，发搞时间　发布成功的链接 以及截图（发布成功的截图图片）缺一不可，这样快审核谢谢配合防止有人复制他人链接交稿。未注明的一律不合格，重复提交同样链接无效 　（请严格按照以上操作否则为不合格搞件重点）",任务编号：601134,,,,,,,,,,,500,软文发布
【软文发布】简单百度贴吧发贴10次,https://task.epwk.com/599818/,999,1,¥500,mpcms,￥ 500,,2018/4/8,简单任务，只要发成功就付费。财经类贴吧都可以，如：股票、炒股、A股、基金、期货吧1、百度贴吧搜索关键字:  股票、炒股、A股、基金、期货等关键字，进入贴吧。２、发贴，内容如下如附件3、图片和文字可任选4、帖子标题：《资产配置成功秘笈》-大师免费教你100万的升值干货5、审核标准，发帖成功，保留一天就算,任务编号：599818,,,,,,,,,,,500,软文发布
【软文发布】高权重论坛，Ｂ2Ｂ，社区发贴,https://task.epwk.com/599525/,698,0,¥500,o5a66d384d5835,￥ 500,,2018/4/7,"1、权重大等于四，且必须被百度收录才算合格贴子，标题关键字和内容以及附件图片都必须全部上全，不可漏下，否则不合格（权重以站长工具为主）2、帖子标题以文档内标题为准，发帖成功存活5天不被删有效！3、内容详见附件，按附件排版要求内容全部要上传上去，无需登陆即可看到，页面完整，清晰4、请勿重复提交相同搞件,,和直接窃取其它服务商搞件,发现者直接举报,,所有提交搞件全部不合作附件中的内容关键字,,图片必须全部带上，不可少（否则视为不合格）5：为确保百度收录，可以适当修改文件内容，不过大意不可变，标题不可变，联系方式等绝对不可变6：交搞方式，稿子下方注明自己的用户ID，发搞时间　发布成功的链接 以及截图（发布成功的截图图片）缺一不可，这样快审核谢谢配合防止有人复制他人链接交稿。未注明的一律不合格，重复提交同样链接无效 　（请严格按照以上操作否则为不合格搞件重点）7　附件内容我们也有提供多个链接　如果是在上面的其中一个链接中发布被收录了，也同样为合格搞件",任务编号：599525,,,,,,,,,,,500,软文发布
【百科/问答撰写】答题任务，简单易做，4元一单,https://task.epwk.com/599496/,5310,8,¥500,风尘,￥ 500,,2018/4/7,1.  加微信：baobaojia99  通过好友请求后，会给你发个简单的问答题，进行答题后截图2.  提交后会看到“打开APP写回答赚现金”几个大字然后点击进入，进入APP后截图一下你的个人主页既可注：答题需要100个字以上，要原创有创意不能抄袭，通过达标的会显示答题奖励红包为5元以上,任务编号：599496,,,,,,,,,,,500,百科/问答撰写
【软文发布】高权重发贴，审核快，简单操作,https://task.epwk.com/595066/,1142,1,¥500,o5a66d384d5835,￥ 500,,2018/3/26,"1、权重大等于五，且必须被百度收录才算合格贴子，标题关键字和内容以及附件图片都必须全部上全，不可漏下，否则不合格（权重以站长工具为主）2、帖子标题以文档内标题为准，发帖成功存活十天不被删有效！3、内容详见附件，按附件排版要求内容全部要上传上去，无需登陆即可看到，页面完整，清晰4、请勿重复提交相同搞件,,和直接窃取其它服务商搞件,发现者直接举报,,所有提交搞件全部不合作附件中的内容关键字,,图片必须全部带上，不可少（否则视为不合格）5：为确保百度收录，可以适当修改文件内容，不过大意不可变，标题不可变，联系方式等绝对不可变6：交搞方式，稿子下方注明自己的用户ID，发搞时间　发布成功的链接 以及截图（发布成功的截图图片）缺一不可，这样快审核谢谢配合防止有人复制他人链接交稿。未注明的一律不合格，重复提交同样链接无效 　（请严格按照以上操作否则为不合格搞件重点）",任务编号：595066,,,,,,,,,,,500,软文发布
【软文发布】征求网站人工点评，1分钟送您5元,https://task.epwk.com/592082/,3042,58,¥500,大唐天下,￥ 500,￥500,2018/3/18,由于我公司网站赢方体育上线，需要在360网站点评里进行点评，网址：https://yx.360.cn/impression/winfun.cn。要求：1. 有360账号。如没有可新注册一个。2. 点评内容20-300字以内，要求与体育有关，与赢方网站有关，与足球有关即可。要求客观看起来真实。3. 点评完成后，发送截图。经我方验证，即可付5元（一品威客发放）4. 点评地址：https://yx.360.cn/impression/winfun.cn南京赢方体育文化传播有限公司联系人：台先生电话：13188717223,任务编号：592082,"工作室 |            
            时辰网络推广","工作室 |            
            炒年糕不加辣","工作室 |            
            炒年糕不加辣","个人 |            
            饼干工作室",一品鸿轩,K一Sir,wu472471356,"个人 |            
            一颗冰心",liu3941,亲亲宝贝儿,500,软文发布
【爱情表白】情人节给女朋友短信惊喜 每条4元,https://task.epwk.com/582394/,5501,27,¥520,时先生V,￥ 520,￥144,2018/2/13,"1.内容格式：程程，相爱相知781天，你就是我心中的栀子花，你的热情让我满心欢喜，你的娇羞让我如痴如醉，惟愿我们做彼此一生的守候，让我带给你一辈子的温暖~    我是来自XX地的XXX   +（此处自由发挥）+祝你们情人节快乐，有情人终成眷属哦！2.发送时间：2018年2月14日中午12点-----晚上12点，不在此时间范围内发送者无效哦3.发送对象号码：131320081174.审核标准：截图为证， 一个电话号码只能提交一个稿件，交稿提交截图,截图请带有内容 日期和成功发送页面   请附上手机尾号4位数5.备注：切勿回复短信或接听电话，请大家保密，不要透漏一品威客网发布的信息，一旦发现会举报，拜谢！我需要36份稿件（短信），多的稿件无效哦！以交稿顺序为准。一个一品id限参与2次。和女朋友异地，有过很多争吵，也有特别多的甜蜜，现在感情很稳定，各位亲们谢谢啦！！",任务编号：582394,o59a427ed3801d,刻爱,败笔的红尘,刻爱,在路上mass,"个人 |            
            红利工作室","个人 |            
            一颗冰心","个人 |            
            一颗冰心",亲亲宝贝儿,MYcentro,520,爱情表白
【百科/问答撰写】答题任务，简单易做，4元一单,https://task.epwk.com/580516/,4533,19,¥500,风尘,￥ 500,￥24,2018/2/5,1.  加微信：baobaojia99  通过好友请求后，会给你发个简单的问答题，进行答题后截图2.  提交后会看到“打开APP写回答赚现金”几个大字然后点击进入，进入APP后截图一下你的个人主页既可注：答题需要100个字以上，要原创有创意不能抄袭，通过达标的会显示答题奖励红包为5元以上,任务编号：580516,Yuki设计,冯宝宝,一个木东,"工作室 |            
            路人第三",李家的喵,slgoahead,,,,,500,百科/问答撰写
【生日祝福】发送生日祝福，三元一稿,https://task.epwk.com/574897/,6694,28,¥500,要的就是信誉,￥ 500,￥499.95,2018/1/18,"给女友生日祝福,时间紧急，一稿三元1.希望能够得到全国各地朋友的祝福，让她感觉到幸福。谢谢你们2.短信内容：亲爱的飞儿，生日快乐！我是来自XX省XX地的XX，在此代表你的进儿送来了生日祝福+详细祝语+祝福我们的话（大家自由发挥，不要套俗套，才显得有诚意嘛）内容不要重复哦！结束语自由发挥----加急啊伙伴们在线等3.发送时间：短信2018年1月21日，时间晚上20：00送祝福，时间过早或过迟不予合格。4.若有回复，请不回复短信！5.审核标准：截图为证， 带有内容和一张发送成功（或定时发送成功）且带号码的截图。感谢大家的支持！6.我女朋友手机号：18484629298 一个号码只限发一次哦！三元一条。7.希望她生日可以收到各位朋友的祝福，在此先感谢大家的帮忙了",任务编号：574897,"个人 |            
            那一片云","个人 |            
            一颗冰心","个人 |            
            一颗冰心",flutter,Dickens,o5a63307f984f4,亲亲宝贝儿,o59fd3a74ab2dc,南城北巷,南城北巷,500,生日祝福
【生日祝福】500 给兄弟生日祝福，一稿三元,https://task.epwk.com/570779/,4027,26,¥500,hexia953,￥ 500,￥102.34,2018/1/6,今天一个好兄弟过生日，2018年1月6日，我想请大家帮我给他发条祝福短信。时间必须按我说的来，我希望在她生日的的时候能收到100个祝福。在这里谢谢大家了哈！并预祝大家新年快乐！给力！给力！1、时间：2018.1.6(17:00-24：00)-发送时间2、短信内容：“Hi 海滔！我是来自xx（城市）的xx（你的名字，不要求真实，有个就好)，我代表 贺夏 祝你生日快乐！ 自由发挥的祝福（最好有新意）也别太短....注：是个体老板，不是学生”3、他的手机号：【15751253333】4、审核标准：截图为证，带有内容和一张发送成功（或定时发送成功）且带号码的截图一个手机号码限参加一次。一个一品id最多可参与三次。,任务编号：570779,wang95819,一蓑烟雨任平生9,一日不见兮,unique2,slgoahead,梦醒文案,yaoyaoyao111,"个人 |            
            浩浩荡荡","个人 |            
            浩浩荡荡","个人 |            
            一颗冰心",500,生日祝福
【生日祝福】生日求祝福,https://task.epwk.com/564455/,5089,29,¥500,微笑的美丽麻麻,￥ 500,￥27.09,2017/12/18,亲们 男朋友12.23生日 想求祝福 称呼可以是 岩哥哥 郭小黑 或者 小黑   然后是祝福 就是爱你 祝福之类的 最后统一附上一句话如果可以，请允许我一直这样爱着你。 署名 yours 孙小白    要求发送时间是：12月23日  请在发送短信之前联系我交稿：提交截图以及QQ号。,任务编号：564455,房东家的猫,wangkuanzi,蝴蝶自来,早起的虫子,o59ae571f26642,CC澈澈,醉狸是狸,展翅高飞427,房东家的猫,,500,生日祝福
【生日祝福】征集生日祝福,https://task.epwk.com/558948/,5282,23,¥500,hongtao1547,￥ 500,￥499.66,2017/12/1,一个心爱的人2017年12月2号生日了，我想请大家帮我给她发条祝福短信。时间必须按我说的来，我希望在她生日的的时候能收到166个祝福。在这里谢谢大家了哈！并预祝大家新年快乐！给力！给力！1、时间：2017.12.2 (00:00-21：00)-发送时间2、短信内容：“Hi 亭亭！我是来自xx（城市）的xx（你的名字，不要求真实，有个就好)，我代表 文鸿韬 祝你生日快乐！ 自由发挥的祝福（最好有新意）也别太短....”3、她的手机号：【18358507880】4、审核标准：截图为证，带有内容和一张发送成功（或定时发送成功）且带号码的截图,任务编号：558948,"个人 |            
            那一片云","个人 |            
            雪冰乐总站","个人 |            
            那一片云","个人 |            
            那一片云","个人 |            
            浩浩荡荡","个人 |            
            那一片云","个人 |            
            浩浩荡荡",Rebeccaliah,"个人 |            
            一颗冰心",君家老五,500,生日祝福
【项目策划】官方任务：产品升级思路征集 一品威客“御用产品人”招募,https://task.epwk.com/549264/,7606,11,"¥1,000",七七sweet,￥ 1000,￥200,2017/11/1,背景情况：一品威客网处于升级新阶段，寻求多元化发展道路。现就新产品思路发布任务征集，寻求广大有能之士参与，思维碰撞，各抒己见。征集内容：整合一品威客现有资源（包含但不限于企业客户资源、雇主威客资源、平台推广资源、各地加盟商资源），思考一品威客未来产品思路，完成文档提案。简介：一品威客网（www.epwk.com）是国内领先的新型创意托付式服务平台，于2010年7月1日上线运营。目前拥有超1400万注册用户，成功服务超百万级的各类机构、单位和个人雇主。平台以分享经济发展模式，对社会资源进行撮合匹配，为国内千万级企业提供一站式的、全生命周期的、涵盖企业注册、财税服务、创意设计、软件开发、商标注册及知识产权保护、营销推广等在内的创意众包服务。征集要求：1、能有效最大限度利用一品威客现有产品线积累的客户。以他们为目标客户，提供产品思路。2、能适用于各规模公司企业，有宽泛的用户基础，尽量避免特定小众的客户群体。3、能对一品威客现有产品线有优化或者提升意义，能相互促进，良性循环。4、思路方向建议：提升企业客户工作效率、解决企业客户日常工作中的技术难点、提供企业客户运营等技术支持。5、新产品要注重低开发运营成本，能快速投入进行市场验证。6、提案内容需要阐述清楚：产品理念、产品说明、商业模式、产品优势与挑战，并附上思维导图。否则算无效稿件。7、如若能附上个人/团队简历一份，更能获得选稿官的青睐。8、请以word文档形式附件上传提案作品，谢谢合作。9、中标威客可以成为一品威客网产品外援智囊团成员，与一品威客网共同参与研发新产品，为新产品上市提供助力。10、根据方案内容情况，中标威客有机会获得补充奖励：现金、平台广告资源、任务推送特权、增值服务等。咨询QQ：2387489015备注：一品威客网现有产品线：VIP产品/一品通、一品标局、有其屋、一品财税、一品同城等。更多了解请看：VIP商铺：http://www.epwk.com/vip/ 一品通：http://www.epwk.com/eptong.html一品标局：http://www.epbiao.com/有其屋装修网：http://www.youqiwu.com/一品财税：http://cs.epwk.com/一品同城：http://www.epwk.com/eptc-view-city_index-c-350200-a-350212-page-1.html,任务编号：549264,"工作室 |            
            宏瞻网络","个人 |            
            美其名曰",,,,,,,,,1000,项目策划
【公司起名】寻找微信公众号注册可用名称,https://task.epwk.com/538638/,8740,111,¥900,ChuckM6,￥ 900,￥120,2017/9/25,要求：名称只限于，金融， 微交易， 股票，投资 这四种相关名称。且微信用微信指数搜索必须要有指数1个指数点起步。只要把可注册的相关名称发上，查询通过即为合格。一个名称3元。详情看附件,任务编号：538638,流年的青春,o59c0733cac515,"个人 |            
            快乐创意工作室",逍遥hhd,逍遥hhd,书海小主,MaryAo,MaryAo,"工作室 |            
            万思新的商铺",子书,900,公司起名
【宣传策划】软文推广，需被百度收录,https://task.epwk.com/504467/,2390,1,¥501,临渊如墨,￥ 501,,2017/5/24,"任务要求：  1帖子3元一条，要求文章必须保证7天内不被删。  2要求高流量，高权重网站，百度权重大于3，收录才算合格，收录后不被秒删。  3发论坛人气高的板块，同一论坛只能发一条，论坛不限。  4发在各大博客也可以，如新浪、网易、搜狐等大型博客，要求博客关注度高。  5发论坛人气高的板块，同一论坛，同一板块只能发一次。  6帖子必须为主题贴，回帖不算，帖子不登录可见，标题记得要换，可修改自编。  7一个推手可做多次(一个论坛算一搞,多做多赚)，达到以上要求就算有效。  8只收20个稿件，过后不算。提交发帖的链接以便审核 ，发帖前联系QQ2974835969.这边会提供发帖内容。",任务编号：504467,,,,,,,,,,,501,宣传策划
【软文发布】一稿 12元  APP下载链接和推广软文发布到微博或，美拍,https://task.epwk.com/491642/,1422,1,¥600,o58d3****340aa,￥ 600,,2017/4/12,"经三个步骤完成APP推广任务若被100名下载可赚取人民币1000元~2500元。 Step1-> 进入官网 www.cauly.com.cn 注册Step2-> 选择APP: 在官网随意选择自己喜欢的APP，复制专属它的链接，同时准备推广原创软文内容。* 选择与发布APP链接技巧: 请参考附件内容或登入官网后->在操作指南页面-> 平台示例图及创作文案技巧 客服咨询 qq:3219772632, 移动电话 18610773402 Step3->发布: 微博、美拍社交平台当中选好平台后编辑短文并与APP链接一起发布即可。     任务完成啦！是不是很简单呢？ 注意！！ 推广的APP链接每发生一次安装单价是人民币10元~25元不等哦发布的内容保持3天就算审核通过 审核条件将以下截图上传即可  1) 进入会员中心截图包含ID画面（Email地址要清晰）2) 在微博、美拍上发布的截图。3）发布的链接（重要的）， 保持3天后算审核通过",任务编号：491642,,,,,,,,,,,600,软文发布
【软文发布】一稿 7元  APP下载链接和推广软文发布到微信朋友圈上,https://task.epwk.com/491637/,1536,1,¥500,o58d3****340aa,￥ 500,,2017/4/12,"经三个步骤完成APP推广任务若被100名下载可赚取人民币1000元~2500元。 Step1-> 进入官网 www.cauly.com.cn 注册Step2-> 选择APP: 在官网随意选择自己喜欢的APP，复制专属它的链接，同时准备推广原创软文内容。* 选择与发布APP链接技巧: 请参考附件内容或登入官网后->在操作指南页面-> 平台示例图及创作文案技巧 客服咨询 qq:3219772632, 移动电话 18610773402 Step3->发布: 在微信朋友圈李编辑好的推广软文和APP链接一起发布即可。         任务完成啦！是不是很简单呢？ 注意！！ 推广的APP链接每发生一次安装单价是人民币10元~25元不等哦发布的内容保持3天 审核条件将以下截图上传即可  1) 进入会员中心截图包含ID画面（Email地址要清晰）2) 在微信朋友圈上发布的截图。",任务编号：491637,,,,,,,,,,,500,软文发布
【软文发布】APP下载链接推广 一稿9元,https://task.epwk.com/490979/,1458,3,¥500,o58d3****340aa,￥ 500,￥27.27,2017/4/10,"经三个步骤完成APP推广任务若被100名下载可赚取人民币1000元~2500元Step1-> 进入官网 www.cauly.com.cn  注册Step2-> 选择APP: 在官网随意选择自己喜欢的APP，复制专属它的链接，同时准备发布。* 选择与发布APP链接技巧: 请参考附件内容或登入官网后->在操作指南页面-> 平台示例图及创作文案技巧 客服咨询 qq:3219772632, 移动电话 18610773402 Step3-> 发布: 单选或多选微博、微信、美拍等社交平台后编辑短文并与APP链接一起发布即可。任务完成啦！是不是很简单呢？注意！！若别人通过您的APP推广链接，每发生一次安装都会有相应的奖励。审核条件（（雇主实时秒审）将以下截图上传即可1) 进入会员中心截图包含ID画面（Email地址要清晰）2) 在微博、微信、美拍等其中之一的社交平台发布的截图。",任务编号：490979,"个人 |            
            永不放弃",chens8,"个人 |            
            一颗冰心",,,,,,,,500,软文发布
【文学创作】《创客与威客》创业故事征集,https://task.epwk.com/487124/,11455,14,"¥10,000",epjuan,￥ 10000,￥8000,2017/3/27,汇聚创客和威客的集体智慧，大家一起写本创客与威客主题的书。在这本《创客与威客》新书里，创客是采取了广义的定义——用了比较有创意的模式或创新出新产品的创业者（与传统的创业者区隔开来，比如说你开了家饺子馆当自己的老板，这也是创业，但不是我们所说的“创客”）；威客也是创客当中的一种，也是创业者。 我们非常欢迎正在创业的团队把自己创业的经历、故事、经验（可供其他创客和威客学习借鉴的）写成稿件投给我们。字数可以在三千到一万左右。 我们欢迎在威客网站上业绩做的比较好的威客把自己多年来创业的故事心得经验，值得与其它威客分享的内容写成稿件投给我们，因为威客也是创客啊。 注意事项： 1、有兴趣参与任务的创客、威客不妨先沟通一下王博士（联系微信号是drwangqxm，邮箱是 1152683656@qq.com），初稿里已写好了的内容就不要重复投稿（已完成的部分会陆续在微信公众号DrwangqCHO里发布）。 2、写作的语言、文字请尽量严谨，不要口语化。写自己的创业故事也请采用第三人称而不要第一人称——也即不要满篇都是“我我我”。 引用其他文献时请注明出处——文献是指他人已经在书籍、文章、网络上发表过的作品，尊重他人知识产权，绝对不可抄袭；如果因此导致的法律纠纷，涉及的威客需要自己承担相应的法律责任。出处的格式可以找本厦大出版社的书，参考一下书后参考文献、一页底下的脚注的正规写法。 3、因此书定位主要是一本创客（包含威客）新人的入手教科书，写作时请站在创客（含威客）新人的角度考虑：一个创客菜鸟最希望在一本16万字左右的专业书籍里学习到哪些东西？尽量多分享干货、含金量高的知识点，避免空洞无物——最终计算字数时我们肯定是会把水分剔除，所以千万别注水。 4、一旦投稿者得到作品被采用的通知之后，文字的版权即归任务发布者所有，文案就会被放进书稿的初稿里，后续仍然存在被修改、删减、补充的可能。 提交方式：将你提交的文案发表在该任务中，并留下联系方式；同时把文案抄送到联系邮箱1152683656@qq.com 。 征稿要求： 1、保证内容的原创性；如果有引用其他文献的地方，请按照正规著作里面标注引用出处的标准写法在脚注里写明引用出处。 2、符合征集的内容和格式规范，请在稿件中留下您的联系方式。 征集时间：2017 年3月27日-5月15日。 入选奖励: 稿酬：创业故事入选1个（不少于3000），支付稿费400元。如果字数更多，稿费可酌情增加……注：这里的字数是按删除掉啰嗦的、无价值的字之后被采用的文字。 赠书：入选故事超过3000字的，在该书出版之后获赠1本样书。 后记里致谢：入选文案数量、质量排名在前20位的创客、威客姓名将会出现在此书后记的致谢名单里（投稿时联系方式里请留下真实姓名），将会对创客、威客自身起到很好的推广效果。 另外：未入选的稿件，只要作者允许，可以利用我们的微信公众号等自媒体平台，帮助宣传推广内容。可在投稿时特别声明自己是否愿意。 说明：投稿者投稿前，最好和王博士进行沟通，说说计划写什么——以免书稿章节目录中提到的一些章节已经写好，如事前不沟通、先看看已到什么程度就自顾自地写，做重复工作属于无用功。请投稿者主动联系，王博士（联系微信号是drwangqxm）可将最新书稿发给投稿者看看。 附件1：《创客与威客》目录大纲（说明：该大纲供大家参考，后续不排除有大的变化。）附件2：故事参考案例,任务编号：487124,"个人 |            
            狼崽工作室","个人 |            
            新智传媒","个人 |            
            新智传媒","个人 |            
            新智传媒","个人 |            
            新智传媒","个人 |            
            新智传媒","个人 |            
            新智传媒","个人 |            
            新智传媒","个人 |            
            新智传媒","个人 |            
            新智传媒",10000,文学创作
【生日祝福】创意生日祝福，视频加一张照片,https://task.epwk.com/484055/,8982,15,¥500,mf187****3508,￥ 500,,2017/3/16,朋友生日，想做个短视频集和祝福相册（视频加照片20），钱不多，但真心希望大家帮帮忙，越有创意和心意越好，谢谢各位了，祝各位开心每一天~她喜欢旅游，最好是那种风景特别漂亮的地方，或者标志性建筑的地方（跪求一张稻城亚丁当地的场景，特别特别需要，可以加价到50），时间是4月中旬为止，所以有出去旅游的也可以把这事捎带上，就当帮我个忙，在这谢过了各位了~1.最好是小孩子或者女孩，情侣出镜当然最好了（爷爷奶奶辈的出来秀个恩爱更加求之不得哈）。拍的时候照片清晰点，角度要好，最好在风景漂亮的地方，其他地方有新意也可以。2.在纸上或者卡片上写：王潇雯（小孩子可以写潇雯姐姐，名字加了问我）生日快乐！我是（例如浙江杭州）的某某某（姓名或者昵称），祝在浙江台州的你（祝福语这个自己写，自己发挥一下哈）。最好用彩色字体。要是在一个比较有名的景点或者你觉得很有意义的地方，记得加上，比如我是哪里的某某某，在（稻城亚丁），祝.......这样的的，谢谢各位3.拍的时候视频就是按照纸上写的那段话说一句，（小孩的话，表达出生日快乐就行了哈）也就几秒时间，说完顺便拍张照，视频我会试着串起来，照片洗出来做个相册。到时候想看的也可以发给你们哈，确实貌似挺麻烦，钱也不多，我也就是求大家帮个忙哈，感谢各位了总共还需要20张，截止时间4月中旬，拜托大家帮帮忙，合格稿件发我邮箱7902 45596@qq.com，照片发原图撒，谢谢啦,任务编号：484055,,,,,,,,,,,500,生日祝福
【纪念日祝福】节日祝福短信,https://task.epwk.com/481351/,8096,36,¥501,o58be6c7323c29,￥ 501,￥54,2017/3/7,彭同学，女生节快乐，最真挚祝福，姓某某送上……就这种模本，选取十七条有效稿件 收件人手机号码在附件，在3月7号前发送就行。不要重复发送,任务编号：481351,呆子991,o58be38ad433e3,o58be9a0ddd035,人生如雾亦如梦,mf152****3802,mf152****3802,mf138****1703,"个人 |            
            上帝不相信眼泪",mf152****3802,mf152****3802,501,纪念日祝福
【品牌故事】产品软文征集 10元一稿,https://task.epwk.com/476379/,6194,23,¥500,o58a41ba81ed92,￥ 500,￥40,2017/2/17,"现代中式屏风软文征集，10元一稿现代中式屏风 征集软文了，欧亲店铺名： 美亚装饰馆 联系QQ：504440159软文对象：https://meiyai.taobao.com/index.htm?spm=2013.1.w5002-9490031283.2.fqFJAT  买家秀手机端： https://h5.m.taobao.com/wx/cb/show/sellerTopic.html?id=2620075600 定制 镂空实木花格屏风原木仿古门窗格客厅进门玄关隔断墙格栅中式花窗可以选取连接中一个款式，也可以连接中的全部款式，要求能突出产品的特点。1.用于推广店铺带来更多点击量以及成交量。 2.目标读者：购房装修人群，年龄在30岁以上，有一定经济基础3.软文将用于发布在各种装修论坛、问答、百度等各大型论坛。标题和内容要能引起点击和共鸣，能吸引网友参与讨论或点击浏览，最好是成交。4. 文章要有吸引力，有趣味性， 要站在用户的角度来描写，可以各种形态（故事、体验等...）展现，可以是自己的切身经历。最好是以购买者的体会，心得来描写，加以对我们宝贝的评论，服务的评论， 对比， 会比较真实自然，也容易引起读者共鸣。 5.要带有 单品链接、插入图片要显得自然，无广告味。 提交作品需具有针对性 有明显的推广作用 是具体而实用活动。（确保带有店铺或单品链接的贴子不能被删贴哦）6.要求原创不少于300字，如能形成系列文章最佳 总之能够为本店带来巨大浏览量的创意、方案 ，皆为备选作品。 知识产权说明: 所设计的作品为原创，为第一次发布，未侵犯他人的著作权，如有侵犯他人著作权，由设计者承担所有法律责任；中标的设计作品，我方支付设计制作费，即拥有该作品的知识产权，包括著作权,使用权和发布权等,有权对设计作品进行修改,组合和应用;设计者不得再向其他任何地方使用该设计作品；征集结果公布后，未采用的作品即可自行处理； 参加此任务者被视为同意以上声明。,现代中式屏风软文征集，10元一稿现代中式屏风 征集软文了，欧亲店铺名： 美亚装饰馆 联系QQ：504440159软文对象：https://meiyai.taobao.com/index.htm?spm=2013.1.w5002-9490031283.2.fqFJAT  买家秀手机端： https://h5.m.taobao.com/wx/cb/show/sellerTopic.html?id=2620075600 定制 镂空实木花格屏风原木仿古门窗格客厅进门玄关隔断墙格栅中式花窗可以选取连接中一个款式，也可以连接中的全部款式，要求能突出产品的特点。1.用于推广店铺带来更多点击量以及成交量。 2.目标读者：购房装修人群，年龄在30岁以上，有一定经济基础3.软文将用于发布在各种装修论坛、问答、百度等各大型论坛。标题和内容要能引起点击和共鸣，能吸引网友参与讨论或点击浏览，最好是成交。4. 文章要有吸引力，有趣味性， 要站在用户的角度来描写，可以各种形态（故事、体验等...）展现，可以是自己的切身经历。最好是以购买者的体会，心得来描写，加以对我们宝贝的评论，服务的评论， 对比， 会比较真实自然，也容易引起读者共鸣。 5.要带有 单品链接、插入图片要显得自然，无广告味。 提交作品需具有针对性 有明显的推广作用 是具体而实用活动。（确保带有店铺或单品链接的贴子不能被删贴哦）6.要求原创不少于300字，如能形成系列文章最佳 总之能够为本店带来巨大浏览量的创意、方案 ，皆为备选作品。 知识产权说明: 所设计的作品为原创，为第一次发布，未侵犯他人的著作权，如有侵犯他人著作权，由设计者承担所有法律责任；中标的设计作品，我方支付设计制作费，即拥有该作品的知识产权，包括著作权,使用权和发布权等,有权对设计作品进行修改,组合和应用;设计者不得再向其他任何地方使用该设计作品；征集结果公布后，未采用的作品即可自行处理； 参加此任务者被视为同意以上声明。",任务编号：476379,"个人 |            
            且将新火试新茶","个人 |            
            舒云阁文案",断肠人在天涯,呆子991,,,,,,,500,品牌故事
【爱情表白】情人节祝福,https://task.epwk.com/472845/,9303,12,¥680,勇敢的心520,￥ 680,￥20,2017/2/3,情人节，我要送她全球各地朋友手持纸板写上祝福语，在当地地标性建筑或者地标建筑前拍摄的照片作为送给她的礼物。1.纸板内容为：“执子之手，与子偕老！静，我爱你！ 阳”，纸板字体可自由设计。2.整个画面中须展示：手持纸板与完整内容、地标性建筑或城市特色，可参考我添加的附件，重复稿件或者相同背景稿件无效！3.拍摄像素要高，清晰，美观！4.递交方式：大家可添加本人QQ，把拍摄好的照片发送给我即可。本人QQ为‪2418337127‬回复一品添加我就可以了。5.截稿时间为2017年2月12号晚上24点。6.审核标准：截取与我的聊天记录为证， 带有照片和一张发送成功的截图。感谢大家的支持！如未查看到附件中的参考图片，请联系qq查看参考照片。谢谢！,任务编号：472845,o589e71ee3e601,,,,,,,,,,680,爱情表白
【感恩回馈】征集视频，说一句话10块钱,https://task.epwk.com/470241/,5094,1,¥500,song8708,￥ 500,,2017/1/11,我们公司现在征集一些视频做宣传，你只要说一句话即可。要求如下：1、用手机的请横屏拍摄、不倒拿；2、台词是：鼻炎草茶，超赞的农产品，羽丰团队，我的机会！3、画面清晰不抖动，说话大声清晰，应该类似于很欣喜、表决心之类吧。谢谢！,任务编号：470241,,,,,,,,,,,500,感恩回馈
【品牌故事】随记（3-9张照片+文），一稿10元,https://task.epwk.com/469950/,5509,33,¥500,Leslie1020,￥ 500,￥170,2017/1/9,"参照附件：1.一张照片配一句随感是一个随记,    3—9个这样有所关联的随记为一组2.随记内容：(图片需自己拍摄，而非网络图片，一定要高清的）3.交稿方式：图片单张按顺序重命名为阿拉伯数字，文案按顺序写好存成word格式即可。题材风格不限，生活中方方面面都可以，只要你脑洞所及，就尽情发挥关键在于内容上不要太平凡，要有趣！特立不独行！要既视感很强！要有点小惊喜！文案字数控制在1-30之间。如果图片像素很差 文案也没啥创意 可能就要被pass掉了有问题可以随时联系QQ：2589378964，微信：790098773",任务编号：469950,mf185****3258,mf177****5816,mf135****8424,monnan,monnan,monnan,mf178****0813,"个人 |            
            ColorTwo",小珊儿珊,小珊儿珊,500,品牌故事
【生日祝福】生日祝福短信，一稿3元,https://task.epwk.com/465830/,8957,38,¥500,天蝎冷寒风,￥ 500,￥108.36,2016/12/20,发信时间：2016年12月20日（周二）晚上12点之前。1.我女朋友的电话为：15123177185 2.内容.张丽女士你好。我是xx市的xx，我代替陈红祝你生日快乐！后面加上各位的祝福，要快一点...3.同一个一个手机号发送3条祝福内容不能一致  算一稿3元   或者  用2个手机号各发送一条不同的祝福   算一稿3元。各选一种方式发送。4.若有回复，请不回复短信！5.审核标准：截图为证， 带有内容和一张发送成功（或定时发送成功）且带号码的截图6.截稿时间为2016年12月20日号晚上22点之前，之后发送的不合格。,任务编号：465830,"个人 |            
            游戏试玩吧",sunny梦,o5858b9f51c4db,o58343f2039ef5,mf137****8485,mf186****0564,"个人 |            
            金点子服务",mf152****0403,mf132****1295,o5858d1be1719d,500,生日祝福
【生日祝福】送给朋友34个省份的生日创意祝福,https://task.epwk.com/459761/,6304,25,¥500,孤狼0924,￥ 500,￥100,2016/11/21,本人只需要34条生日短信祝福送给朋友，汇总全国34个省份，每个省份只选一条（每个省份投稿的第一位视为合格稿件，第二位同省份的稿件视为淘汰，请谅解），短信开头须表明您是来自哪个省份的谁。1.短信内容中要有：“蕾蕾”或“幸运蕾”，原来你才是我最想留住的幸运，祝你生日快乐”，剩余内容自由发挥，突出关心/暧昧/惊喜等创意都可以，不限制。2.短信发送时间为：2016年11月23日（周三），时间早上8点到晚上22点送祝福。时间很重要，一定要在那天，不能晚呀，谢谢朋友们了。3.若有回复，请不回复短信！4.同一个威客ID帐号仅限参与一次。5.截稿时间为2015年11月23日号凌晨十二点。6.审核标准：截图为证， 带有内容和一张发送成功（或定时发送成功）且带号码的截图。感谢大家的支持！7.投稿中请添加我的QQ（455746940）或微信（18891530811），我会告知要发送的号码，发送完成后，请提交截图审核。一个号码一个身份只限发一次哦！一条5元！一个身份只要一稿。,任务编号：459761,"个人 |            
            漠漠小店",mf131****0810,damai54321,o5832e3e454e69,o58330c3cf0681,mf189****0790,"个人 |            
            一言设计",烦着呢824,"个人 |            
            凤凰","个人 |            
            专业，录音，拍视频，",500,生日祝福
【生日祝福】送朋友全国34个省市的创意照片生日祝福,https://task.epwk.com/456848/,5947,1,¥680,孤狼0924,￥ 680,,2016/11/8,朋友过生日，我要送她全国34个省份的“34份手持纸板写上祝福语，在当地地标性建筑前拍摄的照片”作为生日礼物，每个省份只选一条（每个省份能体现当地标志性建筑或具有城市代表性的背景照片视为合格，否则视为淘汰，请谅解），纸板上需标明我在**省***哪里，例如：我在陕西西安古城墙（背景为西安古城墙）。1.纸板除标明地址外，剩余内容为：“原来你才是我最想留住的幸运：刘蕾，生日快乐”，纸板字体可自由设计。2.整个画面中须展示：手持人、纸板与完整内容、地标性建筑或城市特色，朋友喜欢帅哥、美女，如果您不吝啬您的肖像权，就大胆展示出来，谢谢朋友们了。可参考我添加的附件，不过要有城市背景哦。3.拍摄像素要高，计划利用各位发送的照片进行相册制作。4.递交方式：大家可添加本人微信或QQ，把拍摄好的照片发送给我即可。本人微信为：18891530811或ss-hao8888，QQ为455746940，回复一品添加我就可以了。5.同一个威客ID帐号仅限参与一次。6.截稿时间为2015年11月20日号晚上24点。7.审核标准：截取与我的微信聊天记录为证， 带有内容和一张发送成功的截图。感谢大家的支持！8.投稿中请留下你们的联系方式（QQ号码或手机号均可）以及妳所在的省份，这里会与你们联系，并告知发送号码，发送完成后，请提交截图审核。一个号码一个身份只限发一次哦！一条20元！一个身份只要一稿。,任务编号：456848,,,,,,,,,,,680,生日祝福
【爱情表白】情人节给男友短信惊喜 每稿3元,https://task.epwk.com/438975/,10321,44,¥500,mf155****8576,￥ 500,￥114.38,2016/8/9,"1.请各自发挥创意，没有固定模式，不要复制已投稿的稿件内容2.要求:祝福语要有新意，不要百年好合之类老套的话3.发送时间:8月9日    24:00之前      发送时间一定核实好，千万不要提前发送,过时请勿发送！！！4.切勿回复或接听电话，请大家保密，不要透漏一品威客网发布的信息，一旦发现会举报，拜谢！5.审核标准：截图为证， 一个电话号码只能提交一个稿件，交稿提交截图,截图请带有内容 日期和成功发送页面   请附上手机尾号4位数6.需要自己创作，不可抄袭",任务编号：438975,"个人 |            
            梦工厂设计",lcy123,"个人 |            
            kyo5566",梦璇歆怡,少年飞飞,手绘芛诺,"个人 |            
            炼金术",赛巴斯蒂安,创意小屋,mf138****4809,500,爱情表白
【百科/问答撰写】15元文章伪原创撰写，大量需求,https://task.epwk.com/438637/,9443,26,¥510,ipooqi,￥ 510,￥120,2016/8/6,预先给150字左右的源主题文稿，根据源主题文稿意思进行伪原创；主题意思不变，表述方式改变；非常简单；  根据一个主题稿的意思写5个伪原创稿，每个伪原创稿字数不低于源主题稿；5个伪原创稿为一单，一单15元。长期需求，当天审核。有意者加QQ：14296514 咨询。优秀稿件每单额外加5元人工审核  语句通顺  意思与源稿一致完整,任务编号：438637,"个人 |            
            越悦文案小铺",画扇迟迟,画扇迟迟,"个人 |            
            越悦文案小铺",木木yu,"个人 |            
            越悦文案小铺",mf158****5127,画扇迟迟,,,510,百科/问答撰写
【生日祝福】生日祝福和劝解短信，7月29号当天发送,https://task.epwk.com/437094/,6546,41,¥500,破镜重圆,￥ 500,￥141.47,2016/7/28,"一、我太太她的生日是7月29日（明天）,时间比较紧急，送其来自五湖四海潮水般祝福，一稿三元；一定要在7月29八点到7月29日晚上10点期间发送才算有效，谢谢!二、除了送生日祝福，还有就是最近我们发生比较严重的争吵，希望大家能劝解下，比如说些百年修得同船渡，千年修得共枕眠的话，但不需要刻意道歉，还是以祝福为主，能让她感受到我已经意思到我的诚意，以后会好好对待她的想法三、太太号码和短信格式：（请见附件）四、发完短信请提交发送短信内容的截图和手机后四位就可以了。五、大概30-50条短信就够了。六，手机要求是不同省市的。",任务编号：437094,mf131****4732,"个人 |            
            你和我有缘分！",无敌碎碎念安安琴,mf185****4331,Lys自渡,mf137****9079,mf137****9079,少年飞飞,mf157****3613,青稞遇见麦穗,500,生日祝福
【生日祝福】生日短信祝福，一稿三元（7.27号）,https://task.epwk.com/436178/,19123,43,"¥4,980",流照君也,￥ 4980,￥63,2016/7/25,1、短信格式：流照你好，我是来自XX的某某（例如山西大同的赵佳丽），今天是你的生日，我代表成文祝你********（祝福语自由发挥不能表达爱意，不可重复哦），以后有机会一定带流照来xx（当地好玩的地方）浪哦！（或者以后有机会一定带她来吃我们地道的xx（当地有名小吃）哦！）2、依格式发送，但不要复制黏贴了事。3、朋友号码：18122407643（一个号码只限用一次）4、时间限制：2016年8月13日 0:00-18:00（不能提前和延后，否则视为无效）5、保密需求：不管收到任何短信或来电回复，都不要理会，绝对做到保密。谢谢各位配合6、审核标准：截图为证， 带有内容和定时发送成功且带号码的截图。文字内容跟别的完全相同也不合格（防止盗图）。 7、希望得到不同地方的，所以超过36个，相同省份以时间优先。少于36个就不限地方了。8、谢谢，由于后面时间比较忙，所以任务时间比较短。见谅，谢谢大家~9、每个一品ID仅限参与一次，否则视为无效稿件，感谢大家配合。,任务编号：436178,创意小屋,苦瓜味的西红柿,mf187****5007,"工作室 |            
            猫又工坊","个人 |            
            sun--shine创意小店",mf159****1283,sail119,o5795e75bbe507,梦想成真12,mf187****3835,4980,生日祝福
【感恩回馈】简单感恩回馈注册 15元一稿 在线审核立结,https://task.epwk.com/435932/,8250,19,"¥2,100",自由的我2012,￥ 2100,￥135,2016/7/23,任务很简单，只要你有微信就可以参与打开微信添加好友   SZLM9588   第一个显示《手赚联盟》的公众号开始任务 “加错没有奖励”或者打开描述下方的 任务附件 用微信扫描二维码添加公众号开始任务关注后在对话框内回复数字  20  获得20元任务教程，按照教程内的方法完成后交稿到这里就可以获得15元稿费了哦这个任务是几分钟就能完成的，简单易懂，赚得多， 交稿要求在任务教程里 按照要求交稿就可以了。公众号会不定期有新的手机赚钱任务，玩手机游戏比赛可以赚钱，手机签到也可以赚钱，更多精彩还在开发中。手机赚钱任务， 首选SZLM9588 任务多多，奖励多多。我们期待您的关注。ps：雇主不要求 银行卡实名认证 ~可不做雇主在线秒审稿件，让您在第一时间获得您的稿费~,任务编号：435932,mf183****1121,mf187****9668,mf151****3482,望乡骑士,"个人 |            
            解忧文案铺",mf152****6105,hellokitty123,Slash921,o579978f22b1f0,,2100,感恩回馈
【感恩回馈】关注公众号游戏试玩,https://task.epwk.com/433057/,5548,5,"¥1,000",纳兹的火焰,￥ 1000,,2016/7/10,1、微信~搜索~公众号: LIxiang187511 第一个显示（每日多赚点）的公众号开始任务，注意加错没有奖励或者打开下方任务附件用微信扫描二维码添加公众号开始做任务 2、关注后，做任务一，在对话框输入数字 5 领取任务教程，实际任务一到手16元做任务二 和任务三 直接在对话框回复数字 23 领取任务教程，实际到手16元+16元注意：（任务二 任务三 是电脑上做，不懂如何做可联系微信 Hong187511 解答 ）交稿 任务一 提交你的2张截图即可任务二任务三 提交网站截图即可手机赚钱任务，  任务多，奖励多。我们期待您的关注ps：雇主不要求 银行卡实名认证 ~可不做,任务编号：433057,,,,,,,,,,,1000,感恩回馈
【感恩回馈】手机微信回馈任务 15元一稿 在线审核,https://task.epwk.com/430069/,15019,100,"¥1,500",自由的我2012,￥ 1500,￥645,2016/6/26,任务很简单，只要你有微信就可以参与打开微信添加好友   SZLM9588   第一个显示《手赚联盟》的公众号开始任务 “加错没有奖励”或者打开描述下方的 任务附件 用微信扫描二维码添加公众号开始任务关注后在对话框内回复数字  20  获得20元任务教程，按照教程内的方法完成后交稿到这里就可以获得15元稿费了哦这个任务是几分钟就能完成的，简单易懂，赚得多， 交稿要求在任务教程里 按照要求交稿就可以了。公众号会不定期有新的手机赚钱任务，玩手机游戏比赛可以赚钱，手机签到也可以赚钱，更多精彩还在开发中。手机赚钱任务， 首选SZLM9588 任务多多，奖励多多。我们期待您的关注。ps：雇主不要求 银行卡实名认证 ~可不做雇主在线秒审稿件，让您在第一时间获得您的稿费~,任务编号：430069,mf183****1121,"个人 |            
            死肥仔",jj西贝土,o5774da3c0b7e9,mf138****6070,CAD制造,mf183****0506,snail0402,mf188****3049,xpynb,1500,感恩回馈
【感恩回馈】公众号关注 一稿15元 长期有效,https://task.epwk.com/429944/,7065,16,"¥1,000",纳兹的火焰,￥ 1000,￥60.6,2016/6/25,1、微信~添加好友~  魔法赚 官方认证平台，安全认证，请放心做任务 ，或扫描下方二维码关注2、关注后，在对话框输入数字 15 获得15元任务教程按照教程内的方法完成后交稿到这里就可以获得15元佣金3.交稿：提交你的手机号码即可，除了赚取15元佣金之外，魔法赚公众号另外新增60多个手机赚钱平台，支持苹果手机，ipad平板 和 安卓手机 都有佣金，每天都能赚到零花钱首先进入公众号，选择苹果手机赚或者安卓手机赚 即可开始手机赚零用钱，从试玩顺序开始收益会很高ps：雇主不要求 银行卡实名认证 ~可不做,任务编号：429944,Gavin22,mf158****6581,dITs,a635061379,,,,,,,1000,感恩回馈
【感恩回馈】微信注册试玩 一稿5元,https://task.epwk.com/426630/,5587,20,¥550,纳兹的火焰,￥ 550,￥20,2016/6/9,1、微信~搜索~公众号: LIxiang187511 第一个显示（每日多赚点）的公众号开始任务，注意加错没有奖励哦或者打开下方任务附件用微信扫描二维码添加公众号开始做任务 2、关注后，在对话框输入数字 5 获得5元任务教程按照教程内的方法完成后交稿到这里就可以获得5元佣金完成5任务后 在回复 数字 35 获得35元任务教程，按照教程内的方法完成后交稿到这里就可以再获得5元佣金再回复数字 36 获得36元任务教程，按照教程内的方法完成后交稿到这里就可以再获得5元佣金交稿任务一，领取5元佣金 ：点击交稿，提交你的ID截图即可任务二，领取5元佣金 ：点击交稿，提交你的头像截图即可任务三，领取5元佣金 ：点击交稿，提交你的头像截图即可手机赚钱任务，  任务多多，奖励多多。我们期待您的关注。必须要完成3个任务其中一个才算合格 ps：雇主不要求 银行卡实名认证 ~可不做,任务编号：426630,诚信为家,中华鲟11,端木晋阳,csss,,,,,,,550,感恩回馈
【百科/问答撰写】百字评论评价撰写,https://task.epwk.com/424343/,7820,18,¥500,ipooqi,￥ 500,￥18.06,2016/5/28,评论撰写具体要求请下载附件查看参加任务前请加QQ14296514，备注一品威客提交稿件要在一品提交作品,任务编号：424343,"工作室 |            
            钟山文案","个人 |            
            旅途工作室",泉河夕阳,mf183****5523,mf183****5523,潇湘文案工作室,,,,,500,百科/问答撰写
【品牌起名】摄像机电池,https://task.epwk.com/423163/,6142,0,¥600,fskj,￥ 600,,2016/5/23,"1、2--3个字。2、体现电池的容量大，使用时间长。3、高端电池4、符合广播电视行业特点。5、所设计的作品为原创，为第一次发布，未侵犯他人的著作权，如有侵犯他人著作权，由设计者承担所有法律责任6、中标的设计作品，我方支付设计制作费，即拥有该作品的知识产权，包括著作权,使用权和发布权等,有权对设计作品进行修改,组合和应用;设计者不得再向其他任何地方使用该设计作品",任务编号：423163,,,,,,,,,,,600,品牌起名
【软文发布】【易联众—健康通】百度、360、豆丁、道客巴巴等文库建设,https://task.epwk.com/423101/,960,0,¥501,epwkdxm,￥ 501,,2016/5/23,"任务需求：        为更好地推广健康通产品，现依托一品威客平台，发起众帮。百度问答、搜狗问问、知乎问答、360问答发布，计件任务，总共需要167条，集满则止。    注意：！！！（高能！）下载产品、关注微信公众号（截图哦！）体验后创新的优先采用。    1、在百度百科，百度经验，查找词条，一个百科账号限1条链接。    2、查找关键字，在参考资料或扩展阅读上加网站链接：687474703a2f2f7777772e6d73797061792e636f6d2f    3、尽量将二维码放入内容（见文宣材料）    4、结算已百度收录，截图发布内容为准    二、公司介绍    公司介绍：易联众信息技术股份有限公司是一家专业的、领先的民生行业信息化建设和运营服务的软件企业。作为国内民生信息第一股，成功于2010年7月28日在深交所挂牌上市（股票代码300096），注册资本43，000万元。    公司成立十多年来，始终围绕社会保障、医疗卫生、劳动就业、教育培训等重要民生领域开展信息化建设，让社会公众通过互联互通的网络，享受易用、好用、实用的信息服务    公司首创民生云，首次将大型主机和云计算技术应用于国内的民生信息化领域，致力于成为“中国最专业的民生行业应用解决方案提供商和领先的民生信息服务运营商”。    三、产品介绍    “健康通”是一个基于社会保障卡(居民健康卡)实名认证, 可实现跨医院移动就医支付和服务的应用，能让患者无需到医院窗口排队就能支付医疗费用，年轻人也可以在手机上远程帮助家人支付。    目前，“健康通”应用已在福建的省立医院、协和医院、人民医院、口腔医院、康复医院等联网通用，得到政府主管部门、合作医院及就医群众的高度好评。此外，“健康通”应用还提供医院检查报告单查询、预约挂号、个人医保信息查询等多个便民功能。    了解产品请进入：7777772e6d73747061792e636f6d",任务编号：423101,,,,,,,,,,,501,软文发布
【软文发布】论坛发帖赚大钱，一稿5元,https://task.epwk.com/421434/,1398,0,¥500,mf185****3279,￥ 500,,2016/5/13,发帖的必备要求如下：【1】要在热门论坛（发布在西祠胡同、天涯论坛、新浪论坛、豆瓣社区、网易论坛、19楼)【2】发帖标题见附件：发布内容请下载附件。【3】发帖标题统一：《网上卖的高仿包，源头原来都在这里》交稿格式：1.请提交网站名称与帖子链接，一帖为一稿。          2.保证你发的帖阅读量是2000以上，然后回复是5个以上；          3.同一版块内不可重复发帖，如多发，以首发为准。请大家一定仔细看下方：1.发贴须为主题贴，发回复贴、软件机器人发帖，广告专区，灌水贴无效，帖子不能被**。尤其是禁止恶意灌水，2.请大家参照附件内容发贴，未按要求发文均视为无效。在交稿在24小时后审核，被**或屏蔽等无法查看帖视为无效。备注：.发到以下论坛优先通过：1.百度贴吧、360论坛 2.猫扑五花八门3.搜狐论坛4.凤凰论坛5.网易论坛6.新浪论坛7.天涯论坛、8.西祠胡同、9.搜外SEO论坛、10.腾讯论坛、11.13.铁血社区14.威锋论坛15.京华论坛16.雅虎口碑论坛17.CCTV论坛18.南方论坛,任务编号：421434,,,,,,,,,,,500,软文发布
【道歉短信】道歉短信，5月11号当天发送,https://task.epwk.com/420613/,8617,16,¥500,o573138a14a21e,￥ 500,￥30.1,2016/5/10,这段时间因为乱七八糟的事情，最主要的是我脾气不好，已经准备结婚的男朋友和我分开了，虽然这些日子他朋友说他放不下，也一直在撮合我俩复合，但是他还是有小情绪。回想过往的日子，我的脾气的确是不好，当然我也一直在改了，我希望11号，一个纪念日给他发送道歉表白短信。信息格式具体看附件交稿要求：提供发短信的截图，5月11号发完短信就直接交稿，截稿时间是5月11号晚上12点，请大家注意！  如果对方回复短信，问你任何问题，请不要回复！！！不要透露是做任务的，一定要保密！在5月11号当天发送，谢谢大家。,任务编号：420613,mf156****5002,"公司 |            
            zhihuigu",mf136****2753,梦幻的小仙,夏天沐雨,mf157****9912,"工作室 |            
            ‘我想’工作室",o5731decd6205a,mf187****1820,luck小何,500,道歉短信
【生日祝福】给女朋友的生日祝福,https://task.epwk.com/420577/,7001,20,¥500,mf185****2503,￥ 500,￥32,2016/5/10,请注意发送时间。没有按时发送不算合格。异性好朋友过生日， 希望全国各地的朋友为她祝福，发条短信 格式如下：这位猪头你好，我是来自某某省的路人甲，受一位路人甲之托为你送上祝福 ，祝你生日快乐！希望这祝福不会来迟。(剩下的就自由发挥，几十个字就好了， 一定要有祝福的话，有创意 幽默的优先，她是25岁 祝福语选些适合这个年龄的来说。）发送时间：今天22:00（记得定时噢，最好短信都集中点发，过时了就不要发了）一个号码只限发一次，祝福语不要一样，谢谢大家了 如有回复 请勿再回信 审核标准：截图为证，带有内容日期时间和一张发送成功（或定时发送成功）且带号码的截图。感谢大家的支持！ 谢谢大家了！我的心意就靠你们了。设置为22:00。完成后上传截图即可，并注明省份 我想她能收到各个省份的祝福，所以有相同省份只选择前两位为合格稿件，每个一品ID仅限参与一次。电话号码具体详见附件,任务编号：420577,mf183****7924,水样人生3,"个人 |            
            半生瓜设计",E时代工作室,月雾,待机出击,mf188****6006,mf158****7650,mf136****2753,muluo未名,500,生日祝福
【感恩回馈】简单微信任务10元一稿，长期能做,https://task.epwk.com/418043/,30458,205,"¥3,200",自由的我2012,￥ 3200,￥890,2016/4/26,任务很简单，只要你有微信就可以参与打开微信添加好友   SZLM9588   第一个显示《手赚联盟》的公众号开始任务 “加错没有奖励”或者打开描述下方的 任务附件 用微信扫描二维码添加公众号开始任务关注后在对话框内回复数字  20  获得20元任务教程，按照教程内的方法完成后交稿到这里就可以获得10元稿费了哦完成20任务后 再回复 数字 95  获得95元任务教程，按照教程内的方法完成后交稿到这里就可以再获得10元稿费，以上两个任务都是几分钟就能完成的，简单易懂，赚得多， 交稿要求在任务教程里 按照要求交稿就可以了。公众号会不定期有新的手机赚钱任务，玩手机游戏比赛可以赚钱，手机签到也可以赚钱，更多精彩还在开发中。手机赚钱任务，  任务多多，奖励多多。我们期待您的关注。必须要完成2个任务其中一个才算合格 ps：雇主不要求 银行卡实名认证 ~可不做,任务编号：418043,mf183****1121,mf153****6101,mf159****2177,兼职刚仔,蓝色小眼睛,mf135****1237,mf183****8303,中孚客家,中孚客家,mf158****6965,3200,感恩回馈
【感恩回馈】简单微信任务10元一稿，长期能做,https://task.epwk.com/417580/,5651,9,"¥1,600",自由的我2012,￥ 1600,￥50,2016/4/23,任务很简单，只要你有微信就可以参与打开微信添加好友   SZLM9588   第一个显示《手赚联盟》的公众号开始任务 “加错没有奖励”或者打开描述下方的 任务附件 用微信扫描二维码添加公众号开始任务关注后在对话框内回复数字  20  获得20元任务教程，按照教程内的方法完成后交稿到这里就可以获得10元稿费了哦完成20任务后 再回复 数字 95  获得95元任务教程，按照教程内的方法完成后交稿到这里就可以再获得10元稿费，以上两个任务都是几分钟就能完成的，简单易懂，赚得多， 交稿要求在任务教程里 按照要求交稿就可以了。公众号会不定期有新的手机赚钱任务，玩手机游戏比赛可以赚钱，手机签到也可以赚钱，更多精彩还在开发中。手机赚钱任务，  任务多多，奖励多多。我们期待您的关注。必须要完成2个任务其中一个才算合格 ps：雇主不要求 银行卡实名认证 ~可不做,任务编号：417580,mf183****1121,LH宫徵羽,wyf304033211,mf136****9281,mf139****0169,,,,,,1600,感恩回馈
【感恩回馈】简单微信任务10元1稿，不限次数交稿,https://task.epwk.com/417496/,6739,11,"¥3,000",纳兹的火焰,￥ 3000,￥10,2016/4/22,任务很简单，只要你有微信就可以参与扫描附件二维码关注，开始做佣金任务关注后在对话框内回复数字  30  获得30元任务教程，按照教程内的方法完成后交稿到这里就可以获得10元稿费了哦完成20任务后 再回复 数字 100  获得100元任务教程，按照教程内的方法完成后交稿到这里就可以再获得10元稿费，以上两个任务都是几分钟就能完成的，简单易懂，赚得多， 交稿要求在任务教程里 按照要求交稿就可以了。公众号会，还增加了20多个手机赚钱平台，每天都有钱赚有钱拿。更多精彩还在开发中。完成2个任务其中一个才算合格,任务编号：417496,恐龙也一样,,,,,,,,,,3000,感恩回馈
【感恩回馈】微信任务15元一稿 一分钟轻松搞定,https://task.epwk.com/416840/,4169,8,¥750,o568bd16a9877c,￥ 750,￥60,2016/4/19,任务很简单，一分钟轻松搞定。步骤如下：                1：打开微信公众号搜索公众号“快客ABC”或者打开下方任务附件用微信扫描二维码添加公众号。                2：添加公众后回复数字10获取任务教程，根据教程完成任务。                3：完成任务后根据教程提示，在一品威客提交稿单及可。                 （注 : 雇主不要求银行卡实名认证，可不做）    交稿要求：您名字最后一个字以及您的手机号      例 如：         **明 13800008888,任务编号：416840,sylteamo,清风徐来丶,mf134****0583,mf137****6624,,,,,,,750,感恩回馈
【生日祝福】全国各地送生日祝福（2016年4月17日中午12点后截止投稿）,https://task.epwk.com/416268/,5916,39,¥500,jhj39****825,￥ 500,￥117.39,2016/4/15,"一、她的生日是4月17日（本周日）,时间比较紧急，送其来自五湖四海潮水般祝福，一稿三元；二、朋友号码：（请见附件）；三、短信内容格式：（一组成语开头,下文中对应选择）。亲爱的朋友，您好！我是来自xx省XX市（县）的XXX(可以是真名、笔名、别名、网名。），今天是你的生日+详细祝语（大家自由发挥，不要太俗套，才显得有诚意嘛，她不是学生，所以希望不要出现学习进步之类的词语哦，内容不要重复！加急啊伙伴们在线等）四、对应成语如下：   1、正冠李下，欢若平生。 选择本组成语的祝福在4月17日早上8点整发；   2、艳如桃李，平地风雷。 选择本组成语的祝福在4月17日早上9点整发；   3、李白桃红, 平沙落雁。 选择本组成语的祝福在4月17日上午10点整发；    4、桃夭李艳, 秋色平分。 选择本组成语的祝福在4月17日上午11点整发；   5、桃李争妍，秤平斗满。 选择本组成语的祝福在4月17日上午12点整发；五、发送时间：2016年4月17日，从08:00—12:00，每个整点对应发送。 六、一个号码只限一次，不论选择哪个整点发，只能发一次，每个时点均衡啊，别都选择前面的。七、过期就不要发了，若对方回短信询问时无需回复，请大家保密，不要透漏一品威客发任务的信息，谢谢！八、审核标准：截图为证，带有内容日期时间和一张发送成功（或定时发送成功）且带号码的截图。我的心意就靠你们了，谢谢大家！注意每个整点发的信息，所选成语都对应不同哦。审核截止日期为当天下午6点前.一个威客账户只限参与一次，谢谢！总数量为166个稿件",任务编号：416268,lan澜淼,mf182****6790,领苍0407,mf187****7152,易解红尘,mf183****7924,mf133****6528,最后的善良,mf132****7475,是张子璇呀,500,生日祝福
【感恩回馈】简单微信任务10元一稿，长期能做,https://task.epwk.com/410181/,23408,129,"¥2,100",自由的我2012,￥ 2100,￥620,2016/3/16,任务很简单，只要你有微信就可以参与打开任务附件用微信扫描二维码添加公众号开始任务关注后在对话框内回复数字  20  获得20元任务教程，按照教程内的方法完成后交稿到这里就可以获得10元稿费了哦完成20任务后 再回复 数字 95  获得95元任务教程，按照教程内的方法完成后交稿到这里就可以再获得10元稿费，以上两个任务都是几分钟就能完成的，简单易懂，赚得多， 交稿要求在任务教程里 按照要求交稿就可以了。公众号会不定期有新的手机赚钱任务，玩手机游戏比赛可以赚钱，手机签到也可以赚钱，更多精彩还在开发中。手机赚钱任务，  任务多多，奖励多多。我们期待您的关注。必须要完成2个任务其中一个才算合格 ps：雇主不要求 银行卡实名认证 ~可不做,任务编号：410181,wang458362132,mf183****1121,mf181****6661,小鱼lly,愿得一人心丶,mf159****4489,chenminyan,mf136****5273,mf183****7810,"个人 |            
            小赖家的劳力的店铺",2100,感恩回馈
【感恩回馈】简单微信任务10元一稿，长期能做,https://task.epwk.com/408635/,6312,20,"¥1,200",自由的我2012,￥ 1200,￥50,2016/3/9,任务很简单，只要你有微信就可以参与打开你的手机微信添加好友 搜索公众号 KZQ998  进行添加关注或者打开任务附件用微信扫描二维码添加公众号开始任务关注后在对话框内回复数字 10  获得10元任务教程，按照教程内的方法完成后交稿到这里就可以获得10元稿费了哦完成20任务后 再回复 数字 70  获得  70 元任务教程，按照教程内的方法完成后交稿到这里就可以再获得10元稿费，以上两个任务都是几分钟就能完成的，简单易懂，赚得多， 交稿要求在任务教程里 按照要求交稿就可以了。公众号会不定期有新的手机赚钱任务，玩手机游戏比赛可以赚钱，手机签到也可以赚钱，更多精彩还在开发中。手机赚钱任务，首选 KZQ998 任务多多，奖励多多。我们期待您的关注。必须要完成2个任务其中一个才算合格,任务编号：408635,o56dffc5b1f6aa,mf155****3592,pshliusha,飞天冲梦,mf138****1577,,,,,,1200,感恩回馈
【生日祝福】本网最新出游戏代练，可一直长期做,https://task.epwk.com/403833/,8612,2,¥500,三只鹅,￥ 500,,2016/1/28,"大家注意做任务的网站中： 理财赚钱，试玩平台这两个个项目很赚钱，快的话，几分钟就能完成了（注意手机类的不算），首次赏金10加上网站10，共20元。请收藏该网站长期做每天80-300不等任务步骤和要求：                                     1.  注册地址 http://activity.juxiangyou.com/redpacket/index.php?r=7914874   （复制浏览器打开此链接，注意验证码是语音哦）  （若注册不上用备用注册链接：http://www.juxiangyou.com/r7914874  ）                                                                  2.  新手教程： http://pro00029372.isitestar.cn    （复制打开）                                 3.  注册就送10000U币，试玩游戏，理财赚钱账户达到30万U币就算完成任务（注意：手机赚钱的不算）    然后截图（看下方示范，就是截图网站首页的大头像，余额显示为30万U币以上,不可以重复提交合格稿件)注意：首次只规定10万事为了让大家快速完成任务，做我的任务比其他人的任务快，另外不光是首次20元，后面只要你长期做，我还会给梯度奖励无上限，教程里面有。请务必收藏下来做。",任务编号：403833,,,,,,,,,,,500,生日祝福
【软文发布】道客巴巴上传文档，每稿12元，共45稿,https://task.epwk.com/399875/,4012,4,¥540,SHYSHYSHY,￥ 540,,2016/1/4,具体要求:1、在道客巴巴上发文档，以下附件中的内容，做任务的威客可以适当进行做个修改，威客可对材料进行软文化处理，核心思想及关键词不能改变，但是内容中必须保留父母九宝、九个宝贝等关键词；2、道客巴巴，只要上传附件中的其中一篇，每稿12元 ，共45个稿件。3、道客巴巴标签关键词请选用：父母九宝、九个宝贝、（春节）父母礼物、健康、养生、艾灸、送礼、暖心小礼品、感恩、孝敬、孝心、长寿审核标准：文档上传成功后必须审核道客巴巴通过发布成功后；再把成功上传的图片，截图上传到网上进行审核,任务编号：399875,,,,,,,,,,,540,软文发布
【百科/问答撰写】百度文库上传文章，20元一稿,https://task.epwk.com/399199/,7948,12,¥500,SHYSHYSHY,￥ 500,￥500,2015/12/29,具体要求:1、在百度文库发文档，内容跟中华艾灸——父母九宝有关；2、必须审核通过发布成功，截图发送我方确认才算3、百度文库每稿20元 ，共25个稿件。4、百度文库标签关键词请选用：（春节）父母礼物、健康、养生、艾灸、送礼、暖心小礼品、感恩、孝敬、孝心、长寿5.需将父母九宝九个宝贝的图片放在每一个文档里。,任务编号：399199,小青欣,小青欣,小青欣,小青欣,小青欣,小青欣,小青欣,小青欣,小青欣,小青欣,500,百科/问答撰写
【感恩回馈】简单微信任务10元一稿~长期可做,https://task.epwk.com/398534/,14233,84,"¥1,100",快赚998,￥ 1100,￥540,2015/12/25,手机软件注册试玩任务 简单易做 只要你有微信就可以参与 1：打开你的手机微信添加微信公众号  kzq998     或者扫描附件二维码添加公众号进行任务2：举例回复数字指令10 获得任务教程 《 用手机按照要求安装试用教程按照要求体验应用 》任务共两个《 每个十元》任务主要是试玩注册 按计件算 做多得多 可长期做  kzq998公众号会不定时更新任务 可长期赚钱 可说是威客朋友的福利哦3：按照要求体验任务完成后 按照要求提交稿件，提交用户名截图， 两个任务合起来最多不超过半个小时 很容易做的。,任务编号：398534,mf180****2015,mf180****8815,丫丫马路,mf138****6247,skyaolei,mf155****7337,o5680cac44e35f,o567245bd99ff6,jellyxiong,y18612175624,1100,感恩回馈
【产品卖点】50元一篇，800字的产品文案,https://task.epwk.com/387572/,5573,9,¥500,ipooqi,￥ 500,,2015/10/26,详细要求在附件里，望与实力写手或工作室长期合作注意：50元一篇800字左右的价格，我们需要专业性和说服力都很强的文章，并非普通的文章，所以望各写手慎重投稿；本公司长期需要此类文章，如有擅长者可长期合作,任务编号：387572,,,,,,,,,,,500,产品卖点
【品牌故事】“烟民部落”微信公众号长期征文,https://task.epwk.com/378847/,6032,8,"¥1,000",mf133****2720,￥ 1000,￥600,2015/9/10,征文主题：与烟和烟民有关的一切主题。角度自定。征文字数：每篇文章尽量控制在2000字以内，1000以内最佳。文章投放平台：“烟民部落”（yc520bl）微信订阅号（一个致力打造“男人、女人与烟”的精品电子杂志）待遇：按稿付费。100元/篇+微信阅读量（500以上，每个0.1元。）（500阅读量为基本量，500以上开始计费，如510的阅读量，付101元（100+10*0.1）稿费；每周根据粉丝数对阅读基本量进行调整；阅读量统计同微信官方数据，即图文发出后7天内的数据。）审核标准：文章被“烟民部落”微信订阅号发表。交稿方式：关注“烟民部落”（yc520bl）微信订阅号，后台留言文章内容。,任务编号：378847,"个人 |            
            莫蓝小作坊",o55eeb47c3ea46,"工作室 |            
            +初心+",mf152****5805,mf134****2627,mf186****0195,,,,,1000,品牌故事
【其他】试玩游戏，长期有效,https://task.epwk.com/379012/,14899,7,¥600,三只鹅,￥ 600,￥40,2015/9/11,试玩游戏排名月榜第一名奖励3000元，排前3名，奖励1000元。本任务绝对算得上本网站 前10大任务，系望你不限于首次完成任务奖励的20几元，而是长期做，本帖会长期置顶。 首次完成任务可得（注册2元 任务12元 赏金10元=24元 ）。长期做，基本每天80-200元。值得你收藏为长期任务！ 教程：http://user.qzone.qq.com/2757759407/blog/1438046471（复制到浏览器打开，必看，教你如何快速赚钱）· 注册流程： 1.打开官网 http://www.juxiangyou.com/r7914874  注册聚享游（注册送1万U币，最好QQ邮箱，不是本链接注册不给赏金） · 2.手机验证：流程：注册好后点网站首页-点自己头像-点右边安全验证服务-手机验证（记住必须选语音验证码）3.去试玩平台 找热门游戏试玩（比如传奇霸业）赚取U币，余额达到10万U币，截图（如下图附件），加我赏金10，20几元到手。平台赚钱项目很多，不会玩游戏的也可以做其他项目同样给奖励！具体看教程· 此网站可以长期做，长期做的加我q2757759407，群480175100,任务编号：379012,mf130****2676,mf136****4952,o5617758cd8492,mf151****5504,,,,,,,600,其他
【生日祝福】送给朋友“34个省份”的生日短信祝福,https://task.epwk.com/378747/,9416,32,¥500,白首不分离,￥ 500,￥57.57,2015/9/10,本人只需要34条生日短信祝福送给朋友，汇总全国34个省份，每个省份只选一条（每个省份投稿的第一位视为合格稿件，第二位同省份的稿件视为淘汰，请谅解），短信开头须表明这是来自哪个省份的祝福，然后说受你朋友之托。1.可称呼对方为：“李慧或“慧慧”（朋友为女性）并不是我女朋友，短信内容自由发挥，突出关心/暧昧/惊喜等等都可以。2.朋友“安徽人，女大学生，热心公益，责任感强，热爱学习，”，所以短信中可出现与这性格相关的等等一系列的词，针对其自身情况编写，不限制。3.短信发送时间为：2015年9月11日，时间早上8点到晚上22点送祝福。时间很重要，一定要在那天，不能晚呀，谢谢朋友们了。4.若有回复，请不回复短信！5.同一个威客ID帐号仅限参与一次。6.截稿时间为2015年9月11日号凌晨两点。7.审核标准：截图为证， 带有内容和一张发送成功（或定时发送成功）且带号码的截图。感谢大家的支持！8.投稿中请留下你们的联系方式（QQ号码或手机号均可）以及妳所在的省份，这里会与你们联系，并告知发送号码，发送完成后，请提交截图审核。一个号码一个身份只限发一次哦！一条3元！一个身份只要一稿。,任务编号：378747,lcy123,"个人 |            
            等下一个天亮的店铺","工作室 |            
            遇树临风的店铺",shary1990,Mr�***�了,微文2015,"工作室 |            
            TWO B YOUNG设计工作室",same1013,"工作室 |            
            仙人设计工作室",只恋一个人,500,生日祝福
【百科/问答撰写】悬疑小说征简短书评，3元一个速来！,https://task.epwk.com/375124/,24699,113,¥510,No312,￥ 510,￥483,2015/8/24,前提声明    书评只需要客观评价，不需要对图书吹捧。书名    时空机密Ⅰ：启示未来图书类型    悬疑、科幻、灾难图书地址    http://yuedu.163.com/source/e2fbda5794794c00ba46ad602063fd7d_4参与方式    1.登陆网易，如无网易账号需注册并设置头像；    2.进入网易云阅读，搜索找到《时空机密Ⅰ：启示未来》，阅读并评论，评论文字需≥15字；    3.评论时请同时评分并将图书收藏（放入书架）；    4.评论完成后将评论内容以“交稿”形式提交于本任务。任务要求    1.书评需≥15字；    2.鉴于本任务书评3元一个，还请大家阅读一下图书再作评价，过于简单笼统的评论可能不予采纳；    3.需保证发布评论的账号有头像；    4.记得评分和收藏（放入书架）哦！附    活动效果好的话会2期、3期地继续下去。如果你之前就是网易云阅读会员，能给《时空机密Ⅰ：启示未来》打赏月票的话，将会是对本活动的莫大支持。另外，也希望大家多多点击图书，保持图书点击率一个长期有效的增长哈。感谢大家！！！！    允许同一人多个账号参加任务，但要写不同的评论，每一个账号都要评分及收藏（放入书架）。提交时注意一个评论一个交稿。另外也请多多点击图书贡献点击率哈。,任务编号：375124,mf181****3836,F20262958,o55e59b8e94166,有点冷,西周泮,西周泮,四条腿,mf151****9154,mf151****9154,Swallow嫣,510,百科/问答撰写
【软文发布】在各大网站上发表一产品软文，72小时不被删，3元/篇次,https://task.epwk.com/376381/,7831,5,¥600,mf137****2792,￥ 600,￥549,2015/8/30,我公司新上市一款无硅油洗发水，前期需在网络上做产品软性宣传，我公司已写好产品的广告软文，现需各路高手配合我们在免费的网站上发布这篇文章，一但发表后，如果文章能存活过72小时算合格。网友将获得相应的劳务费。发表者不允许自行删除文章。补充说明：1、本次总任务量为200篇次，按件付款。2、主要是在：购物分享网站、日用化妆品网站、生活情感网站、养生健康网站、女性社区网站、医药保健网站、各大综合网站的相关频道。这类网站或频道发文章。3、所发的网站日均IP不低于2000个IP，可在http://www.alexa.cn/查询网站IP流量，4、审核标准：文章成功发表且存活后，发文章链接作为凭证，成功发表后劳务费3元/篇。5、有不清楚的地方可联系人本，QQ：645204514，微信：wei645204514,任务编号：376381,mf151****9154,mf151****9154,mf151****9154,mf151****9154,asp2432,asp2432,asp2432,asp2432,asp2432,asp2432,600,软文发布
【生日祝福】给好朋友生日祝福，一稿三元,https://task.epwk.com/376158/,11714,58,¥500,zzyoo8,￥ 500,￥226.44,2015/8/29,"1、她的生日是8月29日,时间紧急，就是今天了，一稿三元，2、我想要她在生日当天，能够得到全国各地朋友的祝福，谢谢你们。3、短信内容大概是：亲爱的朋友，您好！我是来自xx的XX(文雅有创意的名字，自由发挥。）今天是您的生日+详细祝语（大家自由发挥，不要太俗套，才显得有诚意嘛，她不是学生，所以希望不要出现学习进步之类的词语哦）内容不要重复！加急啊伙伴们在线等4、朋友号码：13788484143     5、发送时间：2015年8月29日，从08:00—24:00都可以发给她。 5、一个号码只限一次，谢谢大家啦。6、过期就不要发了，若对方回短信询问时无需回复，请大家保密，不要透漏一品威客发任务的信息，谢谢！7、审核标准：截图为证，带有内容日期时间和一张发送成功（或定时发送成功）且带号码的截图。我的心意就靠你们了，谢谢大家！",任务编号：376158,留不住的梦,留不住的梦,"个人 |            
            wenhai567的店铺",mf139****2871,o55dffed231623,"个人 |            
            用心2015",mf183****4448,润海工作室,numenheart,SYTyuchen,500,生日祝福
【生日祝福】送给朋友“31个省份”的生日短信祝福,https://task.epwk.com/375655/,8297,26,¥501,孤狼0924,￥ 501,￥60,2015/8/26,本人只需要31条生日短信祝福送给朋友，汇总全国31个省份，每个省份只选一条（每个省份投稿的第一位视为合格稿件，第二位同省份的稿件视为淘汰，请谅解），短信开头须表明您是来自哪个省份的谁。1.可称呼对方为：“give me five”或“苦力瑶”或“瑶哥”（朋友为女性），短信内容自由发挥，突出关心/暧昧/惊喜等等都可以。2.朋友“个子高、双眼皮、爱书法、很漂亮”，所以短信中可出现“喜欢你的双眼皮”等等一系列的词，针对其自身情况编写，不限制。3.短信发送时间为：2015年8月29日，时间早上8点到晚上22点送祝福。时间很重要，一定要在那天，不能晚呀，谢谢朋友们了。4.若有回复，请不回复短信！5.同一个威客ID帐号仅限参与一次。6.截稿时间为2015年8月29日号凌晨两点。7.审核标准：截图为证， 带有内容和一张发送成功（或定时发送成功）且带号码的截图。感谢大家的支持！8.投稿中请留下你们的联系方式（QQ号码或手机号均可）以及妳所在的省份，这里会与你们联系，并告知发送号码，发送完成后，请提交截图审核。一个号码一个身份只限发一次哦！一条3元！一个身份只要一稿。,任务编号：375655,"工作室 |            
            POSTAL网络科技","个人 |            
            殚见一冾闻",枭狼,最初的梦,"工作室 |            
            藏头诗公社","工作室 |            
            飞我莫属",拍云的风,雅末威客,坏秋秋,mf157****8896,501,生日祝福
【其他】征集笑容吸引力段子,https://task.epwk.com/371339/,12852,55,¥500,阿佑999,￥ 500,￥185,2015/8/7,招募100个段子各位可能都在网上看过这个拍照的应用，如附件1 2 3！拍自己的照片，晒颜值，到系统出现答案。每一个都是有独立的段子。我们目前是做【笑容吸引力】，改为拍照后出现上下二个段子。也就是用户拍照片后，上面以笑容句子/段子为主。下半部出现一个梦想。【时间+实物o r 状态】如【三年内买一间大别墅/2个月养一只金毛犬/1年内找到如意配偶结婚/6个月成功减重，成为大美女/帅哥】参考附件4可以先以我列举出来的改编#段子上下半部都要#二个为一组！【附件5】我们内部的梦想，可以先以这个带入创作！也可以自由发挥，建议创作尽量都不要一样审核标准：段子有趣，创意！内容差不多，我们就会通过得标。得标后端我们可能再做修改！,任务编号：371339,孟不离姜,"个人 |            
            土鸭鸭的六一节的店铺",lcy123,lcy123,"个人 |            
            六毫米的猫",暴食狂万蛇K,mf159****7376,zyxia,zyxia,mf159****6995,500,其他
【商业提案】征集任务电梯电子样本，每稿20元,https://task.epwk.com/367694/,7153,13,"¥1,800",wukaidk,￥ 1800,￥740,2015/7/21,奥的斯电梯、迅达电梯、蒂森电梯、西奥电梯、东芝电梯、富士达电梯、西尼电梯巨人通力电梯、康力电梯、永大电梯、东南电梯、江南嘉捷电梯、沈阳博林特电梯、上海现代电梯、三洋电梯的电子样本电子样本的出版时间需要是在2012年12月29以后。请以PDF或者压缩包的形式发到wukaidk@163.com邮箱，并截图作为发件证明。,任务编号：367694,hconfeng,hconfeng,hconfeng,hconfeng,hconfeng,hconfeng,hconfeng,hconfeng,hconfeng,hconfeng,1800,商业提案
【商业提案】【长期】征集电梯行业投标文件,https://task.epwk.com/361835/,5285,6,"¥2,000",wukaidk,￥ 2000,,2015/6/24,大家好，本人正在编辑制作2015至2017年电梯行业的发展研究报告以及市场前景研究报告，需要征集2015年1月1日至今电梯行业设备采购的投标文件，投标文件需含有设备的基本参数，价格，品牌等。征集范围是以品牌为标准。合资品牌，日立、通力、三菱、奥的斯、迅达、蒂森、西奥、东芝、富士达、西尼国产品牌，巨人通力、康力、永大、东南、江南嘉捷以上品牌的投标文件都可以，国内标（不接受国际标），时间是2015年1月至今，我们将以文件来源的创建时间为准！若有修改，视为无效！交稿证明以发件箱截图为准！接收邮箱：wukaidk@163.com,任务编号：361835,,,,,,,,,,,2000,商业提案
【生日祝福】给老婆的生日礼物，带照片的生日祝福,https://task.epwk.com/358499/,11293,26,¥500,热带王企鹅,￥ 500,￥125,2015/6/8,您自己或家人朋友在自己城市的标志性建筑物旁，手持祝福卡片，其上写:美兰（兰儿、兰妮），我在xx给你送上最诚挚的祝福，祝xxxxx、xxxx，时间为六月二十四日，表情要丰富，自然，有创意。截止日期为本月二十日,任务编号：358499,"工作室 |            
            最美的遇见",爱吃蜜桔的小C,lcy123,qinhaihua,sushechihuntun,,,,,,500,生日祝福
【软文发布】欲春楼SEO原创文章征集,https://task.epwk.com/355699/,2955,1,¥500,mf186****7727,￥ 500,￥10,2015/5/26,征集SEO原创文章  要求如下：  1、要求原创作品(80%以上原创)，字数不少于900字(低于900字直接不合格，不包含标点符号)。禁止拷贝、抄袭、伪原创，符合我们要求的，都可以通过。原创文章内容以百度、谷歌搜索为准！2、文章要根据产品的功能 使用人群  行业编写，不是这方面不给通过。关键词在正文中要完整出现至少两次。（男女性产品为主）3、文章内容要有吸引力，具有可读性强、文字通畅、段落清晰、关键词锚文字的嵌入必须要自然。（文章主是给搜索引擎抓取，不主要是给人看）4、中标的作品，我方支付费用完成交易后，即拥有该产品的独立完整知识产权，包括著作权、使用权和发布权等，有权对设计作品进行修改、组合与应用；设计者不得将该作品再发布到其他任何媒体上，或为第三人提供该作品创意方案，否则构成侵权。征集结果公布后，未采用的作品即可自行处理。参与群可参与细节讨论，QQ群118652050公司网址http://test.yuchunlou.com   www.yuchunlou.com,任务编号：355699,"工作室 |            
            助力文案",,,,,,,,,,500,软文发布
【软文发布】软文发布，十元一条,https://task.epwk.com/353587/,5276,2,¥500,wuling521,￥ 500,￥30,2015/5/17,做微营销课程的微信号推广，软文推广的方式发帖在百度帖吧、百度知道、妈妈帮、新浪微博、豆辨、宝宝树、新浪论坛、天涯论坛等网站热门论坛上，必须原创，每篇不少于400字，保证三天不被删除，发帖子的链接给我审核，软文内容需跟我的微营销课程有联系的内容里包含微信号，让人有想要联系微信号的欲望，QQ联系389212599给微信号和相关资料,任务编号：353587,赚德行,赚德行,赚德行,,,,,,,,500,软文发布
【百科/问答撰写】简单评价任务，每稿10元，仅限上海地区。,https://task.epwk.com/348358/,1938,7,¥500,leocraft,￥ 500,￥62.5,2015/4/24,具体看附件仅限上海-大众点评网手机客户端五星好评10元一条,任务编号：348358,mf131****3467,o553f4c895a0fb,"个人 |            
            PS 小店——","个人 |            
            HC懒人工作室","工作室 |            
            隨緣雅名",,,,,,500,百科/问答撰写
【百科/问答撰写】简单评价任务，每稿10元，仅限上海地区。,https://task.epwk.com/345527/,1197,12,¥500,leocraft,￥ 500,￥120,2015/4/12,具体看附件仅限上海-大众点评网手机客户端五星好评10元一条,任务编号：345527,孤舟一笠,非格图记,"个人 |            
            PS 小店——","个人 |            
            哈妮小铺",小奶包Iris,木棉3,"个人 |            
            哈妮小铺",鬼魂飘在光天化日,mf151****6017,tuotuohenaini,500,百科/问答撰写
【生日祝福】给好闺蜜的生日祝福，4元1稿,https://task.epwk.com/342694/,10432,30,¥500,Mr186****8535,￥ 500,￥128,2015/4/2,她的生日是4月3日，希望她能收到来自天涯海角的祝福。短信内容大概是：亲爱的Jessie，我是来自XX省XX市的XX。代表你的最好的闺蜜为你送上生日祝福。在20年友谊即将到来之际，她想告诉你，有你这样的朋友，是她这辈子的荣幸。人生有你的陪伴，一路欢歌笑语，又圆圆满满。（然后加上任意祝福语，最好是温馨有新意的哦）手机号：138163895001、时间：从2015年4月03日 00：00-23：59，最好是00：00准时发哦。2、一个号码只限一次，祝福语可不要一样哦。若她有回复，请不要回复。千万不要提前发，过期了就不要发了。谢谢朋友们了。3、若对方回短信询问时无需回复，请大家保密，不要透漏一品威客发任务的信息，谢谢！4、审核标准：截图为证，带有内容日期时间和一张发送成功（或定时发送成功）且带号码的截图。感谢大家的支持！谢谢大家了！同时也祝为我投稿的人爱情美满，全家幸福！,任务编号：342694,多彩广告,"个人 |            
            艾豆笔尖",belliue,belliue,belliue,a275595005,a275595005,Drug,彭彭温温,Drug,500,生日祝福
【品牌故事】【征稿第一期】提供案例，进行原创创作，简单易过,https://task.epwk.com/339711/,4706,7,¥500,南澳海岸线,￥ 500,￥350,2015/3/22,此任务简单来说，就是深圳南澳某段海岸线赋予它一个你的定位。此海岸线长3公里，你可以设置为地中海风格、现代都市风格，任你想象，都可以。要求：1.附件里有提供案例展示，需按此格式进行再创作，赋予不同风格与功能区，可任意发挥想象。例如，里面是海滨城区风格来写，你可以在此基础上改成地中海风格、现代都市风格；2.创作不能更改主线，需以南澳海岸线为主；3.字数在700字以上，需为原创。背景介绍：南澳水头沙至畲吓段的海岸线全长3公里，整个海岸线位于月亮湾景区内，拥有综合性市民广场-月亮湾广场、停车场、龙舟仓储空间等配套设施，享览一线海景，视野开阔。海上渔船点点，渔家生活氛围浓厚，日落景观更是吸引大批游客驻足流连，同时，此处更是当地享有盛名的龙舟赛举办点，每逢端午前后，游人如织。,任务编号：339711,匠思小筑,艺苑劲松,mf53b******bf23,mf53b******bf23,mf53b******bf23,mf53b******bf23,"公司 |            
            zhihuigu",,,,500,品牌故事
【品牌起名】征集建筑模板商标名字，可用于商标注册,https://task.epwk.com/329838/,7140,10,¥500,88888,￥ 500,,2015/1/25,现征集建筑模板行业10个商标名字。名字要好记响亮。注1：悬赏的商标名要能用于注册商标。可上中国商标网查询（第19类）注2：计件任务请一个名字一条留言，否则多个名字中标也按一个计费哦。,任务编号：329838,,,,,,,,,,,500,品牌起名
【生日祝福】急求告白祝福，一稿25元,https://task.epwk.com/333687/,9094,10,¥500,a2738****10,￥ 500,￥160,2015/2/19,我跟我女朋友已经在一起一段时间了，我这个人相对比较内向， 不擅长表达，今天晚上八点想给她来一个正式的表白，让她圆了美个少女的梦，也希望让她终身难忘。大家可以叫我女朋友青青。以下是任务的大致需求第一：我希望要有质量的爱情告白祝福语。第二：任务可以多人参与老少皆宜，也可以单人参与。第三：祝福语可不要太简单咯，中英文都可以。第四：我要的是图片+人物+标志建筑或者好看的背景+祝福语，不懂得可以看附件来，所有参与投标者均以图片为准，没有图片一律淘汰。审核标准：提交图片，一稿25元  必须有质量注：可以重复交稿，但是图片内容、拍照背景、人物、必须不一样 地区没有限制。祝福内容可以参考（我是来自xxx的xxx，我受你包子的委托给你带来他美好的表白。。。。。。以下内容自己想象，中英文结合都可以。）我会实时在电脑面前等图片我只要20张，时间截止在今晚上12点整过后我就不会再要了。,任务编号：333687,"工作室 |            
            小胡建设计空间","个人 |            
            有约",o54dc532765921,"个人 |            
            有约","工作室 |            
            最美的遇见","个人 |            
            有约","个人 |            
            有约",heqiaolan888,,,500,生日祝福
【爱情表白】春节表白祝福短信，一稿3元,https://task.epwk.com/333565/,11212,39,¥500,Felix125,￥ 500,￥166.65,2015/2/16,"本人只需要前50条，第51条后无效1.短信格式： “你的眼是宁静的湖水 他望了一眼 就陷了进去""。车同学真的喜欢你(表白发挥三十字左右) 。2015陈同学给你们一个机会，相爱吧！2015祝你（发挥，对方女学生）来自（所在市）的祝福！ 新年快乐 2.发送时间：短信2月18-19日，时间早上8点到晚上22点送祝福。一定要在那天啊，不能晚呀哦，谢谢朋友们了，在线选搞。3.若有回复，请不回复短信！4.审核标准：截图为证， 带有内容和一张发送成功（或定时发送成功）且带号码的截图。感谢大家的支持！5.对方手机号：180-0921-5432，一个号码只限发一次哦！一条3元！",任务编号：333565,"工作室 |            
            瀚森创意文字坊",qinhaihua,小御思,懵懂的路,lcy123,懵懂的路,"个人 |            
            index1的店铺","工作室 |            
            瀚森创意文字坊",zzc262603,"工作室 |            
            ——日说——",500,爱情表白
【爱情表白】情人节表白短信，3元两条,https://task.epwk.com/332898/,12490,40,¥501,mf153****4457,￥ 501,￥114,2015/2/10,短信格式为下：晶晶同学，受赵先生所托给您说几句话：（自由发挥，要表白为主，限三十字以上，少字不合格）（楼主与女神的情况是恋爱四年，分手。但楼主想挽回，请大家踊跃发挥。对方手机号：15609963220）                                                                                                  情人节快乐 来自（地区）的祝福 注：每个手机号只限发送一条，多发不计费。发送时间是2015年2月13日晚12过后 截至时间为2015年2月14日中午2点。早发与过期均不合格，任务要截图，截图必须内容和日期清晰，否则算无效。就是3元发一条短信。本人只需要50条短信，第51条起视为无效。,任务编号：332898,belliue,"个人 |            
            index1的店铺",belliue,qinhaihua,刘子书,lj稻草人,小御思,多彩广告,"工作室 |            
            禹●爱工作室","个人 |            
            新视点",501,爱情表白
【文学创作】搞笑视频小故事剧本，以餐厅为背景，在餐厅里发生的故事,https://task.epwk.com/327010/,12135,12,¥500,休闲哥,￥ 500,￥350,2015/1/10,"以餐厅为背景，拍摄搞笑视频，以对白或情节为主，类似于《武林外传》是以同福客栈为背景一样，餐厅为汉朝文化餐厅，演出人员均为餐厅服务人员或厨师，服务人员均穿着汉朝服装，情节可以是员工之间的故事，也可以是服务客人时发生的故事，或者是网上流传的搞笑段子，背景资料和餐厅情况请加餐厅微信公众账号做了解，搜索公众账号：八大菜，或者加微信好友：xinjiangbadacai，详细了解，大家可以和我直接联系，我的QQ是59959918                    剧本要求：                            1、以餐厅为背景，拍摄搞笑视频，以对白或情节为主，类似于《武林外传》是以同福客栈为背景一样。2、餐厅为汉朝文化餐厅，演出人员均为餐厅服务人员或厨师，服务人员均穿着汉朝服装，情节可以是员工之间的故事，也可以是服务客人时发生的故  事，或者是网上流传的搞笑段子，         3、每个视频大概只需要1~2分钟，所以，对白要简洁，搞笑，写明表情和动作，要达到搞笑的效果。4、也可以有长篇的故事，发生在餐厅的故事i就可以，要能吸引看视频的人，每个视频只有2分钟左右，长篇故事需要做每集的划分，并且有包袱。                                       知识产权说明：                                            1、所设计的作品为原创或者网络上自己搜集，如有侵犯他人著作权，由设计者承担所有法律责任;                                        2、中标的设计作品，我方支付设计制作费，即拥有该作品的知识产权，包括著作权,使用权和发布权等,有权对设计作品进行修改,组合和应用;设计者不得再向其他任何地方使用该设计作品;",任务编号：327010,"工作室 |            
            瀚森创意文字坊","工作室 |            
            瀚森创意文字坊","个人 |            
            贪玩秀秀的商铺","工作室 |            
            瀚森创意文字坊","工作室 |            
            瀚森创意文字坊","工作室 |            
            瀚森创意文字坊","工作室 |            
            瀚森创意文字坊",,,,500,文学创作
【其他】《众包与威客》的问题征集,https://task.epwk.com/326404/,13784,52,"¥3,000",epweike,￥ 3000,￥450,2015/1/7,平台征集，最贴近一线工作的实用案例;　　强强联手，草根力量汇聚尽显专业实力!　　清华大学电机系博士毕业，管理学博士后，副教授王强老师 联袂一品威客网，打造国内第一套《威客与众包》系列丛书(王老师的微信公众号是DrwangqCHO，其新浪微博是“磐石旗厦门”，欢迎大家关注、沟通)。“让赚钱更简单!”是一品威客网推出此书的目的。本书将汇集百篇实用案例，由王强博士执笔进行点评和案例分析。　　我们来出书，给自己一个机会，给读者一个惊喜……　　为了让此书更具有实用性和可读性，我们将面向威客朋友们征集您在威客平台使用中的问题，欢迎大家畅所欲言!　　其中有代表性的问题将入选本书进行详细解答。如果你的问题入选了，一品威客网CEO黄国华将提前给你单独解答。　　提交方式：将你的案例和问题发表在该任务中，并留下联系方式。　　截止时间：2015 年1 月30日　　入选奖励　　* 稿酬：入选1个问题支付稿费30元。　　详情咨询：QQ群：433060717　　王强博士微信：Drwangqxm　　一品小编微信：epweikeqiqi,任务编号：326404,"工作室 |            
            心物同元hjy",任行,"个人 |            
            乔蝎创意经典",lijie28,葡萄正在待命,"个人 |            
            133思维","个人 |            
            艾豆笔尖",yao7079,"工作室 |            
            楚楚文案工作室","工作室 |            
            独家设计",3000,其他
