标题,标题链接,查看数,参与数,需求价格,状态,任务类型,需求方,需求文本,发布时间,完成时间,任务编号,交易价格,工作周期,设计师地点,设计师,字段1_link,详情标题,字段1,字段1_link1,设计师类型,设计师等级,设计师信用,交易总次数,交易总金额,详情标题1,字段2,服务1,价格1,服务2,价格2,服务3,价格3,服务4,价格4,服务5,价格5,服务6,价格6,服务7,价格7,服务8,价格8,服务9,价格9
【门头设计】店铺招牌和形象墙设计,https://task.epwk.com/1096845/,447人,5人,¥300,圆满完成,门头设计,壹选EL9nN,此招牌和形象墙就着原来的底板基材，仅仅更换内容，底色不变。主要大字内容做红色发光字，次要内容做立体小字。素材有好喜彩品牌logo，见附件。招牌主要内容：好喜彩糖果次要内容：囍糖、喜饼、巧克力、新年糖、喜礼、果冻地址：新广丰A区12栋19号    电话：13357240786招牌尺寸：高1.63m宽4.85m形象墙：宽1.96高2.1m,2024-11-15,2024.12.10,任务编号：1096845,300.0,,,浅茉之设工作室,https://shop.epwk.com/v0n1xwg0x57y/,浅茉之设工作室,出售服务,https://shop.epwk.com/v0n1xwg0x57y/chushou/,个人,三品,37分,,,浅茉之设工作室,,,,,,,,,,,,,,,,,,,
【门头设计】公司入口，门头设计,https://task.epwk.com/1093139/,1753人,15人,¥500,圆满完成,门头设计,益企发gj9MR,· 场地信息：公司入口· 功能需求：体大气，上档次· 交付方式：效果图1张，公司名称  XGY广告语   专业工程照明灯具生产商,2024-09-30,2024.10.27,任务编号：1093139,500.0,,,奇墨设计,https://shop.epwk.com/v0n1x1qp057y/,奇墨设计,出售服务,https://shop.epwk.com/v0n1x1qp057y/chushou/,工作室,四品,38分,,,奇墨设计,,新年贺卡设计,"￥500
            /件",宣传折页设计,"￥500
            /件",网页美化,￥1000,字体设计,100,产品包装设计,"￥1000
            /件",海报设计,"￥500
            /件",企业/产品宣传册,"￥150
            /件",企业VIS设计,15000,企业标志设计,"￥1500
            /件"
【庭院设计】别墅室外简单亮化设计,https://task.epwk.com/1080677/,426人,3人,¥300,圆满完成,庭院设计,微服c8RIL,草原小型别墅    增加5-7处正面外墙及前园亮化即可  外墙可布线，但是前园尽量选择太阳能之类的灯具，光线要求暖色系   且可直接淘宝采购的，灯具采购限制在1800元以内     注意：需要提供亮化具体安装点位及采购明细  最好有效果图,2024-05-18,2024.06.13,任务编号：1080677,300.0,,,寻隐者建筑园林设计,https://shop.epwk.com/omdwkjp6qdrp/,寻隐者建筑园林设计,出售服务,https://shop.epwk.com/omdwkjp6qdrp/chushou/,工作室,七品,40分,,,寻隐者建筑园林设计,,厂区建筑园林景观鸟瞰图设计,"￥100
            /日",自建房厂房建筑设计,价格面议,夜景效果图亮化工程灯光效果图设计,价格面议,接建筑园林方案设计，施工图，效果图绘制,"￥100
            /日",,,,,,,,,,
【其他建筑设计】农业景区大门区域3D效果图设计方案,https://task.epwk.com/1058779/,1083人,8人,¥500,圆满完成,其他建筑设计,金客QKlfT,农业景区大门区域3D效果图设计要求 一、任务需求：1、在原大门的区域设计出新大门区域的3D效果图(需含大门右边景区广场及大门左边停车场的入口效果展示)2、大门右边区域的景区不限大小（不可跨过农田及建材店）3、大门左边区域的生态停车场不限大小（不可跨过高压电塔及旧建筑物） 二、整体设计要求：1、整体设计应以中华田园风为主题2、整体设计可以贴切现代农业产业园的科技风、抽象风等风格3、整体设计需符合主营服务内容：农业、研学、文旅、共享农庄4、整体设计要求新颖，让游客们来到后觉得眼前一亮，使游客不自觉的拍照打卡留念5、该区域为非建设用地（地面不可硬底化） 三、作品提交要求：1、作品使用软件不限，可自由发挥2、作品需包含大门3D效果图(含大门右边景区广场及大门左边的停车场入口) 四、知识产权要求：1、作品均需未被商用或授权他人使用，必须为原创作品2、不可抄袭、盗用他人作品，且作品版权未移交他人（如作品中含有素材元素属于非原创的，默认为创作者已经获取了版权的使用授权许可）3、作品提交后，我司拥有展示、商用、复制、推广、宣传、展览等权利，不另付稿酬，不受地域限制4、我司在支付酬金后，我司即刻拥有该作品的完整著作权，包括该著作权的财产权及人身权5、最终结果公布后，未被选定的作品，即可自行处理,2023-09-25,2023.10.18,任务编号：1058779,500.0,,,心合工作室,https://shop.epwk.com/omdwk90ywdrp/,心合工作室,出售服务,https://shop.epwk.com/omdwk90ywdrp/chushou/,工作室,九品,38分,,,心合工作室,,,,,,,,,,,,,,,,,,,
【效果图设计】服装样板间设计,https://task.epwk.com/1057230/,3054人,12人,¥1500,圆满完成,效果图设计,o5a85321badb89,位置:第三层办公楼，房间尺寸是长34米*宽8.5米，共9间。地面到梁下高3.3m到房顶高5.08m，楼梯间开口6*3.6m，要求有服装陈列区洽谈区卫生间请提供设计方案1，需要展厅装修后的效果图2，是工厂内的服装展示区，3    卫生间1-2个就行4，可以需要一个换衣间,2023-09-12,2024.10.26,任务编号：1057230,1500.0,,,寻隐者建筑园林设计,https://shop.epwk.com/omdwkjp6qdrp/,寻隐者建筑园林设计,出售服务,https://shop.epwk.com/omdwkjp6qdrp/chushou/,工作室,七品,40分,,,寻隐者建筑园林设计,,厂区建筑园林景观鸟瞰图设计,"￥100
            /日",自建房厂房建筑设计,价格面议,夜景效果图亮化工程灯光效果图设计,价格面议,接建筑园林方案设计，施工图，效果图绘制,"￥100
            /日",,,,,,,,,,
【门头设计】幼儿园门头设计,https://task.epwk.com/1049056/,747人,6人,¥300,圆满完成,门头设计,同君行Y8ZzF,幼儿园门头 经营介绍：“世纪精灵幼儿园是一家以国学文化为主的幼儿园要求：1、大气、简洁、明快;2、有视觉冲击力，醒目易识别，突出国学文化元素;3、能体现特色，LOGO已有，4、附上创意说明。5、材料可以考虑铝单板知识产权说明： 1、所设计的作品为原创，为第一次发布，未侵犯他人的著作权，如有侵犯他人著作权，由设计者承担所有法律责任;,2023-07-12,2023.08.04,任务编号：1049056,300.0,,,隐形人设计工作室,https://shop.epwk.com/omdwkv97mdrp/,隐形人设计工作室,出售服务,https://shop.epwk.com/omdwkv97mdrp/chushou/,工作室,一品,53分,,,隐形人设计工作室,,企业电商详情页设计,"￥1000
            /起",产品字体设计,"￥500
            /起",产品海报设计,"￥1000
            /起",企业产品画册设计,"￥300
            /页",产品包装设计,"￥1000
            /起",logo品牌标志设计,"￥500
            /起",,,,,,
【门头设计】内蒙古牛肉干连锁店店面设计,https://task.epwk.com/1029538/,1490人,10人,¥1000,圆满完成,门头设计,mf159****2266,1·简约大气的风格2·有原生态的元素3·不要出现蓝天白云，太俗4门牌上有LOGO，牛肉干，非遗传承，全国连锁NO.123,2023-02-16,2023.03.11,任务编号：1029538,1000.0,,,奇墨设计,https://shop.epwk.com/v0n1x1qp057y/,奇墨设计,出售服务,https://shop.epwk.com/v0n1x1qp057y/chushou/,工作室,四品,38分,,,奇墨设计,,新年贺卡设计,"￥500
            /件",宣传折页设计,"￥500
            /件",网页美化,￥1000,字体设计,100,产品包装设计,"￥1000
            /件",海报设计,"￥500
            /件",企业/产品宣传册,"￥150
            /件",企业VIS设计,15000,企业标志设计,"￥1500
            /件"
【其他建筑设计】厂房外观改造，面板全部更换，包括窗户，请提供外观设计效果,https://task.epwk.com/1015793/,1543人,5人,¥360,圆满完成,其他建筑设计,o5a85321badb89,厂房外观改造，面板全部更换，包括窗户，请提供外观设计效果，尺寸8222米，高度11米,2022-09-27,2022.11.07,任务编号：1015793,360.0,,,o5e567eddd2042,https://task.epwk.com/javascript:;,,,,,,,,,,,,,,,,,,,,,,,,,,,,
【其他建筑设计】办公楼改造设计,https://task.epwk.com/1015788/,4946人,13人,¥720,圆满完成,其他建筑设计,o5a85321badb89,原来二层改为三层，外观统一改造,2022-09-27,2023.03.30,任务编号：1015788,720.0,,,寻隐者建筑园林设计,https://shop.epwk.com/omdwkjp6qdrp/,寻隐者建筑园林设计,出售服务,https://shop.epwk.com/omdwkjp6qdrp/chushou/,工作室,七品,40分,,,寻隐者建筑园林设计,,厂区建筑园林景观鸟瞰图设计,"￥100
            /日",自建房厂房建筑设计,价格面议,夜景效果图亮化工程灯光效果图设计,价格面议,接建筑园林方案设计，施工图，效果图绘制,"￥100
            /日",,,,,,,,,,
【办公空间】办公楼面和庭院创意概念性设计方案,https://task.epwk.com/990384/,1723人,8人,¥2000,圆满完成,办公空间,o6242d57c454f9,"公司介绍广东态合堂实业有限公司，于2006年成立，旗下多家公司致力发展林业、林下经济、健康产业等""林业+""项目，业务范围广泛，具备专业的人员队伍和技术水平，建设经验成熟。态合堂先后获评市级、省级和国家级林下经济示范基地的荣誉称号，获评广东省林业龙头企业和国家林业重点龙头企业，并正在建设广东惠州国家林药科技示范园区，为当地林业的发展不断贡献力量。主办单位广东态合堂实业有限公司作品要求1.设计者以图文结合等方式做方案创意设计，办公楼外立面设计要有公司林业特色，需要满足人们对森林的各种需求得到释放，林业新经济概念（含大生态概念）。有循环经济、共享经济、未来经济，另外，装修和设计选材上面可以选择低碳环保、二手的材料，增加公司低碳形象，融入我们共同建设未来地球。2.内容为办公楼外立面外观、楼外的庭院，发挥自己的设计创意能力。制作一个初步概念性设计方案，方案内有整体的设计框架、色彩、空间布局和创意点的说明，思路要清晰明了，在效果图旁标注好每个地方用的材料。3.不得违反《中华人民共和国商标法》的有关规定，须为原创作品，为第一次发布，未侵犯他人的著作权，如有侵权，由设计者承担所有法律责任。",2022-04-07,2022.04.24,任务编号：990384,2000.0,,,数控工作室,https://shop.epwk.com/89dvgvvmldl2/,,,,,,,,,,,,,,,,,,,,,,,,,,,,
【新房装修】民宿宾馆装修设计,https://task.epwk.com/981929/,1734人,5人,¥360,圆满完成,新房装修,风行水上666,自建房，准备开个民宿宾馆，总计7间，15.513.5米，210平左右，阳台尺寸目前实际1.2米。附件房型供参考，客厅改为1个单间，东南角改为多人间，阳台走廊有门，无卫生间。西北角一大间带上卫生间。,2022-02-13,2022.02.25,任务编号：981929,360.0,,,笔映思维 popeopen,https://shop.epwk.com/omdwkjm4wdrp/,,,,,,,,,,,,,,,,,,,,,,,,,,,,
【施工图设计】平面布局创新设计,https://task.epwk.com/969347/,1247人,1人,¥150,圆满完成,施工图设计,尚品N519r,根据图片里的三个户型平面重新做平面优化，镜像的户型不算。该小区的业主群体为医护，及其他单位职工。根据户型原本不合理的地方进行优化，创新。也可推翻原来的布局，重新布局设计，重新改房间位置。如有符合要求作品，后期追加效果图及施工图合作,2021-11-13,2021.11.29,任务编号：969347,150.0,,,SAN设计工作室,https://shop.epwk.com/9w56eqe9kdv1/,,,,,,,,,,,,,,,,,,,,,,,,,,,,
【办公空间】商会办公室设计,https://task.epwk.com/964588/,1485人,2人,¥1000,圆满完成,办公空间,小丑鱼111,联系微信发送cad图纸以及现场图1、前台区需要设立前台和背景墙区；2、贵宾室需8个单人沙发及茶几，2个主宾位；需考虑空间是否够用，如不够可考虑扩大原有隔墙；3、会议活动室会议桌需考虑多种应用场景的变化，桌椅可活动自由组合摆位；入口门需改位；4、总经理室为1人办公，需考虑接待；5、4人办公室需考虑资料柜位置；6、接待茶区需茶水吧、长条茶桌，兼备喝茶、休闲的功能，此区域为重点需设计区域；7、财务室需分开2间，1间为财务总监，1间为2个出纳办公位；需考虑资料柜；入口门需改位；8、董事长办公室为套件，现有建筑格局可改动，需考虑入门玄关；9、小型游戏开发接待室初步考虑分割成小游戏开发区和喝茶休息区，隔断需考虑采光；可将此间扩大，将入口过道包含在内； 以上为办公室的设计要求，原则上可按照原有布局分割、优化，也可重新规划设计；,2021-10-28,2021.11.21,任务编号：964588,1000.0,,,友度品牌设计,https://shop.epwk.com/7g5yky8e2n0q/,,,,,,,,,,,,,,,,,,,,,,,,,,,,
【效果图设计】给我画一张房屋平面图（大连市）,https://task.epwk.com/943452/,2903人,17人,¥500,圆满完成,效果图设计,o5ed0b1ebec337,给我画一张房屋平面图（大连市）5间房屋，长17.5m，宽11m功能要求：一个客厅，一个厨房餐厅，2-3个卫生间，一个书房或小型手游开发室4-5个卧室东北角一个设备间，10平左右房屋整体是中式风格或徽派，怎么布局科学合理，给我画出来，下面图片是我自己画了1个，抛砖引玉。,2021-07-08,2021.08.28,任务编号：943452,500.0,,,桐檬,https://shop.epwk.com/z2nkzrpx2nqy/,桐檬,出售服务,https://shop.epwk.com/z2nkzrpx2nqy/chushou/,个人,九品,36分,,,桐檬,,,,,,,,,,,,,,,,,,,
【软装设计】形象墙设计，侧面墙软装方案,https://task.epwk.com/942710/,1370人,7人,¥720,圆满完成,软装设计,o5d7d2b405566e,公司名称:眉山赫焜科技有限公司经营范围:区块链技术研发，应用、推广，网络技术开发、技术咨询，企业管理咨询，商务信息咨询LOGO:已上传要求:在已选择地毯颜色和前台颜色为前提进行设计墙体尺寸:已标注图上,2021-07-04,2021.07.15,任务编号：942710,720.0,,,京瑜传媒,https://shop.epwk.com/81n41q6qynp6/,,,,,,,,,,,,,,,,,,,,,,,,,,,,
【其他家装服务】招待用28平米小餐厅装修设计,https://task.epwk.com/942279/,2196人,13人,¥300,圆满完成,其他家装服务,seasonlone,空间长6米，宽4.8米长方形，地面已经铺好地板，主要是对墙面、天花板、灯光等进行设计，风格以中式、新中式等风格为佳。,2021-07-01,2021.07.30,任务编号：942279,300.0,,,自在天地工坊,https://shop.epwk.com/89dvgw1rzdl2/,,,,,,,,,,,,,,,,,,,,,,,,,,,,
【软装设计】山东智来律师事务所形象墙设计,https://task.epwk.com/939471/,1483人,9人,¥500,圆满完成,软装设计,o60c3****39361,山东智来律师事务所刚刚成立，现有办公地点有几处空白墙。目前需设计顺楼梯而上的侧面墙（尺寸5m长*3m高），为宣传法律文化，体现律师事务所特色，特委托设计。,2021-06-12,2021.07.09,任务编号：939471,500.0,,,步同品牌设计,https://shop.epwk.com/09drjrw2q53w/,,,,,,,,,,,,,,,,,,,,,,,,,,,,
【餐饮饮食】红色主题餐厅效果图设计,https://task.epwk.com/939103/,1845人,11人,¥816,圆满完成,餐饮饮食,story8234,"经营介绍：红色历史博物馆附属餐厅设计设计内容：效果图1、2张即可，甲方选定后进行后续设计设计要求： 1、作为博物馆（第一党支部博物馆）的延续，体现红色特色，内容为建国前红色文化（不要文革类红色文化）。2、可融入军事元素，融入农业元素，融入山区文化。3、先设计其中一个餐厅，尺寸为长13。5米， 宽5.8米。中标后洽谈后续方案。4、设计以软装为主，不改变主体结构。知识产权说明： 1、所设计的作品为原创，为第一次发布，未侵犯他人的著作权，如有侵犯他人著作权，由设计者承担所有法律责任;2、中标的设计作品，我方支付设计制作费，即拥有该作品的知识产权，包括著作权,使用权和发布权等,有权对设计作品进行修改,组合和应用;设计者不得再向其他任何地方使用该设计作品。",2021-06-09,2021.07.05,任务编号：939103,816.0,,,o5e95bf8cc4bf8,https://task.epwk.com/javascript:;,,,,,,,,,,,,,,,,,,,,,,,,,,,,
【新房装修】建面95平方户型方案修改,https://task.epwk.com/935140/,2736人,14人,¥300,圆满完成,新房装修,o5c204789ed297,建面95，套内应该只有70多，已有好几稿方案了，但均不太满意，希望有能人志士给出可靠的修改建议，先谢谢大家。主要诉求包括： 1. 原户型无玄关，进门左侧是落地窗，不舍得遮挡光线，所以没有玄关柜的位置，希望能够解决这个问题。 2. 餐厅位置就在厨房和入户门之间，过于局促，为通煤气的限制，也不能做开放式厨房，是否可以客餐厅合并？如果可以，又应如何安置？最好还能有个餐边柜放些烧水壶之类的小电器。 3. 原户型的客厅正对多功能房的墙，多功能房可以适当缩小，但电视墙不完整和面宽过窄的问题应如何解决？希望多功能房能够预留1.5米床的位置。 4. 原户型只有一卫，而且很小，希望改成两卫，并实现干湿分离。目前已有方案，唯一不满意的就是80公分的洗脸池两边靠墙，操作有些不变，也有想过洗脸池移至沙发旁边位置，又担心影响美观，目前还在犹豫之中。主要就是以上这些问题，现上传原始户型的结构和目前暂定的三个方案，其中第二个方案沙发墙和电视墙的距离有误，请参考另两个方案。希望户型优化能够解决以上问题，需出具dwg文件，采纳后若需详细的施工图，价格另外商量。请大家在满足以上要求的同时，也兼顾收纳足够、动线流畅和简洁美观，谢谢！,2021-05-18,2021.06.26,任务编号：935140,300.0,,,佳瑞设计工作室,https://shop.epwk.com/j7n3817x35e1/,,,,,,,,,,,,,,,,,,,,,,,,,,,,
【软装设计】科研平台形像墙设计,https://task.epwk.com/934815/,2192人,12人,¥688,圆满完成,软装设计,qztcweb1zw,一、形像墙上要有下面6个平台名称，但是可以更具需求去减少或增加平台名称在形像墙上，同时不能在形像墙下留下痕迹。1、南方海洋创新药物研发平台2、福建省核受体药物工程研究中心3、福建省靶点新药行业技术开发基地4、福建省药物新靶点研究重点实验室5、厦门市靶点新药工程技术研究中心6、教育部“核受体肿瘤分子靶点与药物开发”创新团队 二、形像墙上的消火栓太凸显影响整体美观需要做修饰处理，让它和形像墙融为一体但又不能影响使用和消防检查。三、形像墙上需要有播放平台的视频介绍，可以内嵌电视，投影等可更具整体效果进行设计四、因为这是形像墙所以需要有凸显美观的效果，但又因为是一个科研学术平台不宜设计过为花哨，以简约干净美观实用为主需要有设计感或是有一些科研的元素。五、客户希望可以形像墙表面可以用浅色木纹理材质表达，6个铜牌平时都需要放到形像墙上，如果某一个平台的主管领导来，要把那个牌子凸显一下，其他牌子还是要在上面，但怎么凸显是个问题。牌子不一样大的问题要怎么克服才会协调。牌子现有60X40CM的一个，还有二个50X70CM的，另个三个需要新做。六、设计方案需要可以落地执行，前期可以先出平面图和效果图定稿后需要出施工图指导施工。,2021-05-16,2021.07.28,任务编号：934815,688.0,,,自在天地工坊,https://shop.epwk.com/89dvgw1rzdl2/,,,,,,,,,,,,,,,,,,,,,,,,,,,,
【软装设计】办公室设计，已有平面图，需设计LOGO墙和整体效果图,https://task.epwk.com/933512/,2730人,9人,¥1500,圆满完成,软装设计,o60877f17d4dfd,请查看平面图，是否合理，如果认为不合理，请指出问题，可修改家具尺寸。需要：LOGO墙设计、整体效果图要求：1、LOGO墙须标明LOGO尺寸、位置、材质等细节（重点是此项设计）；2、画出粗略的整体效果图，整体要和谐统一（此项可不必那么精细，有大概的整体效果即可）。提供：平面图、LOGO（LOGO无矢量图）说明：目前的平面图粉色部分可以更改，LOGO墙考虑如果玻璃中空，不利于维护（容易脏），要更改为实心的。,2021-05-08,2021.05.24,任务编号：933512,1500.0,,,自在天地工坊,https://shop.epwk.com/89dvgw1rzdl2/,,,,,,,,,,,,,,,,,,,,,,,,,,,,
【办公空间】LOFT办公室设计建议,https://task.epwk.com/929847/,1038人,3人,¥200,圆满完成,办公空间,o605174bbd625d,"层高板间到板间4.79米,最大的梁高50CM,设计稿差不多也出了,就是看一看各位大神能不能对这种房型给一些好的建议,避坑而且可能会意外出彩.  现在问了钢架加水泥,中间层为20CM.",2021-04-15,2021.05.03,任务编号：929847,200.0,,,wongcc,https://task.epwk.com/javascript:;,,,,,,,,,,,,,,,,,,,,,,,,,,,,
【门头设计】饭店门头设计,https://task.epwk.com/920728/,2379人,9人,¥700,圆满完成,门头设计,cuidonglai,"饭店门头设计饭店门头设计，参考图片，已有的比较单一，造型变更一下设计要求： 1、大气、简洁、明快;2、有视觉冲击力，突出餐饮品牌元素;3、附上创意说明。知识产权说明： 1、所设计的作品为原创，为第一次发布，未侵犯他人的著作权，如有侵犯他人著作权，由设计者承担所有法律责任;2、中标的设计作品，我方支付设计制作费，即拥有该作品的知识产权，包括著作权,使用权和发布权等,有权对设计作品进行修改,组合和应用;设计者不得再向其他任何地方使用该设计作品。",2021-02-24,2021.04.10,任务编号：920728,700.0,,,自在天地工坊,https://shop.epwk.com/89dvgw1rzdl2/,,,,,,,,,,,,,,,,,,,,,,,,,,,,
【其他家装服务】40平样品展示厅+直播间设计效果图,https://task.epwk.com/919107/,1165人,5人,¥1700,圆满完成,其他家装服务,o5e1ecadf3ae74,要求1 ： 展品种类多，要求每类样品需要设计合理的陈列方式跟位置 。有部分图列仅供参考！  要求2 ： 样品间需要设计出直播间的感觉，需要设计一个地方讲解产品跟客户互动。要求3 ： 样品间需要设计隐藏式影棚的位置（如果空间不足可以不设计）要求4 ： 进来参观，美观大方，随处可以看到公司LOGO。要求5 ： 重要！设计出来的东西可以轻松实现！展示效果佳！需要提供平面图，效果图。选定图纸后，会根据要求做修改，把具体的产品图片等发过去修改。（要仔细的效果展示图展示方式，完成度能90%+）算完成产品陈列需要按照4个系类分别设计，一个系类陈列在一起。具体的产品体产品尺寸图片，以及部分样品摆放图列共参考。因为不方便公开产品信息， 需要单独私聊发WORD文档,2021-02-08,2021.03.01,任务编号：919107,1700.0,,,海旭设计,https://shop.epwk.com/09drjr2g653w/,海旭设计,出售服务,https://shop.epwk.com/09drjr2g653w/chushou/,个人,二品,50分,,,海旭设计,,室内设计（公寓）,价格面议,室内外装饰设计,价格面议,LOGO设计,价格面议,,,,,,,,,,,,
【软装设计】公司logo设计（前台形象墙设计）,https://task.epwk.com/918501/,2079人,27人,¥500,圆满完成,软装设计,zhouxiaoye,1）应用范围：公司前台形象墙、名片及宣传册等2）公司介绍：银行支付系统仿真测试软件开发、产品销售及技术服务为一体的高新技术企业。（官网：http://www.gpaybank.com/）3）中文简称：银拓科技 4）英文名称：gpaybank二、LOGO设计说明：1) gpaybank英译指支付银行的意思，公司客户群体主要是银行或金融类机构。2）图案可根据首写字母yt设计成钱符号的图案。也可自行设计（因英文名称不是公司的中文名意思，故希望图标能体现出公司名称或产品特征），最后呈现出图案+英文gpaybank的组合3）简洁大气，内涵丰富，易于识别、色彩稳重、鲜明，具有视觉冲击力、时尚感、科技感和立体感； 4) 提供对LOGO设计的寓意文字说明，并注明标准色和提供多种配色方案；,2021-02-02,2021.02.20,任务编号：918501,500.0,,,龙蛇映像,https://shop.epwk.com/rp5z407v7dx3/,,,,,,,,,,,,,,,,,,,,,,,,,,,,
【门头设计】禅意风格会所门面设计,https://task.epwk.com/908066/,1616人,6人,¥500,圆满完成,门头设计,o5d9d****5649e,门面设计要求：极简禅意风格设计。在附件中室内平面图的基础上，做整体的店面的门面设计。需预留出会所logo位置。在现有店面的基础上玻璃部分不做大的改动。夹层三个连通的店面有两个落地采光窗（附件：二层平面图示红框部分位置），窗外部分须为：无遮挡或者尽量少遮挡。夹层三个连通店面与两个连通店面的连接位置为可通行廊道（附件：二层平面图示黄框部分位置），须半遮挡或全遮挡。栏杆高度不低于标准高度。会所装修风格——整体外观一体，形成禅意风格，吸引人的网红打卡景观会所经营一层泡茶区：香道、茶艺、古琴的会所形式二楼店面隔层为全落地玻璃，外观设计不影响窗台全景视野,2020-12-03,2021.01.17,任务编号：908066,500.0,,,小阿飞_,https://task.epwk.com/javascript:;,,,,,,,,,,,,,,,,,,,,,,,,,,,,
【效果图设计】一个会议室加两处书柜的3D效果图设计,https://task.epwk.com/903393/,2001人,3人,¥100,圆满完成,效果图设计,慧智创意设计,场景：一个银行大厅的会议室重点家具模型：1、定制中岛书柜一个（上面要求摆放书），实物图片是三层，做的效果图只要两层高度2、定制矮书柜并排两个要求：色调和谐、采光明亮，整体效果好。有参照效果图细节要求不高。任务要求。需要导出3-4张效果图（场景如参照效果图），不需要动图和可视模型。,2020-11-09,2020.12.26,任务编号：903393,100.0,,,o5d32e2d27b157,https://task.epwk.com/javascript:;,,,,,,,,,,,,,,,,,,,,,,,,,,,,
【其他家装服务】房地产中介室内布局设计效果圖,https://task.epwk.com/902682/,3056人,10人,¥800,圆满完成,其他家装服务,o5eeb151e5c857,"店铺是房地产中介公司，需要做室内设计，座位是九个或以上，店铺日常会有客户查询。进门上方是小中空的地方，需要配楼梯上去，进行省位的设计，楼上用于开会议，一张大桌就行。在楼梯底部有少部分位置可以使用,但那部份不能用作座人，有关座位与桌面的大小：两个人坐的话，阔度到少120 cm，宽度50cm，！还有因为座位舒适度，桌子与相邻空间需要至少40 cm。CAD檔案已經做好,可以提供下載,歡迎投稿请投稿的同时加微信发稿，人在海外，不方便登录 微信稿件中意会让客服帮忙选中标 请加微信：CongDW",2020-11-04,2020.11.30,任务编号：902682,800.0,,,是只鸭,https://task.epwk.com/javascript:;,,,,,,,,,,,,,,,,,,,,,,,,,,,,
【门头设计】魔动早教中心门头设计,https://task.epwk.com/902615/,1624人,8人,¥700,圆满完成,门头设计,candyzhangtru,早教中心门头改造设计：1. 魔动中心名字叫魔动早教，用城堡概念，有魔幻风格，2.招牌做有立体效果，感觉有动态，Q版类，城堡形象设计可大小不一，突出教育理念是千变幻化。3.色彩不能太沉但需显示出魔幻&魔法类型，需要给人一种想进来学习魔法的感觉。4.整个设计师生动而富有魔幻的教育学堂。5.原有门头尺寸请看附件。需要设计原文档，解像度可供直接打印施工。6. 两边咖啡色的柱子可遮挡上，因需要设计成城堡的效果。,2020-11-04,2020.12.18,任务编号：902615,700.0,,,亦谷设计,https://shop.epwk.com/78n96gpy8nkv/,,,,,,,,,,,,,,,,,,,,,,,,,,,,
【软装设计】招牌和形象墙设计,https://task.epwk.com/898636/,2040人,11人,¥800,圆满完成,软装设计,gofar远为,智能锁店招和形象墙  以及墙体海报设计1，店招背板尺寸： 1350*4400CM              背板底色为黄色  见附图   大招牌LOGO加文字： GOFAR  智能锁 体验中心                                                                    小字为：深圳远为电子  20 年智能锁品牌2，形象墙尺寸： 2430*2400                底色待定 可以建议底色     LOGO加文字：GOFAR   深圳远为智能锁                                                                                                     小字：做让自己尊敬的人   做让世界尊敬的产品3：墙体海报在顶部用张贴喷绘图形式，尺寸：  4800*40   两幅  内容不同  一副展示指纹锁   一副展示酒店锁公寓锁                                                                                         可提供我公司产品图颜色字体搭配显示科技感  产品图备索,2020-10-15,2021.01.18,任务编号：898636,800.0,,,半山墨品牌营销设计,https://shop.epwk.com/j7n3813935e1/,,,,,,,,,,,,,,,,,,,,,,,,,,,,
【店铺厂房】商铺效果图设计,https://task.epwk.com/897551/,1622人,9人,¥200,圆满完成,店铺厂房,epweike2015,只要效果图，无需具体，用于健康产业经营项目，例如理疗美容之类。倾向时尚干净简约风格，尺寸大概为3.4*4.5详情：http://note.youdao.com/s/aiTXdrCz,2020-10-10,2020.11.21,任务编号：897551,200.0,,,小理-全屋木作定制衣柜定制,https://shop.epwk.com/zqdplx28on1v/,小理-全屋木作定制衣柜定制,出售服务,https://shop.epwk.com/zqdplx28on1v/chushou/,个人,九品,37分,,,小理-全屋木作定制衣柜定制,,,,,,,,,,,,,,,,,,,
【其他家装服务】房地产中介室内布局设计-簡易,https://task.epwk.com/887899/,3764人,20人,¥500,圆满完成,其他家装服务,o5eeb151e5c857,店铺是房地产中介公司，需要做室内设计，座位需求九个或以上，店铺日常会有客户查询。图4左边看到的楼梯是建造大厦楼上住宅的，所以与本设计无关，所以在楼梯底部有少部分位置可以使用，但那部份不能用作座人，因为希望有人业务员彻底都迎面看到进店的客户。有关座位与桌面的大小：两个人坐的话，阔度到少120 cm，宽度50cm，！还有因为座位舒适度，桌子与相邻空间需要至少70 cm。进门上方是小中空的地方，需要配楼梯上去，进行省位的设计，楼上用于开会议，一张大桌就行。图1地面图图2阁楼其余图供设计参考）本任务着重在摆位设计，希望投稿人重点放在空间布局运用，附上效果图会优先考虑中标。请投稿的同时加微信发稿，人在海外，不方便登录 微信稿件中意会让客服帮忙选中标 请加微信：CongDW,2020-08-25,2020.10.04,任务编号：887899,500.0,,,阿丽拉设计有限公司,https://shop.epwk.com/81n419oxonp6/,阿丽拉设计有限公司,出售服务,https://shop.epwk.com/81n419oxonp6/chushou/,企业,七品,40分,,,阿丽拉设计有限公司,,画册/封面/内页设计,"￥86
            /页",月饼中秋海报设计,价格面议,中秋月饼包装设计,价格面议,新中式茶室装修效果图设计,"￥2000
            /件",现代家居轻奢风格全屋装修设计,价格面议,美式轻奢全屋装修设计效果图,"￥8000
            /件",LOGO标识VI设计,"￥999
            /件",海报/展板设计,"￥388
            /页",客厅装修效果图制作,"￥600
            /件"
【其他建筑设计】自建房顶楼设计布局平面图,https://task.epwk.com/887143/,2886人,15人,¥500,圆满完成,其他建筑设计,小呗,自建房，朝向坐北向南，有后院，已经在建，一楼二楼如图纸建设，三楼还没有定好怎么建，现需要设计三楼户型（就是顶楼）。设计师发挥想象帮忙设计一个平面方案,2020-08-22,2020.09.27,任务编号：887143,500.0,,,禅生妙境,https://shop.epwk.com/3gd2mq32yner/,,,,,,,,,,,,,,,,,,,,,,,,,,,,
【软装设计】口腔前台背景墙设计,https://task.epwk.com/879869/,2617人,7人,¥300,圆满完成,软装设计,o5bc44e180c13a,1、一线城市，口腔诊所，前台候诊区，宽4.2深5.2，层高4.9米。诉求：现在的前台背景墙、前台和照射灯都太丑了。相当的不满意；尤其是那个灯，容易坏，太高了又不好维修。2、背景墙宽3.8米，高4.9米；前台桌离背景墙80cm要求：1、设计背景墙、前台、照明灯。2、背景墙放发光logo字，现在的墙面是米黄色瓷砖，仿皮质面，这面墙不能打拆，要设计只能在上面叠加。3、前台桌，现在是纯白色的，也很丑，太高了，不亲民。4、照明灯，我现在是白色的射灯+黄色的吊灯。白色的射灯太容易坏了，吊灯还不错。简约大方我知道平面空间比较小，比较难做高端大气上档次的，但是层高够，可以设计得高雅一些、明亮。前台桌可以设计得比较有牙科特色。刚好有装修队在隔壁，木工和电工都有，可以接我这个小单。,2020-07-22,2020.08.29,任务编号：879869,300.0,,,宜空间设计,https://shop.epwk.com/4rn8qj38gngm/,,,,,,,,,,,,,,,,,,,,,,,,,,,,
【效果图设计】160平方办公室图纸设计,https://task.epwk.com/879242/,2556人,14人,¥1000,圆满完成,效果图设计,o5e1ecadf3ae74,办公室实际尺寸见附件。 需要平面图以及效果图。谢谢。根据如下要求设计： 1- 铺地毯2- 需要设计大门，推荐使用指纹锁好还是什么其他3- 入口不需要前台，不要设计屏风或者墙挡住。 要有一个能贴我们LOGO的位置以及设计。4- 需要做隔断间如下：   a- 总经理室 （朝向必须跟大门一样）小于20平方供参考    b- 财务室 小于20平方供参考    c- 会议室 小于20平方供参考d- 样品间 大于等于40平方供参考e- 考虑插座的位置在在理5-办公区，直接放6卡位桌子。6- 休息区，放微波炉冰箱，零食。7-需要考虑公司文化墙位置。,2020-07-20,2020.08.03,任务编号：879242,1000.0,,,海旭设计,https://shop.epwk.com/09drjr2g653w/,海旭设计,出售服务,https://shop.epwk.com/09drjr2g653w/chushou/,个人,二品,50分,,,海旭设计,,室内设计（公寓）,价格面议,室内外装饰设计,价格面议,LOGO设计,价格面议,,,,,,,,,,,,
【办公空间】办公室平面布局设计,https://task.epwk.com/875392/,2479人,19人,¥600,圆满完成,办公空间,o5965c4b0981c7,具体设计要求请结合设计任务书，功能布局以实用性为主。,2020-07-04,2020.07.14,任务编号：875392,600.0,,,友度品牌设计,https://shop.epwk.com/7g5yky8e2n0q/,,,,,,,,,,,,,,,,,,,,,,,,,,,,
【办公空间】800平独栋办公平面设计,https://task.epwk.com/875276/,2527人,9人,¥600,圆满完成,办公空间,o5efefef776c46,三层楼800平独栋办公平面设计，要求三楼设计：两个独立大型办公室(可互通)，二楼设计：厨房、16人用餐包间、10人公共用餐区（可设计咖啡厅模式）、6-8人休闲室、陈列室（瓷画、瓷器为主）、水吧，一楼设计：12人茶室、15平独立休息室、三个独立办公室，总体要求每个房间要有窗。附件中的图纸凹型区域可浇筑填平。,2020-07-03,2020.07.23,任务编号：875276,600.0,,,IMM设计,https://shop.epwk.com/j7n381om95e1/,,,,,,,,,,,,,,,,,,,,,,,,,,,,
【展台展厅】40平方米茶叶铺面设计,https://task.epwk.com/875207/,3913人,23人,¥2000,圆满完成,展台展厅,紫上行0769,经营介绍： “合一功夫茶”是一家以经营普洱茶为主的特色茶叶店，并兼营“极品号”品牌普洱茶。全部茶叶用独特的传统工艺制作而成，口感独特，明显区别其它品牌，传承百年，获奖无数。设计内容：40平方米茶叶铺位，征集展示空间设计，包括铺面设计，店内布局，立面设计，茶叶展示架风格，品茶区的设置、茶叶展示标版设计。设计要求：1、大气、简洁、明快;2、有视觉冲击力，醒目易识别，突出合一功夫茶及极普品牌元素;3、能体现中国茶的特色，LOGO已有。4、附上创意说明。,2020-07-03,2020.08.24,任务编号：875207,2000.0,,,厚名设计工作室,https://shop.epwk.com/09drjjz3353w/,厚名设计工作室,出售服务,https://shop.epwk.com/09drjjz3353w/chushou/,工作室,五品,28分,,,厚名设计工作室,,设计,￥1200,家装设计,￥150,,,,,,,,,,,,,,
【效果图设计】要一个在一个会议室加两处书柜的3D效果图,https://task.epwk.com/874769/,1787人,5人,¥100,圆满完成,效果图设计,慧智创意设计,要一个在一个会议室加两处书柜的3D效果图一个定制的矮书柜一个是常见的博古架要求不高，类似就可以。,2020-07-01,2020.07.13,任务编号：874769,100.0,,,AYHL设计,https://shop.epwk.com/0z5o4y8r7njq/,,,,,,,,,,,,,,,,,,,,,,,,,,,,
【效果图设计】一室一厅效果图设计,https://task.epwk.com/873620/,1908人,9人,¥500,圆满完成,效果图设计,o5caaba7979e5e,房屋描述：一楼带天井（院子），院子无需设计，主要考虑室内，功能区已经定好了，入户的左边是敞开式厨房，右边是餐桌位置，临院子的两间，右边的那间是卧室，左边通往院子的是客厅。出租，1-2个人住，希望效果图简单大气！简约风，尽量白色和灰色为主基调，整屋做地暖，铺复合木地板。厨房考虑做一个吧台？也可以不做，餐厅的位置在入户的右边小空间，现在要考虑的是鞋柜的位置设计在哪里比较合适？如果是做在入户的右边餐厅空间，会不会挤占餐厅空间？房间和客厅不用复杂，房间就床，床头柜和衣柜，客厅沙发，茶几。为了节省大家的时间，我只需要酷家乐做的效果图即可，重中之重是鞋柜的位置。如果是设计在餐厅区域，务必考虑是否影响餐厅的空间的流动性。主要考虑整体风格和鞋柜的位置。尺寸不需要精准的，毕竟我们自己测量的也不够精准。,2020-06-28,2020.07.04,任务编号：873620,500.0,,,AYHL设计,https://shop.epwk.com/0z5o4y8r7njq/,,,,,,,,,,,,,,,,,,,,,,,,,,,,
【办公空间】很小面积办公室空间规划，可以只要效果图,https://task.epwk.com/869904/,2405人,14人,¥500,圆满完成,办公空间,o5ee1a0949ad27,很小面积办公室的空间规划。需要有产品展示区，这也是主要的功能，可以不要详细的，只要效果图就好，,2020-06-12,2020.07.19,任务编号：869904,500.0,,,o5eca95608b5c0,https://task.epwk.com/javascript:;,,,,,,,,,,,,,,,,,,,,,,,,,,,,
【园林设计】城市旅游综合体景观概念设计,https://task.epwk.com/864522/,4867人,16人,¥10000,圆满完成,园林设计,o5af5****3367f,项目占地面积：54216平方米绿化面积：绿化景观及硬化：30000平方左右甲方主体工程即将完工，园林景观项目提上日程，且时间紧迫，任务是适当结合云南省红河州历史文化，设计此项目的园林观景包括硬化铺装。要求：1、建筑总体规划按原总平面图，绿化及铺装规划可在原图基础上作适当的优化。2、不能违反相关国家强制性条文规范3、主要景观节点处需要式样图片说明4、彩色总平面图5、云上酒店门口的雕塑及水景按提供的效果图设计6、设计要考虑要上档次，美观大气。提交成果：1、彩色总平面图及DWG格式总平面图;2、简要设计说明；3、节点相关素材图片及文字说明。,2020-05-25,2020.06.09,任务编号：864522,10000.0,,,灯塔工业设计,https://shop.epwk.com/7lngqrvwwdmr/,灯塔工业设计,出售服务,https://shop.epwk.com/7lngqrvwwdmr/chushou/,工作室,五品,38分,,,灯塔工业设计,,,,,,,,,,,,,,,,,,,
【门头设计】月子会所门头设计,https://task.epwk.com/863639/,3514人,10人,¥1000,圆满完成,门头设计,o5c9b0c4e4de8a,1、门头设计为新中式2、与主体设计颜色要协调3、侧面消防通道处的设计与正面门头设计一样，采光要好,2020-05-22,2020.06.15,任务编号：863639,1000.0,,,一业木林,https://shop.epwk.com/z2nkzyowxnqy/,一业木林,出售服务,https://shop.epwk.com/z2nkzyowxnqy/chushou/,工作室,八品,39分,,,一业木林,,建筑方案设计,价格面议,城市规划设计,价格面议,效果图设计与制作,价格面议,建筑设计,价格面议,,,,,,,,,,
【其他家装服务】平面方案设计,https://task.epwk.com/861723/,4893人,27人,¥500,圆满完成,其他家装服务,韩柯1989,套房平面方案设计，满足功能需求的前提下，使其更有设计感。,2020-05-15,2020.07.19,任务编号：861723,500.0,,,天涯何处觅知音,https://task.epwk.com/javascript:;,,,,,,,,,,,,,,,,,,,,,,,,,,,,
【门头设计】便利店及自选餐厅招牌/门头设计,https://task.epwk.com/850698/,2252人,14人,¥500,圆满完成,门头设计,o5c1994e214ca7,一、招牌名称：1.海鹦鲜生社区便利店（嘉祥路店）2.海鹦自选餐厅（嘉祥路社区食堂）；二、便利店尺寸：7.2m*1.65m；餐厅尺寸：10.5m*1.65m。三、体现元素logo，附件中有LOGO及店面图片可供参考；四、除提供效果图外，要说明材质，我要做底板可以发光的，那种底板是亚克力或者其他的，字体用背光字体或者其他；五、设计过程中有需要了解的可以通过邮箱3521902912@qq.com进行沟通。,2020-04-07,2020.05.17,任务编号：850698,500.0,,,爱创空间设计,https://shop.epwk.com/3gd2myj4wner/,,,,,,,,,,,,,,,,,,,,,,,,,,,,
【办公空间】厂房内180平办公空间设计,https://task.epwk.com/844590/,2005人,6人,¥800,圆满完成,办公空间,o5caaba7979e5e,描述：厂房面积约180左右，租期5年，坐标深圳，男生办公，设备的技术研发以及调试。                                                                                                                        需求：1.硬装预算5万，包括灯具，电路，隔断，墙面，地面（放静电地坪漆）窗户不更换，可建议配置窗帘的类型；                                                                         2.功能需求：不设前台，设玄关，玄关处做公司的LOGO，加个电视，电视用来显示抓人脸的数据，或者可以演示设备的检测效果。不通水，需布置电路，不吊顶（省钱，不降低空间的高度），不装中央空调，平时办公人数5人左右，不用格子间，开放式的办公桌（兼会议桌），开放式办公，需隔出一间，偶尔招待客人，放置沙发，茶台（请发挥创意，可以是有创意，省钱的非石膏板类的隔断，比如铝方通，能有一定的私密性又不阻隔采光。需要考虑有一个地方（一面墙？架子？）准备展示专利和相关的资质，展示给客人。整体装修风格希望是工业风的，灰为主，带点科技感的。附件的实绘图标的HONG SE 区域希望做成设备（一般设备1*2米左右）的调试区，可能会放置几台，空间不能太小。效果图除尺寸外，请体现出主体材料，灯具是要能从市场或者网络购买到的，请标出灯的点位，师傅能看的出来具体灯具安装位置。附件有实景图2张，尺寸手绘图1张，比较倾向的工业风图，使用过的铝方通隔断图,2020-03-16,2020.03.30,任务编号：844590,800.0,,,佳瑞设计工作室,https://shop.epwk.com/j7n3817x35e1/,,,,,,,,,,,,,,,,,,,,,,,,,,,,
【展台展厅】展厅设计展厅设计,https://task.epwk.com/821421/,2978人,5人,¥2000,圆满完成,展台展厅,永恒01,"装修公司展厅设计，1、展厅内主要展示(衣柜、橱柜、瓷砖、木地板、乳胶漆、门、衣柜推拉门、洁具、洗手间样板间两个、水电施工模型展示）新颖，根据平面图尺寸设计，要考虑灯光设计，需要出各个板块全方位效果图及施工图2、展厅内还包含客户接待区、合同签订区 ，3进门右侧角落设计员工洗手间所设计的作品为原创，为第一次发布，未侵犯他人的著作权，如有侵犯他人著作权，由设计者承担所有法律责任;                     2、中标的设计作品，我方支付设计制作费，即拥有该作品的知识产权，包括著作权,使用权和发布权等,有权对设计作品进行修改,组合和应用;设计者不得再向其他任何地方使用该设计作品;",2019-12-13,2019.12.26,任务编号：821421,2000.0,,,xiaoxiang97,https://task.epwk.com/javascript:;,,,,,,,,,,,,,,,,,,,,,,,,,,,,
【施工图设计】900平米电商众创空间设计，只需要平面图,https://task.epwk.com/819204/,3362人,7人,¥300,圆满完成,施工图设计,o5dddef52b69ef,电子商务服务运营中心经营介绍：以创客孵化、电商服务为主的运营中心请设计结构合理，最大限度的利用整体空间结构空间需求： 1、大数据决策中心，有正面大屏和会议桌（50平方左右）; 2、运营中心，可容纳20人同时办公（工位）（60平） 3、培训中心，可容纳60人培训（100平） 4、实操室工位式32（100平） 5、5间独立办公室（40平方一间200平） 6、会计办公室3人用，主办要带玻璃隔间（30平方） 7、董事长办公室(60平方)带休息间 8、小会所-圆桌吃饭间（15人左右）+茶室+厨房+卫生间（100平） 9、会议室和接待室隔间（1个小型会议室40平，一个接待室30平） 10、直播间2个摄影棚1个（直播间20平方一个3个60平） 11、洗手间2个（20平，40平） 12、机房10平米设计要求： 1、董事长办公室和小会所要在一起，最好利用转角的那间，放在东面 2、会计办公室靠着董事长办公室; 3、靠近电梯的门进来要做个前台和背景墙 4、中间8扇门要封掉，只留两边的门 5、中间的墙全部要敲掉，除了黑色承重没法敲，敲成通间后用玻璃进行隔离； 6、中间的厕所间也不需要这么多，只需要留两个大一点的公共卫生间，一个男一个女； 7、两个会议室要在培训室隔壁，必要时可以打通成为一个大型会场； 8、整体感受要通透，可以错落开有格局感；,2019-12-06,2020.02.22,任务编号：819204,300.0,,,凡创设计工程工作室,https://shop.epwk.com/09drjr62e53w/,,,,,,,,,,,,,,,,,,,,,,,,,,,,
【软装设计】智慧城市协同创新中心标志、形象墙、房间标识设计,https://task.epwk.com/817403/,2341人,8人,¥1200,圆满完成,软装设计,o5d5792cf674cc,（1）   中心标志：山东省智慧城市协同创新中心专注从事智慧城市前沿科技研究，中心标志设计要求符合智慧城市和科研机构特征。（2）形象墙现场如下图：（图右中的消防红色设施最好不动）（3）房间标识牌尺寸及名称：尺寸高20cm*宽50CM（亚克力材质）房间名称1、物联网与城市感知实验室2、数据科学与城市计算实验室3、城市时空大数据与仿真决策实验室  以上设计需说明尺寸、材质、颜色,2019-12-01,2019.12.19,任务编号：817403,1200.0,,,步同品牌设计,https://shop.epwk.com/09drjrw2q53w/,,,,,,,,,,,,,,,,,,,,,,,,,,,,
【展台展厅】乡情村史管效果图,https://task.epwk.com/812666/,3562人,11人,¥1200,圆满完成,展台展厅,story8234,制作展厅的效果图1、只需要制作大门、第一展厅及复原民宅效果图，具体说明看附件：简单说明。2、第一展厅内容参看展陈大纲第一展厅部分。3、展厅设计思路为中国复古风格，房顶不需要动，只需墙面及地面。4、充分考虑空间使用，如有好的思路，可以不必考虑大纲中写到的保留中间部分内容，房间共有2个门，一进一出，请考虑展览路线。5、可放入电子显示屏。6、中标后，将给出房间具体数据，需要可以提供施工图（另外计费）。7、目前只出展厅效果图，第一期工程展厅共4个，将邀请中标者参与之后的设计。其他事宜随时补充。,2019-11-15,2019.12.01,任务编号：812666,1200.0,,,BR设计,https://shop.epwk.com/7lngqxkw8dmr/,,,,,,,,,,,,,,,,,,,,,,,,,,,,
【办公空间】200平米办公室平面设计,https://task.epwk.com/811156/,2888人,4人,¥220,圆满完成,办公空间,jxuans,200平米办公空间装修设计。长度21.5米，宽10.9米。功能要求：要求有：总经理、财务室、开发等 6个独立办公室。前台和大公共办公区.  会客室（会议室） 也可以合在一起。,2019-11-11,2019.11.29,任务编号：811156,220.0,,,商艺DESIGN,https://shop.epwk.com/m7d7wvpgw5q8/,,,,,,,,,,,,,,,,,,,,,,,,,,,,
【软装设计】部队院校形象墙设计,https://task.epwk.com/807923/,2485人,13人,¥360,圆满完成,软装设计,o5939****ac4bb,1、这个是某空军院校活动室背景墙设计，要求以空军蓝为主色调，体现学校特色，大气有内涵；2、背景墙上有电视和投影幕布，在美观的同时要考虑实用性；3、要有层次，最好加上灯带；4、附上学校网址，http://www.afeu.cn/web/afeu/index.html5、实景照片是之前的，要拆除重新设计。,2019-10-31,2019.11.18,任务编号：807923,360.0,,,o5be3ce7258365,https://task.epwk.com/javascript:;,,,,,,,,,,,,,,,,,,,,,,,,,,,,
【门头设计】日料店门头设计征集,https://task.epwk.com/805419/,2146人,5人,¥300,圆满完成,门头设计,优点网络科技,日料店门头设计，自有logo，要求神在型不在……logo，和实地图片，还有自己随便画的都在附件里了，自己画的自己都看不过去，越快越好，高端大气上档次还要省成本。 注意！！！！实地只有一扇门，进去是楼梯，店在二楼 门宽116厘米，高265厘米，左边是玻璃，宽242.5厘米，与门同高，可以加隔木板做形象墙 一楼上面二楼部分是全封闭包间，外侧也是门头一部分，需要一并设计,2019-10-23,2021.03.25,任务编号：805419,300.0,,,北山空间设计工作室,https://shop.epwk.com/z2nkz9212nqy/,,,,,,,,,,,,,,,,,,,,,,,,,,,,
【其他家装服务】室内平面设计,https://task.epwk.com/804514/,5170人,17人,¥251,圆满完成,其他家装服务,o5dabffebde4ee,"一张室内布局平面图

设计可以大胆！颠覆！最后会采用现代风格。
需求房间：主卧，次卧，女儿房，需要一个办公的地方（书房功能）
需要的特殊功能：有一台钢琴，衣帽间，化妆台，储藏室，
其他：光线充足，通透；双门冰箱；6-8人圆桌（备选长桌）；
如果原尺寸图不清晰，可以联系我发送，威信 一三八六八六三六零八六

星期一出图，谢谢",2019-10-20,2019.12.29,任务编号：804514,251.0,,,Forrestnew,https://task.epwk.com/javascript:;,,,,,,,,,,,,,,,,,,,,,,,,,,,,
【办公空间】办公布局设计,https://task.epwk.com/801461/,2173人,12人,¥100,圆满完成,办公空间,mf136****0007,办公布局设计,2019-10-11,2019.11.07,任务编号：801461,100.0,,,重心服务,https://task.epwk.com/javascript:;,,,,,,,,,,,,,,,,,,,,,,,,,,,,
【效果图设计】室内装修设计图制作,https://task.epwk.com/800259/,3124人,12人,¥500,圆满完成,效果图设计,mf151****7363,1、套内面积:98平米2、风格:小美式/欧式厨房朝向客厅的墙面可以拆除。主卧不放衣柜，想把书房或其中一个卫生间改为衣帽间。最大限度利用可用空间。,2019-10-07,2019.10.25,任务编号：800259,500.0,,,正将建筑,https://shop.epwk.com/zqdplg8vkn1v/,,,,,,,,,,,,,,,,,,,,,,,,,,,,
【教育场所】幼儿园托育班设计,https://task.epwk.com/800223/,3564人,12人,¥1000,圆满完成,教育场所,Mr136****5495,幼儿园一楼开辟一间教室做托育班，主要针对18个月至36个月的孩子。现就班里面的功能划分进行改造。顶部造型不动，只改墙面以及地面。要求：1：对托育班的功能要求划分合理，科学。需要平面规划图。2：地面要求铺设塑胶，具体拼接图案没有要求，3：墙面一些部分要求用软包4：效果图两张，不同角度两张,2019-10-07,2019.10.23,任务编号：800223,1000.0,,,BR设计,https://shop.epwk.com/7lngqxkw8dmr/,,,,,,,,,,,,,,,,,,,,,,,,,,,,
【庭院设计】别墅庭院绿化及道路设计,https://task.epwk.com/800035/,3759人,13人,¥500,圆满完成,庭院设计,o57528bfae1c0e,一，设计东面和东南面围墙。二，1号位置放置一个户外凉亭，2号位置放置假山浴池。三，其他地方自由设计道路和绿化,2019-10-06,2019.10.30,任务编号：800035,500.0,,,mf18059034128,https://task.epwk.com/javascript:;,,,,,,,,,,,,,,,,,,,,,,,,,,,,
【办公空间】办公室布局设计,https://task.epwk.com/797410/,5184人,10人,¥2400,圆满完成,办公空间,小丑鱼111,项目地点概况：项目地为办公楼办公室装修，本次设计面积：十一层：约1200平米；十二层：约1200平米；共计：约2400平米性质：办公室 二、设计诉求本次设计共计二层，综合考虑部门分区、人流动线考虑各个部门之间的衔接，以及打印区域的合理摆放合理分配两层的功能空间，方便实用公司属于国企，合理考虑动线，厕所位置为固定位置，注意避免领导区域成为必经之路 功能空间需求：（共110人左右）    工艺管道部门：40人（敞开办公室，内含2个主任、1个技术副总、2个主任工）     电仪部门：10人左右（内涵1个领导）     土建部门：15人左右（内涵1个领导）     给排水部门：10人左右（内涵1个领导）     公用工程部门：10人左右（内涵1个领导）市场部：8人（内涵1个领导）     财务部：4人（内涵1个领导），独立搭配小账单室一间     项目组：12人（内涵1个领导）     采购组：4人（内涵1个领导，独立私密设计）     资料室：20平方左右，临近设计打印室1间     备用办公室：市政、技术，各8人     人力：4人领导阶层：董事长办公室          总经理办公室          3个副总办公室（市政、生产、后勤，可考虑到临近部门员工区）          1个总助办公室服务配套空间：大型会议室1间（40-50人）               小型会议室2间（6-8人）              独立洽谈区2间（可考虑临近市场部门）              前台接待（与领导办公室、市场部在一层）              弱电机房1间              水吧台              打印装订区域 dwg文件下载链接：链接: 68747470733a2f2f70616e2e62616964752e636f6d/s/1VuVBdn1ft3T9irnxWzZMcg 提取码: uaia联系方式：15202151301  彭经理   lng@75647563642e636f6e,2019-09-25,2019.10.07,任务编号：797410,2400.0,,,友度品牌设计,https://shop.epwk.com/7g5yky8e2n0q/,,,,,,,,,,,,,,,,,,,,,,,,,,,,
【效果图设计】20平一室户室内效果图设计,https://task.epwk.com/785392/,2658人,9人,¥600,圆满完成,效果图设计,o5caaba7979e5e,本公司是包租公司，在上海做市中心高端租客客户房子情况：上海老洋房（老法租界），租客为年轻人(商务人士或者外籍人士），房子的照片以及尺寸如附件所示。需求以及要求：1.此房为出租，装修预算3万包含家具（不含家电），所以设计图不能脱离造价，可以略有浮动；                             2.风格要求：只要参考LOFT.CN 以及设计之家（sj33）这两个网站上的风格，不会出错，不要用普通家装的搭配去考虑，这边北欧，日系（原木色系）都还蛮受欢迎；                             3. 需要把功能都考虑进去，单灶（做饭），小桌子（吃饭）电脑办公（现在很多白领都在家办公），会客功能（考虑客人的社交），要有储物空间（租客衣服一般不少），卫生间要有干湿分离（洗浴区未必要做玻璃房，玻璃房成本高），需要放洗衣机和冰箱。                              4.附件中有一张图是从网上找的类似20平的装修照，因为实际尺寸不知道，所以不能照搬，可以尝试这样的设计。                               5.只需要酷家乐效果图即可，尺寸要标注清楚，这样我们后期制作橱柜尺寸不会出错，不需要水电图,2019-08-21,2019.09.03,任务编号：785392,600.0,,,BR设计,https://shop.epwk.com/7lngqxkw8dmr/,,,,,,,,,,,,,,,,,,,,,,,,,,,,
【门头设计】酒厂大门设计,https://task.epwk.com/784481/,3066人,10人,¥500,圆满完成,门头设计,o5d59****4c341,公司大门设计，大门宽度为6米左右  ，公司主要是从事是世界名酒展览展示，展示名酒生产工艺流程，传播名酒文化等等。大门设计风格不限，希望使观者感受到高端与尊贵。造型上有特色突出主题，可以异形可以充分使用雕塑语言突出主题，比如浮雕圆雕装饰雕塑等等。材质最好石材 或根据造型不限。,2019-08-18,2020.01.18,任务编号：784481,500.0,,,o5c0a177457664,https://task.epwk.com/javascript:;,,,,,,,,,,,,,,,,,,,,,,,,,,,,
【施工图设计】三房两厅装修布局设计（完善）,https://task.epwk.com/773794/,3994人,20人,¥300,圆满完成,施工图设计,o5d295d517746e,基本情况：三房二厅，居住：平时一家四口（2大2小），2个儿童房。CAD图纸中有户型的原始尺寸图和2个方案布置图。如何合理利用空间，特别是餐厅、厨房的布置。要解决走道过多，动线过多、餐厅过小的问题。结合自己的经验给出一个合理的修改方案，也可在我的方案1或方案2上修改完善好，最好另出一个更加合理的。希望高手给我完善一下平面方案，各方面细节完善好。具体如下：1、   对现有平面布置图进行检查，给出意见：方案1好还是方案2好，将布置不合理的地方更改，并做详细说明；2、   中间的儿童房如何布置，满足2人就寝，有个书桌、衣柜，避免房门对大门。 3、   觉得主卧的卫生间优化的还不够好。4、厨房、餐厅、过道重点优化，提高空间利用率。5、注意大冰箱、洗衣机的合理摆放，6、其他更好的建议。7、总之，可打可凿，给我一个更完善的装修平面布置图。（注：不要开放式厨房，附件有CAD图）,2019-07-20,2019.08.05,任务编号：773794,300.0,,,熙贤X2设计工作室,https://shop.epwk.com/7g5yk1py6n0q/,熙贤X2设计工作室,出售服务,https://shop.epwk.com/7g5yk1py6n0q/chushou/,工作室,九品,39分,,,熙贤X2设计工作室,,室内效果图制作,"￥99
            /起",,,,,,,,,,,,,,,,
【新房装修】厨房效果图设计,https://task.epwk.com/772625/,4675人,20人,¥200,圆满完成,新房装修,zhaodengji,这个户型厨房怎么设计好 ？厨房客厅之间的墙厚度为240厘米目前有两个想法。1是打开客厅厨房的墙做敞开厨房。，2是在客厅厨房之间墙的位置做2100*1800推拉门走廊处的墙做一个小窗户请设计给出具体思路。，并带上效果图 以及橱柜尺寸摆放图,2019-07-17,2020.01.29,任务编号：772625,200.0,,,天津鑫磐软件,https://shop.epwk.com/rp5z4m9m8dx3/,天津鑫磐软件,出售服务,https://shop.epwk.com/rp5z4m9m8dx3/chushou/,个人,九品,37分,,,天津鑫磐软件,,,,,,,,,,,,,,,,,,,
【效果图设计】家装效果图制作,https://task.epwk.com/772355/,2642人,12人,¥300,圆满完成,效果图设计,zhaodengji,客厅厨房一体，卫生间 卧室 三张效果图 家具不用。 需要展现吊顶，灯具 开关插座 橱柜等,2019-07-16,2019.09.13,任务编号：772355,300.0,,,42DESIGN,https://shop.epwk.com/qgdmj43mrdke/,42DESIGN,出售服务,https://shop.epwk.com/qgdmj43mrdke/chushou/,个人,九品,35分,,,42DESIGN,,,,,,,,,,,,,,,,,,,
【办公空间】请人设计一个办公室平面布置图,https://task.epwk.com/771228/,6166人,20人,¥300,圆满完成,办公空间,wolfkiss,一个装修公司的办公室，需要做平面设计布置图，原始建筑平面请下载压缩包里面的CAD文件查看，附了我自己的构想，但还是希望高手给我完善一下平面方案，平面布置图请各方面细节完善好。包括办公家私的摆放等等，尽量周全考虑。（请下载附件，CAD格式）,2019-07-13,2019.07.31,任务编号：771228,300.0,,,重庆魚畂建筑室内设计,https://shop.epwk.com/m7d7w27wk5q8/,,,,,,,,,,,,,,,,,,,,,,,,,,,,
【门头设计】幼儿园进入大厅门头设计,https://task.epwk.com/764933/,2518人,20人,¥800,圆满完成,门头设计,Mr136****5495,幼儿园门头改造设计要求：1，美观大气，有设计感2：门头寓意要体现幼儿园教育宗旨“在幸福中生长，在生长中幸福”3：幼儿园的形象---向阳花，要在门头设计中体现出来4：门头宽度6.5米，方钢到地面高度3米5：材质不限，可以先提供手绘图，再提供3D效果图，或者只提供3D效果图。,2019-06-27,2019.07.18,任务编号：764933,800.0,,,上海作品创意空间设计,https://shop.epwk.com/j7n38oo1l5e1/,,,,,,,,,,,,,,,,,,,,,,,,,,,,
【门头设计】少儿编程培训机构门头设计,https://task.epwk.com/751017/,3625人,12人,¥360,圆满完成,门头设计,Hughesaero,"VI应用内容：设计店面招牌(横排)。设计要求：1、大气、简洁、醒目；2、有视觉冲击力，醒目易识别，一看就是少儿编程教育培训公司；3、公司名称：立氪少儿编程，公司名称要简约大气，字体醒目；4、公司logo见附件图；5、招牌内容，主要是logo，需要同时做出科技感和少儿感，同时有教育机构的庄重感；6、因为是要做加盟店，每家店铺尺寸大小不一样，暂时还不能提供，请以一般店铺尺寸做下效果图；7、可更换logo颜色，主色调为蓝橙绿，整体要有科技感。知识产权说明：1、所设计的作品为原创，为第一次发布，未侵犯他人的著作权，如有侵犯他人著作权，由设计者承担所有法律责任;2、中标的设计作品，我方支付设计制作费，即拥有该作品的知识产权，包括著作权,使用权和发布权等,有权对设计作品进行修改,组合和应用;设计者不得再向其他任何地方使用该设计作品;",2019-05-23,2019.06.14,任务编号：751017,360.0,,,爱创空间设计,https://shop.epwk.com/3gd2myj4wner/,,,,,,,,,,,,,,,,,,,,,,,,,,,,
【办公空间】小型写字楼装修设计,https://task.epwk.com/742250/,2967人,9人,¥500,圆满完成,办公空间,whitey_cn,设计要求：1、简约明快的设计风格2、IT行业，可容纳20人左右的办公空间3、需要的独立空间有：经理室、财务室、会议室、库房4、公共办公空间，五个L型卡座，其它办公室1.2米长的小型办公桌,2019-05-03,2019.05.22,任务编号：742250,500.0,,,南国顶峰工作室,https://shop.epwk.com/3gd2mom3yner/,,,,,,,,,,,,,,,,,,,,,,,,,,,,
【新房装修】60平阳台庭院设计,https://task.epwk.com/739273/,4921人,17人,¥2000,圆满完成,新房装修,o5c4481a6d5151,1.需要把阳台设计成庭院的感觉，2.里面是室内，阳台和的阳台门的高低差太小，可看上传图片，只能做4公分的地面厚度，需在投稿时明确的文字说明所用到的材料，和它的厚度！！3.排水口和坡度方向已经尺寸图中说明，也可看其他上传图片，最高7公分，最低11公分。投稿时需明确说明排水如何做，和防水怎么做！！4.尺寸图里窗户和门的格局那些已经改了，请看上传图片的实际情况，外墙颜色的图片也是确定不改的，还有那五个灯，希望建模的时候颜色用对，另外有窗户那边的右下角是确定放洗手盆和洗衣机的5.尽量少放大植物上去，也不会直接种植物在地面，喜欢日式庭院风格，简单舒服，比较在意地面设计和地面的材料，还有灯光设计6.投稿模式已有模板，请按模板投稿需了解更多详细要求或者沟通请加微信zmk252659740 （平台提醒：一切投稿以平台任务投稿为准，如私底下通过微信交稿，未通过平台交稿则无法获得中标机会，不予特殊申请，特此告知）,2019-04-25,2019.05.17,任务编号：739273,2000.0,,,TOP设计工作室,https://shop.epwk.com/qgdmjq4wqdke/,,,,,,,,,,,,,,,,,,,,,,,,,,,,
【店铺厂房】广告公司门市装修设计图,https://task.epwk.com/737939/,3647人,11人,¥1000,圆满完成,店铺厂房,o5cbc091181b03,本店为临街店铺，门市开间3.6米，长9.6米，需设计部门专用办公室。,2019-04-22,2019.05.19,任务编号：737939,1000.0,,,o5b56c26f0b31d,https://task.epwk.com/javascript:;,,,,,,,,,,,,,,,,,,,,,,,,,,,,
【软装设计】中油国际加油站罩棚门头及加油站外立面形象墙设计,https://task.epwk.com/731549/,5506人,15人,¥1000,圆满完成,软装设计,o5ca89956a6222,中油国际加油站罩棚门头及加油站外立面形象墙设计，2张图。1罩棚门口一般宽度1.5米*30米，设计整体视觉。2形象墙里面一般是房屋外立面风格，包括一个整块形象墙。3设计风格要求符合《中油国际》定位，高端大气，极简国际范。4中标后可考虑整个vi设计。2油品从海洋上运输来。,2019-04-07,2019.09.28,任务编号：731549,1000.0,,,xiuye,https://shop.epwk.com/3gd2my67wner/,,,,,,,,,,,,,,,,,,,,,,,,,,,,
【庭院设计】庭院设计,https://task.epwk.com/730671/,7138人,21人,¥1920,圆满完成,庭院设计,ssdixiaoz,根据总体平面图。对前庭后院以及前面空地设计尺寸见附件,2019-04-04,2019.05.01,任务编号：730671,1920.0,,,大象设计,https://shop.epwk.com/z2nkz9oqxnqy/,大象设计,出售服务,https://shop.epwk.com/z2nkz9oqxnqy/chushou/,工作室,七品,36分,,,大象设计,,,,,,,,,,,,,,,,,,,
【庭院设计】50平米露台装修方案征集,https://task.epwk.com/728063/,3928人,6人,¥500,圆满完成,庭院设计,o5c9cce7ceb81f,50平米露台，装修方案征集。露台宽4.8米，长10米。客厅及主卧外是一条1.2米宽的过道。过道外是40厘米高，20厘米宽的小护栏。护栏外就是露台。 露台向外延伸4.8米。左右延伸10米。4.8米外是铁栏杆隔断，隔断到1.8米高后，继续向水平方向延伸2米。 露台左右两边，是其他家的露台，没有隔断。现在露台整体种植了绿色草皮，各家种植了一些树木。 露台是在沿街的商店顶上。预铺了土层，土层有30-40cm。装修要求：1. 从客厅大落地窗，期望有比较明显的绿树和花的景观。 2. 物业要求，不要有搭建和瓷砖等建设，尽量保持从高空往下看时，绿草和绿树一体的整体感觉。3. 家有3岁小朋友，可以考虑小朋友的使用。4. 露台现居中种植有1.8米高三角梅三株，可以考虑移到其他地方，或是移除。,2019-03-29,2019.04.13,任务编号：728063,500.0,,,∂雅韵江南设计工作室,https://shop.epwk.com/78dljeo8e5lx/,,,,,,,,,,,,,,,,,,,,,,,,,,,,
【新房装修】阳台微缩园林景观设计（只要效果图即可）,https://task.epwk.com/721806/,4956人,9人,¥100,圆满完成,新房装修,mf156****6395,阳台微缩园林景观设计。现有阳台尺寸为1.2米x4米，想设计成中式园林景观风格的微缩景观，要有鱼池，山水，植物，小桥流水等，类似于苏州园林的感觉 。（只要效果图即可）,2019-03-14,2019.04.03,任务编号：721806,100.0,,,云水禅心设计小作坊,https://shop.epwk.com/0z5o49oy8njq/,,,,,,,,,,,,,,,,,,,,,,,,,,,,
【其他公装设计】现代大型休闲农场整体规划图,https://task.epwk.com/721531/,3275人,7人,¥500,圆满完成,其他公装设计,o5c89da718d9c3,打造现代化的家庭式休闲农场风格：欧美面积：1000至1500亩采摘园：草莓园、苹果园、葡萄园、南瓜园等等配套设施：能够展现各种农产品的超市、儿童游乐区域、大片的公共游戏区、停车场、小动物区等等总体要求：具有自己鲜明的特色、浓重的欧美风情、主要以顾客体验为主,2019-03-14,2019.06.03,任务编号：721531,500.0,,,凯隆出品,https://shop.epwk.com/2j5xo8lzk5xm/,凯隆出品,出售服务,https://shop.epwk.com/2j5xo8lzk5xm/chushou/,工作室,九品,39分,,,凯隆出品,,,,,,,,,,,,,,,,,,,
【店铺厂房】设计一个架子鼓教室的店面大厅,https://task.epwk.com/717012/,2819人,7人,¥500,圆满完成,店铺厂房,o5c4481a6d5151,以酷一点的工业风为主只需设计大厅即可，尺寸算上墙厚是5700*6400mm，高4.4米只需发效果图即可，需要导出3个角度看得见全部的设计效果大厅里想要一个小舞台（能放下一套鼓），一个沙发区，一个小吧台图片里面的大正方的洞是想做成玻璃的，那个墙的上面想把Logo放上去文件里有一些实际情况的图片，如有不懂请联系我,2019-03-04,2019.03.20,任务编号：717012,500.0,,,TOP设计工作室,https://shop.epwk.com/qgdmjq4wqdke/,,,,,,,,,,,,,,,,,,,,,,,,,,,,
【商业空间】超市装修（陈列）设计,https://task.epwk.com/716229/,4069人,8人,¥1000,圆满完成,商业空间,o5c75****92ad1,超市装修设计1、中间区域装修不改动2、在小改动的前提下，修改两侧区域顶部灯光效果，配合中间区域3、整体布局陈列效果，参照OLE等网红超市的设计4、设计收银台，要求高度880mm，色系以黄色、白色为主。5、不需要重新装修，主要是陈列设计6、外部灯光设计，让店外晚上光照充足,2019-03-01,2019.03.14,任务编号：716229,1000.0,,,52Hz工作室,https://shop.epwk.com/z2nkz9eqpnqy/,,,,,,,,,,,,,,,,,,,,,,,,,,,,
【展台展厅】48平米简单展厅设计,https://task.epwk.com/714960/,3215人,11人,¥500,圆满完成,展台展厅,story8234,公司针对高端客户的产品展厅宽6.6米 长7.2米 门在7.2米那面2面玻璃 1面有窗 准备打石膏板做成4面全封闭 顶不用设计可以按6.6米×7.2米的一个开间设计 （附图中所有物品会搬出） 中间位置可设计一面形象墙 放公司LOGO及公司简介 附件：微信图片_20190226233028 办公桌后边那面墙体上准备放一台电视 公司是做军工产品的科技公司 展厅整体色调及设计要求符合科技公司气质 有现代感 展厅内放展柜 配合灯光效果展示产品 整体需简洁 大气 庄重,2019-02-26,2019.03.22,任务编号：714960,500.0,,,海旭设计,https://shop.epwk.com/09drjr2g653w/,海旭设计,出售服务,https://shop.epwk.com/09drjr2g653w/chushou/,个人,二品,50分,,,海旭设计,,室内设计（公寓）,价格面议,室内外装饰设计,价格面议,LOGO设计,价格面议,,,,,,,,,,,,
【软装设计】公司入口形象墙设计,https://task.epwk.com/713726/,3323人,35人,¥300,圆满完成,软装设计,miao21cn,"公司全称:温州一顶装饰工程有限公司
要求:将图二的内容排版在图一形象墙上，LOGO可要可不要，一顶装饰可换成公司全称，可横排可竖排，尽情发挥你们的想象，追求简洁大方个性",2019-02-23,2019.03.10,任务编号：713726,300.0,,,zsc325800,https://task.epwk.com/javascript:;,,,,,,,,,,,,,,,,,,,,,,,,,,,,
【门头设计】房地产门店门头设计,https://task.epwk.com/711790/,2423人,6人,¥300,圆满完成,门头设计,鉴恪信息,"VI应用内容：设计店面招牌(横排)。                                    设计要求：                                                                            1、大气、简洁、醒目；                                            2、有视觉冲击力，醒目易识别，一看就是房地产公司；3、公司名称：***地产，公司名称要简约大气，字体醒目；                                            4、公司没有logo，有注册好的文字商标见附件图；                                            5、招牌内容，文字商标，然后旁边或者下方+***地产；6、因为是要做加盟店，每家店铺尺寸大小不一样，暂时还不能提供，请以一般店铺尺寸做下效果图；                                                    知识产权说明：                                                                            1、所设计的作品为原创，为第一次发布，未侵犯他人的著作权，如有侵犯他人著作权，由设计者承担所有法律责任;                                                                2、中标的设计作品，我方支付设计制作费，即拥有该作品的知识产权，包括著作权,使用权和发布权等,有权对设计作品进行修改,组合和应用;设计者不得再向其他任何地方使用该设计作品;",2019-02-18,2019.03.20,任务编号：711790,300.0,,,爱创空间设计,https://shop.epwk.com/3gd2myj4wner/,,,,,,,,,,,,,,,,,,,,,,,,,,,,
【效果图设计】住宅楼外立面效果图设计方案设计,https://task.epwk.com/711414/,2535人,7人,¥600,圆满完成,效果图设计,o5c67acca40081,取 100平方米户型的标准层做立面效果图用1、立面设计方案应符合平面设计要求； 2、方案应包括建筑勒脚、入户大堂、墙身线条等； 3、立面效果图设计应体现现代风格； 4、住宅楼共十八层，每层层高是2.95米； 5、立面要美观、大气、新颖，材料以真实漆为主。,2019-02-16,2019.03.15,任务编号：711414,600.0,,,云水禅心设计小作坊,https://shop.epwk.com/0z5o49oy8njq/,,,,,,,,,,,,,,,,,,,,,,,,,,,,
【办公空间】办公室设计,https://task.epwk.com/709926/,2970人,13人,¥500,圆满完成,办公空间,wtowto4500,棚高2850背景墙文字：祥盛基金工位16个  经理办公室一个   接待室两个  鱼缸一个 两个门全开  稍大的门对着形象墙隔断最好不要全部是玻璃隔断,2019-02-12,2019.02.24,任务编号：709926,500.0,,,ch5511,https://task.epwk.com/javascript:;,,,,,,,,,,,,,,,,,,,,,,,,,,,,
【其他建筑设计】遵义市播州区“全民健身中心”创意形象 设计征集,https://task.epwk.com/704541/,7344人,9人,¥16000,圆满完成,其他建筑设计,gzzyxtsg,"按照上传资料要求绘图.设计要求：该项目地处播州区县城山地公园“象山公园”东山脚的山湾处，山形秀丽、四季常青,并与县城主城区紧紧相连。该设计要求一是与象山公园整体协调、自然、亲切、不突兀，既要有地域特色，又要能直观体现健身特性，简洁大气，主题鲜明，具有地标性。该中心建筑高15米，共三层，建筑立面设计以三面为主（前边、右边、后边）。",2019-01-18,2019.03.11,任务编号：704541,16000.0,,,中道建筑景观设计,https://shop.epwk.com/omdwk27rxdrp/,,,,,,,,,,,,,,,,,,,,,,,,,,,,
【庭院设计】农村庭院设计,https://task.epwk.com/700070/,3387人,23人,¥500,圆满完成,庭院设计,o5c308f38a74cb,现在农村修了一别墅，用于周末回乡休闲及以后父母养老，请专业人士设计一下庭院。要求：1、简单休闲2、要有一个木廊（玻璃盖顶）3、一小块菜地。4、最好把围墙和大门一起设计出来，大门只是人员进出，车辆直接由公路开进车库。,2019-01-05,2019.01.24,任务编号：700070,500.0,,,八月Design,https://shop.epwk.com/7g5ykwlygn0q/,,,,,,,,,,,,,,,,,,,,,,,,,,,,
【新房装修】客餐厅平面布局设计,https://task.epwk.com/699198/,6507人,19人,¥200,圆满完成,新房装修,o5c204789ed297,买的二手房，准备客厅电视墙打掉，厨房的橱柜重做（想装洗碗机），其他不打算做大改动。户型最大的痛点是没有玄关和客餐厅的收纳严重不足，请高手针这两点进行设计，希望尽量不要影响客厅的通透感。设计稿请附说明和尺寸标注。,2019-01-03,2019.01.30,任务编号：699198,200.0,,,堯 . 建筑公社,https://shop.epwk.com/omdwkmwzrdrp/,,,,,,,,,,,,,,,,,,,,,,,,,,,,
【效果图设计】企业前台效果图设计,https://task.epwk.com/697293/,1712人,6人,¥300,圆满完成,效果图设计,陕西美雀装饰,吧台及形象墙造型设计，1公司性质为畜牧型农业企业，兼顾环保与科技理念。2除企业logo外，其他不做硬性要求。3效果图需要将企业吧台的现有环境背景植入。4我们可以为您提供logo的草图大师格式。,2018-12-27,2019.01.04,任务编号：697293,300.0,,,威创设计工作室,https://shop.epwk.com/7g5ykxvx2n0q/,威创设计工作室,出售服务,https://shop.epwk.com/7g5ykxvx2n0q/chushou/,工作室,四品,74分,,,威创设计工作室,,书籍封面设计,价格面议,家装设计,价格面议,SU草图大师制作,价格面议,创意设计：LOGO设计,价格面议,工装设计：庭院,价格面议,工装设计：办公区,价格面议,,,,,,
【效果图设计】134平 住宅室内设计,https://task.epwk.com/675189/,5598人,21人,¥1000,圆满完成,效果图设计,小超77833,一、里面的4个图：图一是我的户型，图二是对面的户型图（图一图二户型一样的，朝东的图是根据朝西的图PS过来的）相似图1和相似图2跟我的户型不一样但是大体布局差不多，上传是为了给你们提供更多直白的参考。二、相关尺寸：我房子一共是134平米左右。（图片没有具体尺寸，希望你们能克服一下，有问题与我保持联系，后期我尽量提供具体的尺寸图，目前我只能提供大概的尺寸）大阳台是宽3.5米左右长4.5米左右，占30平米左右。客厅40平米左右，主卧25平米左右 ，次卧一可能 20平米左右， 次卧二可能 15平米左右，餐厅可能不到10平米，厨房6平米左右。生活阳台4平米左右。客厅卫生间 4平米左右 。主卧卫生间 5平米左右 （靠近南面我想放个浴缸）。三、风格要求：1、重点是大阳台、 重点是大阳台、重点是大阳台（重要的事情说三遍）主要按照欧式风或者 日式风两种主打风格，其他如果你们觉得很好也可以提供参考（我们在11层顶层，视野好光线好），要求有：办公，学习，休闲，具有书房功能，偶尔吃个饭（个人比较喜欢日式风，一平米左右的换鞋空间，换完鞋子有个台阶木质的地板，阳台窗户下我想看书学习，可以设计一排靠窗的连体桌子，吧台椅子，但是怕光线太强，具体怎么设计你们发挥下）；2、其他的区域配合大阳台的风格就行了主要是欧式和日式风格看你们发挥；3、因为有一个次卧很小，设计衣柜的时候可以把两个卧室之间的墙设计成小次卧的衣柜；4、次卧的床都设计成1米2的小床。5、也可以尝试吧大阳台设计成生活区，有沙发，电视等，假山 鱼池，当成客厅也行！ 如果日式不好看就重点设计欧式，简约风，地中海，现代风，都行！你们看吧 啥漂亮选啥！原创原创原创 谢谢合作！,2018-10-27,2018.11.29,任务编号：675189,1000.0,,,厦门创啥艺术设计有限公司,https://shop.epwk.com/omdwk3x6wdrp/,厦门创啥艺术设计有限公司,出售服务,https://shop.epwk.com/omdwk3x6wdrp/chushou/,企业,七品,40分,,,厦门创啥艺术设计有限公司,,装修设计,价格面议,宣传册/单页/折页设计,价格面议,海报设计,价格面议,VI设计,价格面议,包装设计,价格面议,LOGO设计,价格面议,,,,,,
【其他建筑设计】花茂景区游客服务中心创意形象设计征集,https://task.epwk.com/674799/,6428人,12人,¥18000,圆满完成,其他建筑设计,gzzyxtsg,"1、只需提供创意的外形图,  电脑、手绘均可。2、建筑设计的专业设计人员或具有一定美术功底的专业人士均可参加。3、体现乡村地方特色气息（土陶、小青瓦）。4、具体详情参看附件",2018-10-26,2018.12.10,任务编号：674799,18000.0,,,苏茗装饰设计,https://shop.epwk.com/m7d7w9zqw5q8/,,,,,,,,,,,,,,,,,,,,,,,,,,,,
【软装设计】企业形象墙设计,https://task.epwk.com/661577/,2432人,9人,¥500,圆满完成,软装设计,倒影中的女孩,公司名称：上海弘力幕墙工程有限公司公司行业：建筑行业设计内容：公司背景墙设计设计要求：  1、大气、简洁、明快；  2、能体现本企业行业；  3、与周边环境协调；  4、有公司LOGO及公司名称； 5、附上创意说明及设计尺寸。 背景墙尺寸：宽1.96米，高2.16米  备注：公司大门（玻璃门）正对面就是企业背景墙，墙体中间位置贴了墙砖，需要在墙砖上方设计内容（位置看附件图片标出的位置）,2018-09-18,2018.09.29,任务编号：661577,500.0,,,雨夜设计工作室,https://shop.epwk.com/0jnekk26rnv3/,雨夜设计工作室,出售服务,https://shop.epwk.com/0jnekk26rnv3/chushou/,工作室,一品,68分,,,雨夜设计工作室,,高端logo设计,"￥1500
            /起",包装设计,"￥3000
            /起",VI设计,"￥8888
            /起",,,,,,,,,,,,
【新房装修】小户型两居设计,https://task.epwk.com/657643/,5445人,12人,¥700,圆满完成,新房装修,o5b91e619e2739,"住宅装修要求 一、基本情况1、套内实用面积49.1平方米，两房一厅一卫，尺寸见附图。 2、家庭成员：一家三口偶尔小孩奶奶也会过来居住几月，次卧为老人家居住。 3、装修预算：费用在5万,含卧室衣柜和橱柜，不含家电。二、具体要求 1、整体风格：现代、简约、实用、温馨，明亮，方便清洁打扫，本人喜欢宽敞明亮简洁。要符合传统风水，要写明设计原因。2、房间内四周做石膏线吊顶，尽量简洁、美观。卧室、客厅、餐厅及过道为复合木地板，厨房、卫生间、为瓷砖。 3、客餐厅：要求时尚占地空间小，吊顶尽量简洁，尽量少射灯，电视墙尽量时尚，需有电话布线，网线，有线电视，多备电源插口，布置合理。功能分区要自然，装饰要有所呼应，达到风格统一。餐厅位置小。如果设计师有创意，感谢提供方案参考。主卧、次卧挂式空调4、主卧：主卧放一张双人床1.8*1.5米和一张单人儿童床，要有衣柜5、次卧：需摆放1.8*1.5m床，飘窗阳台希望能跟次卧合成一体成为一个房间。因为客厅太小要把客厅和8.6平的房间的墙体打掉往前扩展，让客厅稍微变大。此墙体设计为玻璃含百叶玻璃隔断门。设计师能够合理利用、达到美观实用的效果。小次卧和5.8平阳台合成一体。小卧室阳台需要有晾衣服功能。7、卫生间：干湿分离，安装淋浴器、坐便器、、洗脸台, 需考虑简单储物需要，卫生间要做吊顶，装抽风机。 8、厨房：厨房放置整体橱柜、微波炉，消毒柜，要多设计电源插口（微波炉、油烟机、电饭煲、豆浆机等）。厨房较小多考虑储物功能。另外冰箱厨房可能没有地方放，也可以考虑进门对面卫生间局部墙体打断后放置冰箱 19、强电：A、配电箱对照明和插座分别控制，空调要单独用专线，厨房、卫生间独立控制。B、卧室灯在卧室门口和床头均可开关；C、根据功能和设计，请给出各房间照明建议。 11、弱电：客厅、主卧、有网线、电话线、有线电视接口。 三、中标条件： A、必须体现优秀的你对此装修独有的设计理念的设计方案。请勿提供简单堆砌模型渲染出的效果图或与本户型无任何相似性的参考图片。 B、设计方案：布局合理，功能实用，切合实际、简约时尚，考虑较全面，符合功能及预算要求，设计符合传统风水 C、设计资料：设计说明阐述设计理由，设计图纸详尽便于施工。 D、设计师对设计的方案根据双方交流能进行合理、及时修改。 E、竞标人员可以先出平面布置图和关键的效果图参考，中标后必须提供施工图，以及水电布局图。 F、如果还有什么需要了解的，多与业主沟通。 四、中标后须提供的资料 1、平面、立面图：要求详细注明各工作区和功能区名称；有高差变化时须注明标高。 2、效果图：客餐厅、厨房、卧室、阳台及卫生间等；要能清楚的看到各角度的墙面、地面及吊顶；效果图纸应包括每个房间（家具、电器和灯饰的摆放)及通道的效果；尽量使用3D制作。3、必须要有详细施工图纸一套（平面设计图（CAD格式），装修平面图，吊顶图，立面装修图，地板布置图、强弱电路图（弱电包括电话、网络、电视），电灯插座、开关控制布置，地面防水处理、给排水路图，主要立面图，节点大样图等 .每张图纸要求有材料清单：有图例、材料名称、规格型号，数量，参考品牌，参考价格等便于我今后方便购买。4、为达到设计效果，必须附有主要的施工工艺说明及施工注意事项的说明资料。 5、设计图纸能够为A3幅面规格打印输出。 总之，我拿着上述资料找到施工队就可以完全按方案装修。 6、如果设计师有什么更创新大胆的设计思路也可以沟通，尽量发挥，不单拘泥此种格式。 好啦！接下来就拜托各位设计大师了！ 任务征集期间，雇主联系QQ:592664270",2018-09-07,2018.09.18,任务编号：657643,700.0,,,厦门创啥艺术设计有限公司,https://shop.epwk.com/omdwk3x6wdrp/,厦门创啥艺术设计有限公司,出售服务,https://shop.epwk.com/omdwk3x6wdrp/chushou/,企业,七品,40分,,,厦门创啥艺术设计有限公司,,装修设计,价格面议,宣传册/单页/折页设计,价格面议,海报设计,价格面议,VI设计,价格面议,包装设计,价格面议,LOGO设计,价格面议,,,,,,
【软装设计】设计店招及店内形象墙,https://task.epwk.com/649703/,3527人,13人,¥500,圆满完成,软装设计,卫斯李,店名：涮烤优品    品牌是：刘老帽    主营和烧烤、火锅相关的一切用具、食材。1、需要设计店招。按4m*1.5m设计店招名字里可以叫帽哥涮烤优品，也可以直接叫涮烤优品，一侧需放置logo，目前logo有些复杂，但是已经注册，可根据美学需求，适当简化。店招里下方需体现:帽哥带你在家轻松享受火锅、烧烤美食。以及加盟电话：13000000000。2、店内需要一个形象墙，按3*3.5m设计，但注意前面需要加一个吧台形象墙仍然以店名为主题，加一句注释：火锅、烧烤食材自选超市。3、店内装修店内四面墙分为，一侧为普通展架、一侧为冷鲜展示柜、中间为矮冰冻柜，还有一侧和面对面的可做形象墙。展柜上方需定制logo贴。前期先做这些，后期仍有部分物料设计，中标单位可继续合作，另付费。logo不知道为什么psd的传不上去，大家可先用这个小的做样稿。,2018-08-16,2018.08.31,任务编号：649703,500.0,,,悦禾品牌设计,https://shop.epwk.com/j7n38ze2l5e1/,,,,,,,,,,,,,,,,,,,,,,,,,,,,
【单身公寓设计】200平二手房改造（需要5室3卫一厨2厅）,https://task.epwk.com/647058/,3611人,25人,¥500,圆满完成,单身公寓设计,o5a5f2c4318e4e,找设计师设计一个更合理的平面布置图，平时常住人口为：我们夫妻2个， 我妹夫妻2个，我2个女儿一间，我岳母一间，在一间客卧。卫生间要一间主卧内的，2间公共的卫生间。增加的一个卫生间不能离现有的卫生间，安装马桶考虑。目前卧室这边是沿马路面，噪音比较大。希望卧室放到里面不朝马路这边。现有的墙体都是28厘米宽的，希望尽量保留原来墙体。（2楼，拆墙邻居不放心）布局合理，有足够的收纳位置。9-20号电话不方便，尽量微信联系我。谢谢,2018-08-08,2018.09.01,任务编号：647058,500.0,,,坐听雨歌,https://task.epwk.com/javascript:;,,,,,,,,,,,,,,,,,,,,,,,,,,,,
【别墅设计】别墅房内部结构（重新装修）设计和园子（重新）设计,https://task.epwk.com/645492/,5083人,18人,¥1200,圆满完成,别墅设计,o598014c466d2c,在美国的别墅，要重新装修，需要做室内和室外的设计。本次先只做室内的设计，希望能够提供效果图，哪怕是手绘的。别墅属于Bench的那种，分两层。主要设计工作涉及四个部分：一层到二层的楼梯设计（需要调整布局）；一层圆房子改做成两个卧室，要考虑到一侧墙面完全没有窗户，如何让卫生间和衣帽间能有光线；二层圆房子改成一个主卧，要考虑一侧墙面完全没有窗户，如何让卫生间和衣帽间有光线，同时要确保利用边上的阳台；原先主卧的区域，在主卧移走的情况下，作些调整，一是减少原主卧衣帽间的空间，二是放大客卧2的卫生间，可以接受客卧2/3合用卫生间的思路。厨房间等其它区域，基本都不需要改动。,2018-08-04,2018.11.12,任务编号：645492,1200.0,,,o5b6aea2456e42,https://task.epwk.com/javascript:;,,,,,,,,,,,,,,,,,,,,,,,,,,,,
【效果图设计】麦杆画展厅效果图制作,https://task.epwk.com/645416/,2646人,9人,¥500,圆满完成,效果图设计,nbcxzhuoyue,本展厅是一所小学的麦杆画展示厅，设计应体现小学生的年龄特点。 展厅布置主要内容：1、麦杆如何生产出来的？2、麦杆画制作方法3、麦杆画制作工具展示4、麦杆画作品展示5、麦杆画制作台6、窗户位置设计成有门门洞出2张效果图，包含展厅全部空间。附件中样图为原来设计效果图的一张，学校不满意，主要原因一是作为展厅空间布局不合理，制作台太多了，二是设计未能体现小学生年龄特点。,2018-08-04,2018.08.29,任务编号：645416,500.0,,,你说我画—设计工作室,https://shop.epwk.com/2j5xogkpx5xm/,你说我画—设计工作室,出售服务,https://shop.epwk.com/2j5xogkpx5xm/chushou/,工作室,六品,40分,,,你说我画—设计工作室,,室内装修-设计,"￥50
            /次",柜体-CAD图纸细化,"￥200
            /起",室内平面设计方案,"￥350
            /件",室内720全景图设计表现,"￥100
            /起",工装效果图设计制作,"￥100
            /起",室内单张效果图设计制作,"￥50
            /起",,,,,,
【软装设计】企业形象墙设计,https://task.epwk.com/644693/,4511人,18人,¥500,圆满完成,软装设计,o5b5e506b5f9af,嘉兴市净源循环环保科技有限公司，位于海盐县经济开发区，是海盐县内一家具有危险废物废酸处置资质的企业，公司按照循环经济理念，变废为宝的理念，目前可实现废酸废碱、废活性炭、废磷化渣等危险废物的处理，通过处理可将其变成无害化的产品，实现资源化循环利用。设计内容：企业形象墙设计               设计要求： 1、大气、简洁、明快; 2、有视觉冲击力，体现本企业的特色。 3、与周边环境协调。 4、附上创意说明。      5. 墙面尺寸：长36米、高6米,2018-08-02,2018.08.26,任务编号：644693,500.0,,,爵视高端品牌设计,https://shop.epwk.com/2j5xo1xxg5xm/,,,,,,,,,,,,,,,,,,,,,,,,,,,,
【效果图设计】幼儿园外墙彩绘方案设计,https://task.epwk.com/637015/,3744人,6人,¥500,圆满完成,效果图设计,Tsuichakho,请根据相片设计出外墙彩绘效果图（一正，一侧），四层楼，每层层高约3M附件二（圈红）门头已装修，需在设计图体现，且呼应整体风格才会整体用亮色，体现童真，但画面要求大方有质感,2018-07-14,2018.08.26,任务编号：637015,500.0,,,o5ac5a5a476347,https://task.epwk.com/javascript:;,,,,,,,,,,,,,,,,,,,,,,,,,,,,
【施工图设计】200平方米出租房空间布局,https://task.epwk.com/629101/,3406人,10人,¥200,圆满完成,施工图设计,o5a6b3a7957e25,三楼200平方米空间想布局成三个出租房（有高手设计的好的话4个房间也行），宽度只有3.7M宽，只预留有两个卫生间及排污管（就是图中的马桶位置），采光的话右边邻居不懂几年内会不会起房子，在右边墙壁采光暂时也行吧，左边有天井采光。         现在就是想让大家帮忙设计三个房间怎么布置，在哪开门口等，钱不多，谢谢了。 注：上面的马桶位置的卫生间是高出地面40CM。,2018-06-23,2018.07.20,任务编号：629101,200.0,,,金蝉设计工作室,https://shop.epwk.com/78n96jkq0nkv/,金蝉设计工作室,出售服务,https://shop.epwk.com/78n96jkq0nkv/chushou/,工作室,五品,40分,,,金蝉设计工作室,,现代风格带点北欧元素,"￥1000
            /套",简欧设计,￥1,地中海效果图,￥1000,室内设计,￥2000,出效果图,"￥300
            /件",图纸设计,"￥500
            /次",装修,"￥1500
            /次",,,,
【效果图设计】八十几平老房子布局平面设计,https://task.epwk.com/628500/,2134人,7人,¥200,圆满完成,效果图设计,闪存记忆,八十几平老房子需要改造，只要平面布局图。原来已请人设计，不大满意现在的设计。希望有人可以有更好的方案。,2018-06-21,2018.06.26,任务编号：628500,200.0,,,半亩空间美学设计,https://task.epwk.com/javascript:;,,,,,,,,,,,,,,,,,,,,,,,,,,,,
【门头设计】手绘转源文件公司门头设计,https://task.epwk.com/625521/,2816人,9人,¥500,圆满完成,门头设计,o5a7ba1c4afd79,1、附件是我喜欢的形式，整个设计要接近自然、欧式田园风格，我手绘了一个设计，请参考。1、公司名称：can-ontario pet nutrition inc2、白底红字及黑底黄字两种选其一3、logo的颜色要跳出来，不一定左上角，选择最佳位置4、材质我手绘图里已经标注出来，你作图的时候也要标注在图内5、形状：石头上方是长方形，整体是防腐木，两边立柱及上面下面包边都是防腐木，尺寸是：高1.5mx长10m6、需要提供正面侧面背面立体图及源文件,2018-06-13,2018.07.24,任务编号：625521,500.0,,,橙子空间设计,https://shop.epwk.com/omdwk3k3mdrp/,,,,,,,,,,,,,,,,,,,,,,,,,,,,
【效果图设计】卤菜店装修设计效果图,https://task.epwk.com/624039/,3824人,8人,¥500,圆满完成,效果图设计,o59fc0371b6f98,店铺面积30平，门头开间较窄，（见图1），主要做的卤菜，但不是传统卤菜，做的辣卤海鲜，所以希望设计元素也和产品一样具有独特的风格，颜色还是以红黑白为主体，借鉴图2，但不是模仿，更希望设计者充分发挥自己的想象，设计作品必须是原创，需要设计的地方主要是门头，室内也需要大致布局设计，店招需要放到内容如下：1.LOGO  (见图3)，需要CDR原图的联系我2.店招名字：匠渔船说3.海鲜辣卤4.全国连锁（XXX店）5.加盟热线;400-000-000具体排版和设计就靠设计者发挥了，非常感谢！,2018-06-09,2018.07.01,任务编号：624039,500.0,,,爱创空间设计,https://shop.epwk.com/3gd2myj4wner/,,,,,,,,,,,,,,,,,,,,,,,,,,,,
【商业空间】婚纱摄影馆装修设计图,https://task.epwk.com/621463/,3235人,7人,¥300,圆满完成,商业空间,o5b1200ece5e05,店铺为长方形  长29米  宽5米正前方5米为钢化玻璃 设一门  右侧方15米为钢化玻璃设一门设计要求前方为接待收银产品展示区域内设化妆间 服装间（内设更衣室）影棚     后期修片间    选片间,2018-06-02,2018.07.03,任务编号：621463,300.0,,,你说我画—设计工作室,https://shop.epwk.com/2j5xogkpx5xm/,你说我画—设计工作室,出售服务,https://shop.epwk.com/2j5xogkpx5xm/chushou/,工作室,六品,40分,,,你说我画—设计工作室,,室内装修-设计,"￥50
            /次",柜体-CAD图纸细化,"￥200
            /起",室内平面设计方案,"￥350
            /件",室内720全景图设计表现,"￥100
            /起",工装效果图设计制作,"￥100
            /起",室内单张效果图设计制作,"￥50
            /起",,,,,,
【餐饮饮食】快餐店门头和店内装修效果图设计,https://task.epwk.com/614344/,4750人,13人,¥800,圆满完成,餐饮饮食,四川赛捷网络科技,"一、经营内容：店面形式经营快餐，面向中、青年人群，以新鲜、健康，新颖为理念。logo见附图二、店铺规格我们是所连锁外卖加盟店，现在外卖需要结合堂食，现在只是需要一个风格图，店铺一般都是长方形，现在规格可以定位20X12。三、设计要求：1、风格可以根据LOGO自定，LOGO主要是那个头像，文字可以不用管。体现小清新的氛围。2、服务及操作台设计在后厨前面，后厨不需要透明，大门设计为玻璃门，桌椅使用沙发卡座和吧台结合。内部设计要考虑立式空调位置、,不需洗手间。可以设计部分顾客座位靠近服务台。灯光设计结合店铺合格。3、提供门头效果图、店面内部整体效果图2-3张，店内效果图要能体现顶部、地面、墙面、服务台、菜单灯箱和顾客区的设计效果。4、装修预算请考虑在5万元以内。5、一经采用，后续希望有更多的合作，比如我们新品牌的设计。",2018-05-15,2018.06.09,任务编号：614344,800.0,,,逾易设计,https://shop.epwk.com/4rn8qe326ngm/,,,,,,,,,,,,,,,,,,,,,,,,,,,,
【办公空间】会所用KTV室设计,https://task.epwk.com/611439/,3374人,9人,¥600,圆满完成,办公空间,幻想飞翔123,KTV室一间，东西5.9米，南北6.2米。沙发放在东侧，进门在东墙最北侧。音响已经买了，4个喇叭装在房间的4个角落，然后沙发放一圈，U形的，到时候定做或者购买。房间的南侧是整面窗户，这个是打算做双层窗帘。其它的几个面进行软包或者造型。需要设计效果图和后续施工图。。。谢谢。,2018-05-08,2018.05.17,任务编号：611439,600.0,,,单萨安,https://task.epwk.com/javascript:;,,,,,,,,,,,,,,,,,,,,,,,,,,,,
【店铺厂房】空气净化器店面室内装修布局图设计,https://task.epwk.com/601342/,2112人,2人,¥220,圆满完成,店铺厂房,jiangbushan,店面整体设计：长宽高：10*5*4.5，附带要给楼梯间和卫生间。可以看照片。门面是5*1.5的招牌（艾吉森）可以提供如何装修方案和简单的布局.店内设计：白色调为主，不需要吊顶，全部刮白灰。主要是店铺如何来摆放产品，产品大小参考附件资料。收银台的布置如何合理。不要太复杂，合理的利用空间让整个店铺看起来比较大，不会拥挤。还有一个装修成本要低价，最好可以使用网上购买的拼装木板。中标后需要出CAD施工图，不要求效果图。业主会提供楼梯的具体尺寸。,2018-04-11,2018.05.07,任务编号：601342,220.0,,,沃依设计,https://shop.epwk.com/4rn8qe0x1ngm/,沃依设计,出售服务,https://shop.epwk.com/4rn8qe0x1ngm/chushou/,个人,九品,64分,,,沃依设计,,,,,,,,,,,,,,,,,,,
【效果图设计】把平面图转成3D效果图,https://task.epwk.com/589575/,6525人,6人,¥360,圆满完成,效果图设计,aiboit,把我附件的三幅平面图改成3D效果图，并画上布线的走线架。大概效果请参考附件图4,2018-03-12,2018.05.27,任务编号：589575,360.0,,,Khaos,https://shop.epwk.com/7g5ykxqm2n0q/,Khaos,出售服务,https://shop.epwk.com/7g5ykxqm2n0q/chushou/,工作室,九品,36分,,,Khaos,,,,,,,,,,,,,,,,,,,
【展台展厅】企业展厅设计,https://task.epwk.com/586500/,2928人,6人,¥1000,圆满完成,展台展厅,o59eaf065633bd,工厂是生产椅子和沙发的厂家，准备在工厂拿出一层做产品展示用。产品图片可以私下找我拿目前地板已有，吊顶有办公室普通方块吊顶。离地2.5米高；需要设计的地方有：1.整体产品摆放区域图2.产品灯光走线布局3.效果图需要的效果是看上去高端，有档次。,2018-03-03,2018.03.17,任务编号：586500,1000.0,,,BY15873142460,https://task.epwk.com/javascript:;,,,,,,,,,,,,,,,,,,,,,,,,,,,,
【单身公寓设计】单身公寓（出租房）施工图设计,https://task.epwk.com/585057/,3966人,6人,¥500,圆满完成,单身公寓设计,mf185****5593,占地面积：200-220平方米之间；长宽：根据面积设计合理的长宽（目前是旧房，可根据设计来调整长宽）楼层：共3.5层；层高：1楼4.3米、2、3、4楼3.3米高；阳台：2、3、4楼可三面出阳台、阳台可挑出1.5m；且阳台可封墙；建筑结构：框架结构要求：最大化利用空间使用面积，以符合出租房的要求，也可部分设计成套房；注：设计请根据面积合理的安排格局，每层的房间数，房间的大小，提交方案：请提交空间布局、每层的施工平面图；                     不清楚者可电话联系，沟通具体细节；,2018-02-27,2018.03.13,任务编号：585057,500.0,,,新燕文化设计工作室,https://shop.epwk.com/78dljml6x5lx/,新燕文化设计工作室,出售服务,https://shop.epwk.com/78dljml6x5lx/chushou/,工作室,七品,40分,,,新燕文化设计工作室,,物业小区文化设计/党建文化设计/宣传栏排版设计,"￥1
            /件",舞台设计/发布会舞美策划,"￥1
            /件",宣传单折页设计,"￥1
            /件",画册宣传册设计,"￥1
            /件",校园文化SIS设计/学校LOGO设计/班牌班级名片设计/背景墙设计/学校理念设计/学校功能室设计/整体外观设计,"￥1
            /起",企业VI系统设计／vis企业形象设计,"￥1
            /起",书籍装帧设计封面设计,"￥1
            /起",包装设计,"￥1
            /起",展馆展厅设计,"￥1
            /起"
【门头设计】公司门头设计&外表美化,https://task.epwk.com/584026/,5066人,16人,¥720,圆满完成,门头设计,o5a7ba1c4afd79,1、目前公司进入厂区第一印象的照片请见附件；2、附件中最后一排墙的尺寸为：高5.8mx长20米3、附件左面移动房尺寸：高2.5米x8.5米x宽2.7米4、附件右面铁皮房尺寸：高3.1米x长15米x宽4米设计要求：1、要求设计外部装修效果，使一进入公司厂区第一印象得到提高2、风格以活泼、动感、爱心和天然为要素，公司主营宠物食品3、公司名称：Niagara Pet Nutrition Inc.公司名称要简约大气，字体醒目4、公司有独立的logo，请留出logo的位置即可。,2018-02-24,2018.05.31,任务编号：584026,720.0,,,清茗个人工作室,https://shop.epwk.com/p05qjwx2wdev/,,,,,,,,,,,,,,,,,,,,,,,,,,,,
【其他家装服务】电视墙及背景墙优化设计,https://task.epwk.com/582004/,3057人,3人,¥200,圆满完成,其他家装服务,o5a7ffe536f4de,买的二手房，户主本来带的装修，但是自己希望再换下风格所以要设计下电视墙及背景墙，附件中有尺寸 跟现在背景墙的样式，因为电视墙后面有一个卫生间，所以电视墙上面带一个暗门，我已经标注了，电视墙要求简约大气，颜色不要花里胡哨，看上去明亮 干净，也可以在现有基础改，周围那一圈围裙带着换颜色就可以了，背景墙要也是简约大气因为不大的地所以稍微设计下就好了。,2018-02-11,2018.03.08,任务编号：582004,200.0,,,老男孩工作室,https://shop.epwk.com/9w56e176wdv1/,老男孩工作室,出售服务,https://shop.epwk.com/9w56e176wdv1/chushou/,工作室,九品,40分,,,老男孩工作室,,认真负责是一种态度，你有需求、正好我有能力协助到……,"￥666
            /月",,,,,,,,,,,,,,,,
【展台展厅】企业展厅效果图设计,https://task.epwk.com/578858/,5787人,12人,¥5000,圆满完成,展台展厅,weine,一．设计要求1.设计要求：（展厅包括以下几个板块）①企业形象墙②企业文化：展现公司走过的32年历程。③智能战略新业态：“输配电装备产业”、“新能源及节能产业”、“智能家居产业”、“车联网产业”。④各业态的发展史2.产品宣传资料/文字是可以便于更换的。3.装修成本约20万二、投稿说明1.必须提供可修改及施工的彩色效果图原稿及CAD原稿。2.设计稿应附带必要的文字说明：设计意图，材料，工艺，颜色（cmyk），尺寸等。3.征集时间为30天。三、知识产权说明1.所设计的作品必须为原创，为第一次发布。未侵犯他人的著作权。如有侵犯他人著作权，由设计者承担所有法律责任。2.中标的所有设计作品，我方支付设计制作费。即拥有该作品的知识产权，包括著作权、使用权和发布权等，并对设计作品进行修改、组合和应用，设计者不得再向其他地方使用该设计作品。四、设计资料附件1.公司LOGO2.公司产品资料（《公司简介》、《公司业态方案索引》）3.公司资质及历史简介4.首层平面图图纸http://www.zhukai.com/ 产品资料请查看官网公司宣传片链接https://v.qq.com/x/page/t0324pnlr0d.html我们只接受个人用户投稿，不接受公司用户投稿，因为我们需要公对公帐！只接受威客dai开fa piao!,2018-01-30,2018.03.20,任务编号：578858,5000.0,,,中道建筑景观设计,https://shop.epwk.com/omdwk27rxdrp/,,,,,,,,,,,,,,,,,,,,,,,,,,,,
【门头设计】五常大米店设计招牌/门头,https://task.epwk.com/575497/,4613人,11人,¥500,圆满完成,门头设计,大尉,"1、提供素材：圣上一品LOGO2、针对LOGO设计相应的招牌/门头，长12m。宽1.2m3、体现元素logo、“五常大米”，“XX粮油店”、“NO.011""，logo位置要醒目同时突出”五常大米“，各元素所占尺寸比例协调。4、设计要接地气，符合粮油店面所处环境，附件中有店面图片可供参考。5、要求为原创设计，设计被采纳相应的设计、制作文件等知识产权归我方所有，我方有权对投稿作品进行任何形式的使用、开发、修改、授权、许可或保护等活动，而无需征得应征者同意.。6、相关应征者除根据本征集要求获相应奖励或荣誉外，放弃任何权利主张。7、作品经采用后，应征者不得将作品用于任何商业用途。8、设计者所投稿件一概不予退还，应征者应自留底稿。9、设计过程中有需要了解的可以通过邮箱2249881414@qq.com进行沟通",2018-01-19,2018.02.11,任务编号：575497,500.0,,,爱创空间设计,https://shop.epwk.com/3gd2myj4wner/,,,,,,,,,,,,,,,,,,,,,,,,,,,,
【门头设计】五常大米店设计招牌/门头,https://task.epwk.com/575492/,3127人,9人,¥500,圆满完成,门头设计,大尉,"1、提供素材：田作故事LOGO2、针对LOGO设计相应的招牌/门头，长12m。宽1.2m3、体现元素logo、“五常大米”，“XX粮油店”、“NO.011""，logo位置要醒目同时突出”五常大米“，各元素所占尺寸比例协调。4、设计要接地气，符合粮油店面所处环境，附件中有店面图片可供参考。5、要求为原创设计，设计被采纳相应的设计、制作文件等知识产权归我方所有，我方有权对投稿作品进行任何形式的使用、开发、修改、授权、许可或保护等活动，而无需征得应征者同意.。6、相关应征者除根据本征集要求获相应奖励或荣誉外，放弃任何权利主张。7、作品经采用后，应征者不得将作品用于任何商业用途。8、设计者所投稿件一概不予退还，应征者应自留底稿。9、设计过程中有需要了解的可以通过邮箱2249881414@qq.com进行沟通",2018-01-19,2018.02.11,任务编号：575492,500.0,,,随云设计,https://shop.epwk.com/omdwk34krdrp/,随云设计,出售服务,https://shop.epwk.com/omdwk34krdrp/chushou/,个人,九品,36分,,,随云设计,,,,,,,,,,,,,,,,,,,
【门头设计】五常大米品牌店招牌/门头设计,https://task.epwk.com/574721/,2494人,6人,¥500,圆满完成,门头设计,大尉,"1、提供素材：企业LOGO2、针对LOGO设计相应的招牌/门头，长12m。宽1.2m3、体现元素logo、“五常大米”，“XX粮油店”、“NO.011""，logo位置要醒目同时突出”五常大米“，各元素所占尺寸比例协调。4、设计要接地气，符合粮油店面所处环境，附件中有店面图片可供参考。5、要求为原创设计，设计被采纳相应的设计、制作文件等知识产权归我方所有，我方有权对投稿作品进行任何形式的使用、开发、修改、授权、许可或保护等活动，而无需征得应征者同意.。6、相关应征者除根据本征集要求获相应奖励或荣誉外，放弃任何权利主张。7、作品经采用后，应征者不得将作品用于任何商业用途。8、设计者所投稿件一概不予退还，应征者应自留底稿。9、设计过程中有需要了解的可以通过邮箱2249881414@qq.com进行沟通",2018-01-18,2018.02.11,任务编号：574721,500.0,,,xiuye,https://shop.epwk.com/3gd2my67wner/,,,,,,,,,,,,,,,,,,,,,,,,,,,,
【软装设计】公司形象墙设计,https://task.epwk.com/570923/,4949人,17人,¥800,圆满完成,软装设计,Gdhk,"公司介绍：广东华矿高新技术有限公司是一家主营业务为尾矿处理及土壤修复的环保类科技公司。                设计内容：公司位于7层，出电梯即能看到一面形象墙（面积约3m高，2.3m宽，即附件所示墙体。形象墙将替换图中的老招牌），希望能以优美的方式展示公司的logo及公司名称。主要看排版和颜色的搭配，灯光方面最好也考虑进去。                                    设计要求：                        1、大气、简洁，设计新颖、高端。                    2、LOGO已有。                    3、最好附上创意说明。                                                                        知识产权说明：                                                                            1、所设计的作品为原创，为第一次发布，未侵犯他人的著作权，如有侵犯他人著作权，由设计者承担所有法律责任;                                                                2、中标的设计作品，我方支付设计制作费，即拥有该作品的知识产权，包括著作权,使用权和发布权等,有权对设计作品进行修改,组合和应用;设计者不得再向其他任何地方使用该设计作品;",2018-01-07,2018.01.19,任务编号：570923,800.0,,,量子设计,https://shop.epwk.com/p05qj9gjodev/,量子设计,出售服务,https://shop.epwk.com/p05qj9gjodev/chushou/,企业,七品,40分,,,量子设计,,包装设计,价格面议,画册宣传页设计,价格面议,VI设计,价格面议,logo设计,价格面议,店铺形象设计,价格面议,,,,,,,,
【施工图设计】房子布局图设计征集,https://task.epwk.com/568830/,2507人,7人,¥100,圆满完成,施工图设计,o5a0bb1ce0b769,平面布局设计不要效果图，房屋坐东朝西，建筑面积104平，布局要以实用为准，布局要以实用为准  ， 布局要以实用为准，重要的事说三次。设计布局必须合理，要有文字说明为什么这样布局，设计费100元能做的来不要浪费大家的时间，非诚勿扰!注意：一定要有文字说明否则视为无效作品。有什么问题可以微信沟通：微信wana446893411,2017-12-31,2018.01.06,任务编号：568830,100.0,,,菲尔菲斯特设计,https://shop.epwk.com/81n411kkvnp6/,菲尔菲斯特设计,出售服务,https://shop.epwk.com/81n411kkvnp6/chushou/,个人,九品,35分,,,菲尔菲斯特设计,,,,,,,,,,,,,,,,,,,
【店铺厂房】酸奶店铺装修设计,https://task.epwk.com/552623/,5412人,13人,¥1000,圆满完成,店铺厂房,那个黑妹真帅,"酸奶店铺整体装修设计店铺面积：（长9米，宽3.9米，高3.4米加到顶0.7米）；要求：1、最里面需要做一3米长的宽3.9米厨房,需要吊顶，3连水池！下水！（厨房不想要生火，所以无油烟。目前有个排烟管道可作为通风口）2、吧台长约2.7米，高1.2米，宽度60左右（可自行安排）。吧台需要留长约1.2米的位置放置弧形展示柜。（吧台头顶需要做招牌名字隔板封顶也行）3、两次墙面贴墙纸。4、整体风格参考下图！！！（下图中两张店铺全景图供参考）",2017-11-11,2017.11.27,任务编号：552623,1000.0,,,calos,https://shop.epwk.com/0jnekp3gjnv3/,,,,,,,,,,,,,,,,,,,,,,,,,,,,
【软装设计】一张宣传页及形象墙设计,https://task.epwk.com/547957/,2849人,12人,¥400,圆满完成,软装设计,你听不到,1、单页印刷出厂的实际尺寸为213mm×291mm，净尺寸为210mm×285mm2、此订单需要设计2部分，为一张双面的宣传页及形象墙设计。3、后续还有类似的宣传页共8页需要设计，请威客确认是否能做到风格统一，中标者我们将进行后续的合作，请保证我们能联系到中标的你。,2017-10-27,2017.11.09,任务编号：547957,400.0,,,爱创空间设计,https://shop.epwk.com/3gd2myj4wner/,,,,,,,,,,,,,,,,,,,,,,,,,,,,
【办公空间】办公楼大厅屏风设计,https://task.epwk.com/545300/,3767人,6人,¥100,圆满完成,办公空间,o59e83afd95a35,"办公楼大厅设计一个屏风，要求遮住楼梯，两侧留进出口，屏风从上到下贯通，材质UV板或磨砂玻璃，上面要粘贴LOGO(企业有LOGO),请出设计图（两种材质），标明材质，并标注尺寸。楼梯宽度为2.5米。",2017-10-19,2017.11.12,任务编号：545300,100.0,,,浩然设计空间,https://shop.epwk.com/78dljygpl5lx/,,,,,,,,,,,,,,,,,,,,,,,,,,,,
【效果图设计】新房装修效果图设计,https://task.epwk.com/542664/,7682人,25人,¥1000,圆满完成,效果图设计,黑鹰00一品,按照平面布置图做一套效果图，效果图一定要包括以下区域：入户阳台，客厅，餐厅，吧台，过道，主卧。以下区域能做效果图更好：厨房，卫生间，长辈房，小孩房，书房。最好是能做成立体展示的VR，选标时优先考虑VR。提交效果图时，最好有份详细的说明书，说明该方案的估缺点，具体要求如下：1、做成现代简约风格，长时间呆在房间要感觉到自然舒适；2、家中有两个小男孩，尽量不要有棱角，生活阳台和休闲阳台做防护网，入户阳台封窗；3、尽量不做吊顶，边周做石膏线；4、餐厅用吊扇灯，如果可以的话，客厅也用吊扇灯；5、效果图中的尺寸比例要准确；6、效果图要考虑到户型的实际情况，具体见户型实景照片；7、沙发，餐桌和冰箱尽量按我选定的型号和颜色来做；8、所有地面铺地板砖，主卧铺仿木纹地板砖；客厅，餐厅，厨房和卫生间贴墙砖；其他房间刷乳胶漆；,2017-10-11,2017.11.10,任务编号：542664,1000.0,,,晨曦室内设计,https://shop.epwk.com/z2nkz317pnqy/,晨曦室内设计,出售服务,https://shop.epwk.com/z2nkz317pnqy/chushou/,个人,八品,39分,,,晨曦室内设计,,,,,,,,,,,,,,,,,,,
【施工图设计】30多平的单身公寓cad平面图设计,https://task.epwk.com/541490/,5691人,15人,¥100,圆满完成,施工图设计,Ddhc,30多平的单身公寓，需要cad平面图、一面墙的立面图单身公寓cad平面图，单面墙的立面图，最好也能做下半包预算,2017-10-08,2017.10.28,任务编号：541490,100.0,,,理想空间设计工作室,https://shop.epwk.com/p05qj9gvrdev/,,,,,,,,,,,,,,,,,,,,,,,,,,,,
【店铺厂房】求：蓓思特儿童大学背景墙优化方案,https://task.epwk.com/540004/,4271人,12人,¥800,圆满完成,店铺厂房,o59ce1802b520f,蓓思特儿童大学为国内首创儿童教育一站式服务平台；现因原有背景墙设计方案不能满足实际需求，存在遮挡视线不易导流的问题；现求优化设计效果图，要求如下：1、体现儿童教育及一站式服务平台特点2、须带有蓓思特儿童大学标示（见附件标志）3、主体高度不能1500mm（突出主题部分除外）,2017-09-29,2017.10.25,任务编号：540004,800.0,,,智酷设计工作室,https://shop.epwk.com/v0n1x19ox57y/,智酷设计工作室,出售服务,https://shop.epwk.com/v0n1x19ox57y/chushou/,工作室,五品,35分,,,智酷设计工作室,,自建房设计,价格面议,店铺设计,￥800,家居设计,￥1000,logo设计,"￥500
            /件",,,,,,,,,,
【软装设计】家装背景墙及屏风的设计,https://task.epwk.com/537857/,4595人,9人,¥200,圆满完成,软装设计,黑鹰00一品,求设计一个简洁、时尚、大气的电视背景墙。我家是新房装修，背景墙只有3米宽（具体尺寸见压缩包中的CAD图纸），附近有两个屏风和一个对景，要求这把这些元素都考虑进去，作为一个总体来设计，具体要求如下：1、电视背景墙不到3米宽，希望能通过一些设计手段，让背墙能看上去没那么窄；2、过道的屏风要能通风透气，又要对视线有遮挡；3、洗漱盆的屏风要视线通透，站在那洗漱时，不会有压抑感，也可以把屏风去掉，但要求总体要好看；    附装修公司设计出来的方案，我们不太满意（具体见附图），供设计师参考。,2017-09-22,2017.10.13,任务编号：537857,200.0,,,追影空间设计,https://shop.epwk.com/j7n38go8e5e1/,,,,,,,,,,,,,,,,,,,,,,,,,,,,
【单身公寓设计】农村自建房设计,https://task.epwk.com/537649/,2479人,9人,¥200,圆满完成,单身公寓设计,夏花01,1、上下2层2、下层一个客厅，一个餐厅，一个厨房，一个卫生间，一个卧室3、上层2个卧室，一个卫生间，一个阳台4、还想设计一个储物间，可以给父母放置一些小农具备注：大概70多平米，8米多乘以9米多，父母2个人住，父母现在50来岁晚上可方便走楼梯到上面睡，老了睡楼下。,2017-09-22,2017.09.27,任务编号：537649,200.0,,,捨作建筑设计工作室,https://shop.epwk.com/omdwk278rdrp/,,,,,,,,,,,,,,,,,,,,,,,,,,,,
【其他家装服务】户型更改方案征集,https://task.epwk.com/533642/,3505人,9人,¥200,圆满完成,其他家装服务,alwrcb,室内套型设计 要求布局合理的三室 南北通透型 可以简欧装风格 特别是客厅大家可以清晰的看到客厅没有背景墙，客厅是重点。附件有该户型的文件，大家可下载。谢谢大家踊跃参与！！附件内有：实地测量的尺寸，有一张承重墙照片！！,2017-09-10,2017.10.06,任务编号：533642,200.0,,,凌云空间建筑装饰,https://shop.epwk.com/m7d7w8o3p5q8/,,,,,,,,,,,,,,,,,,,,,,,,,,,,
【软装设计】电视背景墙如何处理,https://task.epwk.com/532934/,4759人,19人,¥100,圆满完成,软装设计,shiliangpei1988,房子正在装修，中间已经贴文化石，但是太单调了，希望能提出一下改正方案，如果能有图片最好，房子是简欧风格,2017-09-07,2017.11.23,任务编号：532934,100.0,,,默一设计,https://shop.epwk.com/m7d7wz08w5q8/,,,,,,,,,,,,,,,,,,,,,,,,,,,,
【效果图设计】门脸、门头、店内风格定调效果图设计,https://task.epwk.com/516874/,4116人,19人,¥600,圆满完成,效果图设计,baidushengzhe,门脸、门头、店内风格定调效果图设计需要开奶茶店，现在需要做先做定调设计，店内色调、门面、招牌设计，不是档口店，点餐台在内部的那种，有问题可以随时联系我，定位高端奶茶店，古风、工业复古风，英伦风格都可以，遵循简洁、干净、温馨的设计理念，中标者将会获得后期3家店铺的装修设计订单，直接一品威客雇佣下单！,2017-07-12,2017.10.18,任务编号：516874,600.0,,,放肆,https://task.epwk.com/javascript:;,,,,,,,,,,,,,,,,,,,,,,,,,,,,
【效果图设计】新房效果图设计,https://task.epwk.com/514912/,6376人,27人,¥1000,圆满完成,效果图设计,jianjian1987,房子面积大概130平，要求现代简约风格，厨房、客厅、卧室等主要部位均有独立效果图。只要做效果图，施工图不要。具体的设计要求看附件,2017-07-05,2017.07.25,任务编号：514912,1000.0,,,咕碌设计,https://shop.epwk.com/9w56ezm27dv1/,,,,,,,,,,,,,,,,,,,,,,,,,,,,
【其他家装服务】22平米一居室二手房室内设计,https://task.epwk.com/513822/,4228人,14人,¥500,圆满完成,其他家装服务,kunshao9795,房间大小22平面，2楼的一居室公寓，寻求室内设计师重新设计，要求，充分合理利用空间，现代时尚，性价比高,2017-07-01,2017.07.18,任务编号：513822,500.0,,,金蝉设计工作室,https://shop.epwk.com/78n96jkq0nkv/,金蝉设计工作室,出售服务,https://shop.epwk.com/78n96jkq0nkv/chushou/,工作室,五品,40分,,,金蝉设计工作室,,现代风格带点北欧元素,"￥1000
            /套",简欧设计,￥1,地中海效果图,￥1000,室内设计,￥2000,出效果图,"￥300
            /件",图纸设计,"￥500
            /次",装修,"￥1500
            /次",,,,
【单身公寓设计】农村别墅外观设计,https://task.epwk.com/510848/,4966人,12人,¥3000,圆满完成,单身公寓设计,悠悠小镇,设计要求：                                                                            1、一层占地面积不超过172平米，高度2层半;                                                                2、建筑风格新中式参考附件图1;                                                                3、内部结构参考附件图2。                                                                4、附上创意说明。,2017-06-19,2018.01.20,任务编号：510848,3000.0,,,阅城设计,https://shop.epwk.com/3gd2m69wvner/,阅城设计,出售服务,https://shop.epwk.com/3gd2m69wvner/chushou/,企业,五品,60分,,,阅城设计,,插画设计,"￥3000
            /件",室内设计,"￥5000
            /套",房屋建筑设计,价格面议,,,,,,,,,,,,
【展台展厅】小学生手工作品展示墙设计,https://task.epwk.com/507565/,7909人,11人,¥960,圆满完成,展台展厅,jbygzm,小学生手工作品展示墙设计。A、B两块。有整体性。设想：利用学校楼道空余地方制作小学生作品展示。要求：要求作品在封闭区里（例如：有机盒子或者半球里面，作品可以更换。），制作形式可以多样。材质亚克力、芙蓉板、金属均可。要安全。设计：设计上无限制。色彩鲜艳造型新颖。结构灵巧耐看。可以创意主题：例如：太空系列。神舟飞船系列。航母系列。海底世界。昆虫系列。,2017-06-06,2018.03.26,任务编号：507565,960.0,,,昆明众石嘉创文化传播,https://shop.epwk.com/09drjew7q53w/,昆明众石嘉创文化传播,出售服务,https://shop.epwk.com/09drjew7q53w/chushou/,企业,一品,39分,,,昆明众石嘉创文化传播,,资深设计师/医疗/慈善/商业/零售/服务标志商标logo设计,"￥1299
            /起",包装盒设计,￥1000,食品包装设计,￥1888,园林/庭院/花园/室内景观/屋顶花园 规划设计,"￥1000
            /起",3D建模,"￥500
            /起",3D设计公装渲染图,"￥60
            /平方",酒水月饼礼盒食品/茶/饮品/农产品,"￥300
            /页",创城、创文多折页设计/家居装修/金融保险/产品推介,"￥300
            /页",餐饮/娱乐/旅游VI设计专属定制全套vi视觉系统设计,"￥9999
            /套"
【效果图设计】毛胚房布局图及效果图设计,https://task.epwk.com/506350/,4621人,9人,¥600,圆满完成,效果图设计,洪波,"现状： 毛胚房，大通间。有卫生间和阳台。59.64平米。三面墙为粗墙。详细参考户型图。    建筑面积： 要求： 1.      设计成两室一厅，带厨房，卫生间。充分考虑光照，通风等因素。2.      关于草图的具体数值，没有扣掉墙壁的半宽，请予以考虑。3       需要设计图和大致室内装修效果图5  设计图，就是一个整体得平面划分布局图。一张就够了6  效果图，需要一个客厅，两个卧室，厨房。四张。知识产权说明：1、所设计的作品为原创，为第一次发布，未侵犯他人的著作权，如有侵犯他人著作权，由设计者承担所有法律责任;2、中标的设计作品，我方支付设计制作费，即拥有该作品的知识产权，包括著作权,使用权和发布权等,有权对设计作品进行修改,组合和应用;设计者不得再向其他任何地方使用该设计作品;",2017-06-01,2017.06.21,任务编号：506350,600.0,,,金蝉设计工作室,https://shop.epwk.com/78n96jkq0nkv/,金蝉设计工作室,出售服务,https://shop.epwk.com/78n96jkq0nkv/chushou/,工作室,五品,40分,,,金蝉设计工作室,,现代风格带点北欧元素,"￥1000
            /套",简欧设计,￥1,地中海效果图,￥1000,室内设计,￥2000,出效果图,"￥300
            /件",图纸设计,"￥500
            /次",装修,"￥1500
            /次",,,,
【效果图设计】韩式烤肉店招牌设计,https://task.epwk.com/505418/,3061人,4人,¥400,圆满完成,效果图设计,saingwei,1、街边韩式烤肉点招牌设计和室内设计风格整体符合。2、设计材料市面可以买到，就是效果图出来制作公司可以制作出来。3、整体风格新颖，让人一看就能记住。夜晚招牌灯光明亮干净。4、外观拍摄中的肯德基门是要换掉的，最好整体都设计进去。备注：室内效果图，外观拍摄和LOGO都放在附件。附件太大 请直接联系我QQ 36218014,2017-05-27,2017.06.08,任务编号：505418,400.0,,,爱创空间设计,https://shop.epwk.com/3gd2myj4wner/,,,,,,,,,,,,,,,,,,,,,,,,,,,,
【单身公寓设计】复式楼装修设计效果图设计,https://task.epwk.com/501189/,5304人,16人,¥1008,圆满完成,单身公寓设计,mf133****8277,不好意思为难各位，自建房 中 复式楼装修设计3D效果    我只要设计2、3 楼这套复式楼。 中标后如果提供装修施工图水电施工 图 我另外付钱      我本人喜欢雅致 、简洁、注重细节，平时喜欢泡泡茶、喝喝咖啡、发发呆。  比较喜欢现代美式雅致大气耐看不容易过时和后现代休闲雅致，所以一直在纠结哪个好。设计颜色以白色为主，设计的东西可以简洁但要有特点。        1楼 留一个房间     其他就是餐厅、客厅、厨房、休闲区（可以发发呆，喝喝咖啡）、复试楼梯。 希望把餐厅、休闲区、厨房、 复试楼梯设计成客厅一部分。复试楼梯最为关键，我希望他是一个看点，要是可以坐在楼梯上发发呆那更好。2楼全都是房间。卫生间弄得大气一点有一张实木大板桌  看能不能帮我利用上去   长3m宽1m注；房子还在建设中，总的5层   （一楼和夹层是店面，  2、3楼是一套复式楼，4、5另一套复式楼）压缩文件里  有平面图    外观图   比较喜欢效果图,2017-05-13,2017.07.06,任务编号：501189,1008.0,,,道森装饰设计,https://shop.epwk.com/78dljj1ol5lx/,道森装饰设计,出售服务,https://shop.epwk.com/78dljj1ol5lx/chushou/,企业,六品,40分,,,道森装饰设计,,办公设计,价格面议,酒店设计,价格面议,SPA美容,价格面议,,,,,,,,,,,,
【施工图设计】要求改成两室南北通透型简欧装,https://task.epwk.com/500788/,3476人,10人,¥200,圆满完成,施工图设计,alwrcb,图型设计 要求改成两室南北通透型 可以简欧装风格 露天阳台朝北 附件图形是CAD模式 尺寸上 有一点点的问题 你懂的 毕竟不是专业的~！,2017-05-12,2017.06.02,任务编号：500788,200.0,,,mf15520066204,https://task.epwk.com/javascript:;,,,,,,,,,,,,,,,,,,,,,,,,,,,,
【效果图设计】别墅门头设计,https://task.epwk.com/497401/,4561人,14人,¥1000,圆满完成,效果图设计,benww,"别墅室外门头改造设计效果图                概况：本任务附件中“原貌.zip”为别墅室外门头原貌，现对该别墅内外进行装修，并已拆除原室外门头（现况见本任务附件“现貌.zip”），针对拟新建门头效果征集效果图                                    设计要求：                                                                            1、大气、简洁;                                                                2、最大程度发挥想象力，确保门头效果;                注：中标威客需继续配合修改，直达修改到满意为止。                                    知识产权说明：                                                                            1、所设计的作品为原创，为第一次发布，未侵犯他人的著作权，如有侵犯他人著作权，由设计者承担所有法律责任;                                                                2、中标的设计作品，我方支付设计制作费，即拥有该作品的知识产权，包括著作权,使用权和发布权等,有权对设计作品进行修改,组合和应用;设计者不得再向其他任何地方使用该设计作品;",2017-05-02,2017.09.14,任务编号：497401,1000.0,,,阅城设计,https://shop.epwk.com/3gd2m69wvner/,阅城设计,出售服务,https://shop.epwk.com/3gd2m69wvner/chushou/,企业,五品,60分,,,阅城设计,,插画设计,"￥3000
            /件",室内设计,"￥5000
            /套",房屋建筑设计,价格面议,,,,,,,,,,,,
【店铺厂房】服装店效果图设计,https://task.epwk.com/495511/,2537人,5人,¥650,圆满完成,店铺厂房,mf152****5533,2米8*13米6要求简单大方，主做地架，但是要求做效果不明白请直接电话联系15204755533,2017-04-25,2018.01.21,任务编号：495511,650.0,,,L设计室,https://shop.epwk.com/m7d7wzy6k5q8/,,,,,,,,,,,,,,,,,,,,,,,,,,,,
【效果图设计】背景墙上公司名字LOGO布置设计,https://task.epwk.com/490052/,5047人,5人,¥150,圆满完成,效果图设计,mf138****6576,在附件挪威红铝塑板背景墙上，放以下两个公司名和公司LOGO，是水晶字，公司logo不用改，要做的就是布局和选择公司名字体和颜色。那个背景墙宽为2.67米，高度从顶端到前台桌面高度为1.67米，整个背景墙高2.54米，不过前面会放一个图片里的前台（宽1.8米，高1.05米）。里面的图片只是告诉你背景是什么样子，布置内容有哪些，请另起文件设计背景墙的布局、字体及颜色。背景墙内容：首先是我公司的全名及LOGO (“深圳市德祥建筑工程有限公司”，LOGO在附件）            然后是“一品威客网深圳服务中心”  LOGO见附件图片要求：1和谐美丽，视觉效果好，容易记住，上档次。2有源文件，广告公司可以直接制作。3要注明尺寸，字体及颜色。4有特殊要求的请说明。今天内交稿。,2017-04-07,2017.04.18,任务编号：490052,150.0,,,xiuye,https://shop.epwk.com/3gd2my67wner/,,,,,,,,,,,,,,,,,,,,,,,,,,,,
【效果图设计】画一张街景效果图,https://task.epwk.com/489015/,3712人,5人,¥1000,圆满完成,效果图设计,o58d094ae2f337,一条街，二十个店面，分别是：1牙科医院、2工商银行、3移动电信手机店、4晨光文化用品店、5大学生助学中心、6李宁运动服装、7海淘线上线下、8毕业生物品置换中心、9艺术培训中心、10美发美容店、11水果超市、12小超市(24小时)、13邮政快递、复印、14微整形医院、15优胜教育(中小学学生辅导)、16谁的·咖啡、17课余休闲吧、18小宾馆、19勤工俭学实践基地、20书店。从左到右依次排列根据这一布局给画一张街景效果图，要求有视觉冲击力。,2017-04-03,2017.04.22,任务编号：489015,1000.0,,,峰华设计事务所,https://shop.epwk.com/zqdpl1zopn1v/,,,,,,,,,,,,,,,,,,,,,,,,,,,,
【效果图设计】幼儿园墙体彩绘效果图设计,https://task.epwk.com/483472/,2371人,7人,¥150,圆满完成,效果图设计,wbq77777,要求色彩鲜艳，明快，墙体用色块覆盖，线条流畅整洁，符合建筑结构，便于施工，不要出现细小复杂的图案,2017-03-15,2017.04.17,任务编号：483472,150.0,,,爱创空间设计,https://shop.epwk.com/3gd2myj4wner/,,,,,,,,,,,,,,,,,,,,,,,,,,,,
【效果图设计】乡镇的民兵器材库设计,https://task.epwk.com/482730/,6007人,7人,¥800,圆满完成,效果图设计,cxyl888888,按照规范化库室的标准要求，整合了民兵器材库和防汛物资 库，制作标准化的置物架，制定完善了《器材室管理细则》、《民兵活动制度》等规章制度，配备了迷彩服、铁铲、铁扫把、盾牌、十字镐、雨衣、雨鞋、救生衣、应急灯、安全绳等抢险救灾器材和装备，为确保我镇武装部民兵队伍更加出色完成抢险救灾，民兵训练，维 护稳定等各项任务提供物质保障。1、要求在墙面设置《器材室管理细则》、《民兵活动制度》等规章制度，设计新颖，大方。（可以加一下两学一做的口号）2、顶上迷彩网+党徽 3、地面中间放置夹浦镇地形图的沙盘，墙边放置置物架，置物架上面放迷彩服、铁铲、铁扫把、盾牌、十字镐、雨衣、雨鞋、救生衣、应急灯、安全绳等抢险救灾器材和装备要求一定新颖，具体可以联系我13587929198,2017-03-12,2017.03.30,任务编号：482730,800.0,,,道森装饰设计,https://shop.epwk.com/78dljj1ol5lx/,道森装饰设计,出售服务,https://shop.epwk.com/78dljj1ol5lx/chushou/,企业,六品,40分,,,道森装饰设计,,办公设计,价格面议,酒店设计,价格面议,SPA美容,价格面议,,,,,,,,,,,,
【效果图设计】小两房两厅效果图设计,https://task.epwk.com/480420/,3233人,14人,¥600,圆满完成,效果图设计,大漠狼,"1、 面积75M2,小两房两厅，具体可以见附件的尽寸图。总层高2800CM,客厅与餐厅的交接处都有一个60CM的梁.，2、想装修成日式清新风格，因为本房不居家少，所以想简洁有意境点3、要求厨房、餐厅，客厅以及两个房间，包括阳台、卫生间都出效果图，并有一张整体效果图。",2017-03-04,2017.05.15,任务编号：480420,600.0,,,厚名设计工作室,https://shop.epwk.com/09drjjz3353w/,厚名设计工作室,出售服务,https://shop.epwk.com/09drjjz3353w/chushou/,工作室,五品,28分,,,厚名设计工作室,,设计,￥1200,家装设计,￥150,,,,,,,,,,,,,,
【其他家装服务】女装店铺装修设计,https://task.epwk.com/461262/,7809人,24人,¥1000,圆满完成,其他家装服务,李荣332623,1:18平方，具体见附件2:偏休闲，中高端女装，精品店，设计风格想偏向复古风格3:要大方向的，店里的设计，衣服的摆设，试衣间的位置，怎么样才能出来一个整体的视觉效果就好！4:不用提供具体的设计参数，我想要的只是一个方向和思路，灯光效果不用考虑，设计理念仅作我方参考，谢谢5:图片后面的门是封死的，长4.5米，宽3.8米，高3.2米，参考下面附件。以右边立柱直接进去面积为准。备注：任务比较着急，希望各位设计师能尽快投稿，谢谢！,2016-11-28,2017.01.16,任务编号：461262,1000.0,,,厚名设计工作室,https://shop.epwk.com/09drjjz3353w/,厚名设计工作室,出售服务,https://shop.epwk.com/09drjjz3353w/chushou/,工作室,五品,28分,,,厚名设计工作室,,设计,￥1200,家装设计,￥150,,,,,,,,,,,,,,
【店铺厂房】茶饮店装修效果图设计,https://task.epwk.com/456530/,5747人,10人,¥800,圆满完成,店铺厂房,曹lyxs,铺面面积：41.52平方米 （8000mm＊5190mm）    铺面位置人流量一般，处于商业区的地下一层，附近有KFC\星巴克等饮品店店铺名称：元心茶屋 主营业务：以花茶、果茶、普洱、乌龙等健康茶饮为主的一个茶饮吧，现场冲泡，同时会提供：围棋、桌游等一些互动的小工具，是一个可以发呆，学习，休闲，交友体验健康生活的场所；茶屋以健康环保的消费理念为主。装修风格：不需要太复杂，主要是为了提交效果图给商场审批。注：因需要审批后才能施工，所以设计完成后，需商场审批通过，才算完成任务。 1、墙的 A.B面为墙体； C.D面为钢结构玻璃墙， 2、具体尺寸和大概布局图我已经手画了一个，参考附件中图片，若有不了解的加我微信：13648859115发送相关图片资料  3、整体风格以白色为主，稍带轻微的工业风感觉，但又需要结合花茶、果茶等的气质。茶饮视觉效果需要：简洁、大气、舒适。,2016-11-07,2016.11.21,任务编号：456530,800.0,,,追影空间设计,https://shop.epwk.com/j7n38go8e5e1/,,,,,,,,,,,,,,,,,,,,,,,,,,,,
【园林设计】急征效果图设计,https://task.epwk.com/452458/,4205人,7人,¥350,圆满完成,园林设计,mf134****8023,我简单画了个框架，出个效果图，要体现出绿化和顶端车棚，一个视角就可以了，车棚用黑色彩钢瓦，就用附件的图片视角，两边房屋建模简单建下但要跟图片颜色差不多，效果图可以不要按我尺寸建那么大，能清楚表达意思，地面就用柏油路，一定按我要求走，图片上加上我公司名字，南京乾辉装饰工程有限公司，初稿满意者我会私聊，电话勿扰谢谢！,2016-10-21,2016.10.28,任务编号：452458,350.0,,,召唤设计,https://shop.epwk.com/qgdmjj0krdke/,召唤设计,出售服务,https://shop.epwk.com/qgdmjj0krdke/chushou/,个人,四品,40分,,,召唤设计,,室内设计/店铺设计,"￥2000
            /套",软装设计/家具陈设,价格面议,家具定制,"￥800
            /件",景观设计,"￥2600
            /套",自建房设计,"￥8000
            /套",家具/产品外观设计,"￥1600
            /套",,,,,,
【效果图设计】婚礼工作室装修效果图设计,https://task.epwk.com/451042/,5556人,12人,¥1000,圆满完成,效果图设计,网红温老师,婚礼工作室 装修效果图设计。设计要求：工作室名称：华格婚礼创意工作室效果风格：温馨，时尚，简约，干净。感觉要时尚为主。设计区域：沙发接待区，休闲洽谈区，经理办公区，员工办公区。（经理室里可设计一个隔断，摆放沙发谈事区）设计：壁纸换成适合婚礼工作室风格的，办公桌要简约的。使用地毯。 不限制设计师发挥想象，因为是婚礼创意工作室，效果感觉一定要时尚。附件：附件有一张平面图纸，12m＊12m。还有几张标柱的照片，之前的场地是一个茶室。现在风格都换掉。如果不清楚的可以联系18611116682，微信80255402，加微信。,2016-10-14,2016.10.31,任务编号：451042,1000.0,,,青藤室内设计工作室,https://shop.epwk.com/89dvgg71zdl2/,青藤室内设计工作室,出售服务,https://shop.epwk.com/89dvgg71zdl2/chushou/,工作室,八品,38分,,,青藤室内设计工作室,,家装3dmax效果图制作,价格面议,,,,,,,,,,,,,,,,
【效果图设计】外观鸟瞰效果图制作,https://task.epwk.com/448885/,2584人,6人,¥500,圆满完成,效果图设计,leledec,要求：按参考图要求出一个鸟瞰图。1、角度图片里有标明，房子外墙用参考图的四孔水泥板，阳台栏杆按参考图。2、房子外围栏按参考图。一共五个房子，后面四个相同，最后一个房子高，最前面的房子最低，坡度上建的房子。两天内对图。3、有不明白的可以直接电话18084663486聂工 备注：文件信息比较大，附件中是一部分参考图片，若要参与设计交稿的设计师请加qq：24983034。发送参考资料。,2016-09-30,2016.11.05,任务编号：448885,500.0,,,LOGO及效果图制作,https://shop.epwk.com/mod044e3r5yv/,,,,,,,,,,,,,,,,,,,,,,,,,,,,
【店铺厂房】皮肤健康护理管理中心装修设计,https://task.epwk.com/448201/,4501人,9人,¥2000,圆满完成,店铺厂房,o57e8810af2050,整体装修风格：简约、通透、富有原生态，生物高科技感觉；给客户感觉不能有压抑感，可采用日式的简约风；店面的客户群体为女性，消费在中高档以上。店面面积：60－80平方标准长方、正方型面积构架，高度在3米以上。店里布局：展厅、接待、治疗室两间、洗手间、储物室1、展厅可和接待在同一空间，简约隔开2、治疗室两个，每个空间控制在6－8平方一个,2016-09-27,2017.06.23,任务编号：448201,2000.0,,,良人室内设计机构,https://shop.epwk.com/89dvggvp4dl2/,良人室内设计机构,出售服务,https://shop.epwk.com/89dvggvp4dl2/chushou/,工作室,七品,40分,,,良人室内设计机构,,办公室设计,价格面议,餐厅设计,价格面议,酒店设计,"￥100
            /次",居家室内设计,80,,,,,,,,,,
【店铺厂房】家具产品店面门头设计,https://task.epwk.com/447948/,3833人,10人,¥500,圆满完成,店铺厂房,o57e203a9926a2,"主营：DIY家具产品要求： 1、主色调为白色，不是硬性要求，设计师可自由发挥，颜色种类不宜多，不要很花哨2、门头内容为“川井”两个字（可对字体进行设计， 不能用日文字），要求加入店面编号、电话、地址等信息（可用000代替，主要是看排版，电话、地址不是非加不可）3、门头布局要合理，有一定层次感，时尚简单大气，视觉冲击力，醒目易识别4、要求提供两种设计效果图：一种是商场内部的店面，用发光字效果。另一种是户外的门店，考虑做立体字，打灯光的。 设计师要标注出门头各个部分所用材质ps：请用通用、常规的比例设计附件是别人做的方案和公司主营产品，供参考知识产权说明：1、所设计的作品为原创，为第一次发布，未侵犯他人的著作权，如有侵犯他人著作权，由设计者承担所有法律责任;2、中标的设计作品，我方支付设计制作费，即拥有该作品的知识产权，包括著作权,使用权和发布权等,有权对设计作品进行修改,组合和应用;设计者不得再向其他任何地方使用该设计作品;",2016-09-26,2016.10.20,任务编号：447948,500.0,,,精华社,https://shop.epwk.com/7g5yk4k9gn0q/,精华社,出售服务,https://shop.epwk.com/7g5yk4k9gn0q/chushou/,个人,七品,40分,,,精华社,,艺术字体,价格面议,漫游动画,价格面议,园林古建,价格面议,游戏场景,价格面议,规划彩平,价格面议,小区规划,价格面议,商业街效果图设计,价格面议,,,,
【效果图设计】吊顶图设计,https://task.epwk.com/445510/,3058人,8人,¥100,圆满完成,效果图设计,mf159****2147,现代风格，主要考虑一层的吊顶设计，二层不需要考虑，重点考虑公卫门口过道区域吊顶如何设计，能使整个过道空间与吊顶协调，层高尽量高点，有中央空调。不明白的随时联系我,2016-09-11,2016.12.03,任务编号：445510,100.0,,,龙〜设计,https://shop.epwk.com/78dljj2jx5lx/,,,,,,,,,,,,,,,,,,,,,,,,,,,,
【橱柜定制】哥萨客电气高端打火机展示柜外观设计,https://task.epwk.com/445373/,5439人,5人,¥500,圆满完成,橱柜定制,mf133****2431,"经营介绍：                    “哥萨客”电气是一家以生产高端电子‘打火石一次性打火机的企业。 专注 ，责任，口碑，进取是我们的 企业精神。现公司准备进军终端市场，把产品直接交到消费者手里。基于这个布局，需要一款展柜。其具备以下几个功能：1.存放。大致准备放3盘打火机。除存放外产品展示也是设计师设计的要点。2.灯光。利用内置电池供点以提供2-4个LED灯珠以达到照明美化的效果。3.具备迎宾器功能。以上3项功能作为外观设计的参考，设计师不用设计这块。只需要设计外观即可。                                                   设计要求：                                                                            1、大气、简洁、明快;                                                                2、有视觉冲击力，醒目易识别，突出高端打火机“哥萨客”品牌元素;                                                                3、能体现特色，LOGO已有在附件中，参考设计初图也在附件中。                                                               4、附上创意说明。                                                                        知识产权说明：                                                                            1、所设计的作品为原创，为第一次发布，未侵犯他人的著作权，如有侵犯他人著作权，由设计者承担所有法律责任;                                                                2、中标的设计作品，我方支付设计制作费，即拥有该作品的知识产权，包括著作权,使用权和发布权等,有权对设计作品进行修改,组合和应用;设计者不得再向其他任何地方使用该设计作品;",2016-09-09,2016.10.20,任务编号：445373,500.0,,,mf18800102908,https://task.epwk.com/javascript:;,,,,,,,,,,,,,,,,,,,,,,,,,,,,
【效果图设计】运动场馆门脸、门头效果图设计,https://task.epwk.com/444478/,41174人,17人,¥1080,圆满完成,效果图设计,mf186****7918,时尚运动馆设计门脸门头 效果图设计 多角度场馆名称为GM5，LOGO 见附件设计要求：时尚，国际，欧美感，工业 复古风，辨识度高。设计区域要求：见附件“厂房.jpg”，设计厂房右侧两个大门区域，即绿色线标示区域，尺寸已标出，门头高出房顶最高处。设计内容要求：见附件“4c4f474f352e706e67”，图中体现出墙体颜色，材质，是否造型；logo灯箱的材质，颜色，位置，尺寸大小；场馆名称字的材质，颜色，位置，尺寸大小。设计颜色要求：颜色搭配 时尚，大气，国际 ， 欧美感，辨识度高。备注：如设计师设计的稿件被选中，以后可继续合作。,2016-09-06,2016.09.30,任务编号：444478,1080.0,,,VCT视觉工作室,https://shop.epwk.com/0jnekl48ynv3/,VCT视觉工作室,出售服务,https://shop.epwk.com/0jnekl48ynv3/chushou/,工作室,四品,45分,,,VCT视觉工作室,,室内设计,￥5000,服装设计,"￥3000
            /次",3D动画设计,"￥5000
            /次",艺术照片处理,￥2000,网页图片设计,￥2500,产品外观设计,￥5000,建筑外观设计,￥50000,LOGO设计,￥5000,,
【其他家装服务】新房装修求设计,https://task.epwk.com/444395/,4669人,19人,¥888,圆满完成,其他家装服务,mf135****6566,"1.根据效果图做深入细化设计;2、要求出具施工图、含水电及弱点布置走向图。吊顶图3、要求出具材料表（不需要价格）（即个人需采购的大宗材料数量，精确为主）4、次卧注重空间利用。（优选宜家方案）5.户型图及尺寸在  酷家乐网站里面搜索     成都-青秀城-4居-119平6.户型改动：与主卧相连的次卧并入主卧改做衣帽间，所有小阳台全部敲掉并入室内面积（以附件户型为准）7.风格   大气  简约   （参照附件图片）8、电视墙就按效果图所示   不用改动9.主次卧窗户非全落地窗（见附件）知识产权说明：1、所设计的作品为原创，为第一次发布，未侵犯他人的著作权，如有侵犯他人著作权，由设计者承担所有法律责任;2、中标的设计作品，我方支付设计制作费，即拥有该作品的知识产权，包括著作权,使用权和发布权等,有权对设计作品进行修改,组合和应用;设计者不得再向其他任何地方使用该设计作品;",2016-09-05,2016.09.15,任务编号：444395,888.0,,,飞创装饰,https://shop.epwk.com/3gd2mm83gner/,,,,,,,,,,,,,,,,,,,,,,,,,,,,
【效果图设计】中式客厅效果图设计,https://task.epwk.com/435020/,4176人,18人,¥600,圆满完成,效果图设计,mf159****2147,中式风格，客厅是高厅，地面瓷砖，墙面，吊顶造型材料自定。效果要求高端大气有内涵。交稿需提交3D归档文件及A3效果图,2016-07-19,2016.08.20,任务编号：435020,600.0,,,VCT视觉工作室,https://shop.epwk.com/0jnekl48ynv3/,VCT视觉工作室,出售服务,https://shop.epwk.com/0jnekl48ynv3/chushou/,工作室,四品,45分,,,VCT视觉工作室,,室内设计,￥5000,服装设计,"￥3000
            /次",3D动画设计,"￥5000
            /次",艺术照片处理,￥2000,网页图片设计,￥2500,产品外观设计,￥5000,建筑外观设计,￥50000,LOGO设计,￥5000,,
【软装设计】公司形象墙设计,https://task.epwk.com/430708/,4740人,10人,¥720,圆满完成,软装设计,mf135****7015,背景墙长7.7米，高3.2米，整体设计要高档大气，不用放前台，可以用大理石及木色生态木撞色设计，LOGO可以变颜色与背景墙相乎应，公司名称＂深圳巿雅苑服装设计有限公司＂背景墙可以设计灯槽，整体要让人有大公司的感觉，背景墙要跟办公室、会议室的效果图搭配协调，以下附LOGO图，形象墙参考图及会议室参考图，不要图搬下图，要原创设计的效果图，要附上尺寸及材料,2016-06-28,2017.03.11,任务编号：430708,720.0,,,鼎峰设计,https://shop.epwk.com/m7d7wwmzw5q8/,,,,,,,,,,,,,,,,,,,,,,,,,,,,
【店铺厂房】133平火锅店店面装修设计,https://task.epwk.com/430150/,3791人,13人,¥600,圆满完成,店铺厂房,懋牌真品,133平 火锅店   明亮系loft风格loft风格自由发挥感觉不要黑暗，要明亮、清新、大方注重空间利用及细节处理3d效果图， 最好画三个角度的视角,2016-06-26,2016.08.06,任务编号：430150,600.0,,,福州方寸装饰设计有限公司设计团队,https://shop.epwk.com/zqdpllkqpn1v/,,,,,,,,,,,,,,,,,,,,,,,,,,,,
【效果图设计】80平米老房改造，日式风格效果图设计,https://task.epwk.com/427878/,4818人,15人,¥500,圆满完成,效果图设计,kevinhu,家有一套两室一厅一厨一卫的老房2010年装修，现在因结婚希望重新装修，女主喜欢日式希望能够按照日式重新装修。竞标要求：1. 首先提供一个客厅设计图比较，中标者完成其他设计算全部完成。平面图和现场图稍后附上。设计要求：1. 尽量能够节约费用，整体预算不超过5万元。2. 设计风格偏日式3. 房屋在一层，客厅朝南，自采暖，加有大狗一只。4. 外面有桃树遮挡阳光，需要考虑屋内的照明。5. 厨房空间受限，面积小，希望能够合理充分利用空间6. 主卧朝南，次卧朝北，次卧临街受噪音影响较大。,2016-06-15,2016.07.10,任务编号：427878,500.0,,,道森装饰设计,https://shop.epwk.com/78dljj1ol5lx/,道森装饰设计,出售服务,https://shop.epwk.com/78dljj1ol5lx/chushou/,企业,六品,40分,,,道森装饰设计,,办公设计,价格面议,酒店设计,价格面议,SPA美容,价格面议,,,,,,,,,,,,
【其他家装服务】食堂窗口装修设计,https://task.epwk.com/427260/,3791人,6人,¥200,圆满完成,其他家装服务,o575c29e4f2575,食堂窗口，想装大气，简约，有风格的。,2016-06-13,2016.09.01,任务编号：427260,200.0,,,专业家装工装设计工作室,https://shop.epwk.com/3gd2mm29wner/,专业家装工装设计工作室,出售服务,https://shop.epwk.com/3gd2mm29wner/chushou/,工作室,七品,40分,,,专业家装工装设计工作室,,内衣店设计,价格面议,女装店设计,价格面议,佛山帝凡尼美容美发,价格面议,公寓复式升级版,价格面议,家装设计,价格面议,办公室前台效果,价格面议,美甲店,价格面议,桑拿会所,价格面议,足浴包厢,价格面议
【单身公寓设计】平面方案设计优化,https://task.epwk.com/425638/,4044人,4人,¥100,圆满完成,单身公寓设计,mf159****2147,中式风格，卧室7间左右，要求高端大气上档次功能齐全点，南面阳台不能倒楼板，南北阳台都有包窗户,2016-06-04,2016.06.17,任务编号：425638,100.0,,,专业家装工装设计工作室,https://shop.epwk.com/3gd2mm29wner/,专业家装工装设计工作室,出售服务,https://shop.epwk.com/3gd2mm29wner/chushou/,工作室,七品,40分,,,专业家装工装设计工作室,,内衣店设计,价格面议,女装店设计,价格面议,佛山帝凡尼美容美发,价格面议,公寓复式升级版,价格面议,家装设计,价格面议,办公室前台效果,价格面议,美甲店,价格面议,桑拿会所,价格面议,足浴包厢,价格面议
【效果图设计】中式房屋效果图设计,https://task.epwk.com/424974/,3832人,18人,¥1000,圆满完成,效果图设计,otest,风格：中式风格，屋内要配红木家具。基本情况：户型结构及基本平面图见附图设计内容：包括室内所有装饰工程，含灯光照明、强弱电、给排水工程及家具平面布置、装饰品摆设等。总体设计一定要尽量使空间显得开阔，要求最佳利用空间，注意收纳处理。强电：根据功能和设计，请给出各房间照明建议。弱电：客厅、卧室均需有网线、有线电视接口。其它要求：要带上施工图,2016-06-01,2016.07.06,任务编号：424974,1000.0,,,VCT视觉工作室,https://shop.epwk.com/0jnekl48ynv3/,VCT视觉工作室,出售服务,https://shop.epwk.com/0jnekl48ynv3/chushou/,工作室,四品,45分,,,VCT视觉工作室,,室内设计,￥5000,服装设计,"￥3000
            /次",3D动画设计,"￥5000
            /次",艺术照片处理,￥2000,网页图片设计,￥2500,产品外观设计,￥5000,建筑外观设计,￥50000,LOGO设计,￥5000,,
【软装设计】公司前台形象墙设计,https://task.epwk.com/419273/,2650人,7人,¥300,圆满完成,软装设计,mf186****2645,"公司前台形象墙设计介绍： “soonchen”是行业领先的移动保险服务平台，隶属于广州顺成信息技术有限公司。 公司以保单云管理、续保智能提醒，手机在线投保为切入点，整合线上线下资源，打造保险业互助服务平台，构建保险业新生态。 平台已经完成三十余家主流财寿险公司的报价，险种覆盖率超过90%。形象墙设计内容：前台背景墙分为9个格，除了两个格放了合作商logo外，其他七个格需要设计。具体内容参照之前的设计内容。 设计要求：1、整体风格要协调，大气、简洁、明快;2、有视觉冲击力，醒目易识别，突出中心内容;3，先提供大概的，选中了我们再细化。知识产权说明：1、所设计的作品为原创，为第一次发布，未侵犯他人的著作权，如有侵犯他人著作权，由设计者承担所有法律责任;2、中标的设计作品，我方支付设计制作费，即拥有该作品的知识产权，包括著作权,使用权和发布权等,有权对设计作品进行修改,组合和应用;设计者不得再向其他任何地方使用该设计作品;任务附件 (2)",2016-05-03,2016.05.12,任务编号：419273,300.0,,,视点文化传媒,https://shop.epwk.com/7lngqq8pedmr/,,,,,,,,,,,,,,,,,,,,,,,,,,,,
【软装设计】电视墙颜色搭配方案征集,https://task.epwk.com/415645/,4149人,10人,¥150,圆满完成,软装设计,o570d0a85b5818,"1:电视墙现为紫色花朵瓷砖。两边黄色为柱子被木板包起来。需求在不拆紫色背景瓷砖的情况下。比如贴什么色什么样式能够买到的墙纸更搭配。   2:电视柜和沙发茶几颜色。或其他更简约的设计。3，交稿要求：提供要求1,2的方案，可以以文档形式上传",2016-04-12,2016.04.19,任务编号：415645,150.0,,,mf13888901403,https://task.epwk.com/javascript:;,,,,,,,,,,,,,,,,,,,,,,,,,,,,
【酒店宾馆】家庭宾馆前台大厅设计,https://task.epwk.com/408436/,3735人,7人,¥300,圆满完成,酒店宾馆,ming1983,家庭宾馆 前台加入门大厅设计简约设计，需要施工比较方便，最好是某些材料前台什么的可以在某宝上直接购买4.2（横向）X3.6（纵向）米的大厅尺寸，只需要设计大厅。想在原基础上 重新弄一下软装。可以先出简单效果图，选中后再修改。也可以找其他的图直接修改，只要合适就好。,2016-03-08,2016.03.22,任务编号：408436,300.0,,,厦门诚意居装饰设计工程有限公司,https://shop.epwk.com/2j5xooqvk5xm/,厦门诚意居装饰设计工程有限公司,出售服务,https://shop.epwk.com/2j5xooqvk5xm/chushou/,企业,八品,40分,,,厦门诚意居装饰设计工程有限公司,,3D效果图制作,价格面议,工装,价格面议,办公室装修,价格面议,CAD施工图,价格面议,,,,,,,,,,
【单身公寓设计】鱼塘边钢架玻璃房别墅外观设计出效果图,https://task.epwk.com/405525/,7139人,13人,¥500,圆满完成,单身公寓设计,mf182****8800,山谷里，做为私人会所，主要有鱼塘，在鱼塘堤坝上建一个钢架玻璃房约80平米一层式，一主卧，车书房，一厨房，一卫生间，一餐厅，屋高在3-5米高，要求为直角及直边式，外观通透过性化，要有私人小型游泳池，花园，临鱼塘水上景观，有图可参考，可提供原作图片参后再按实际地面积出图，（本次为初期规化，后续会有多栋及上十亩面积设计，以酒店客房型设计！QQ：1076894952,2016-02-19,2016.03.12,任务编号：405525,500.0,,,道森装饰设计,https://shop.epwk.com/78dljj1ol5lx/,道森装饰设计,出售服务,https://shop.epwk.com/78dljj1ol5lx/chushou/,企业,六品,40分,,,道森装饰设计,,办公设计,价格面议,酒店设计,价格面议,SPA美容,价格面议,,,,,,,,,,,,
【酒店宾馆】酒店客房简易翻新，床头可以换，墙面，地板、地毯、家具颜色也可以换。求色彩搭配上档次。,https://task.epwk.com/399817/,5433人,9人,¥200,圆满完成,酒店宾馆,无爱无伤,会添置床裙（颜色未定），部分大电视会换，床头和床背景墙可以改造，求改成或色彩搭配。给别人新的一样上档次，内附有公共场所照片。做的好的，酒店外墙，门头也会改造翻新。房间家具不换翻新预算1000-2000元/间。需要修改后效果图，要求切实可行材料可以买到做到。,2016-01-03,2016.01.25,任务编号：399817,200.0,,,jimking521的店铺,https://shop.epwk.com/p05qjxl91dev/,,,,,,,,,,,,,,,,,,,,,,,,,,,,
【其他家装服务】别墅平面布置设计（3张图）,https://task.epwk.com/399729/,6935人,16人,¥300,圆满完成,其他家装服务,zshdxh,一、基本情况1、三层双拼别墅，有中空大厅，建筑面积318平方米，毛坯一楼层高3.3米，二三层为3米，提供建筑原图和实测CAD简图）。2、最少需要两个主人房，不少于两个客房，一个书房或者为敞开式的读书区亦可，一个适合2人的办公区或房，读书区和办公区也可综合在一起。吧台休闲区等其它由设计师发挥，卫生间控制在4个左右（一楼梯间固定为洗手间）。厨房和杂物间在一楼。整体装修风格为现代简约。功能实用，切合实际，考虑要求全面。二、设计要求1、二楼三楼朝南阳台，可以封闭为房间的一部分，也可以不封闭，由设计室根椐设计情况确定。2、为确保房间的光线以及房间的最佳利用，所有区域均可设置为洗手间，落水管到时再改向。3、主人房分别布置在二楼和三楼各一个，必需朝南。面积也不需要特别大，合适就好。三楼主人房需要考虑将来婴幼儿生活，4、需要考虑洗衣区，晾衣区1-2处。5、主人房要考虑3-4组衣柜，客房有条件的尽量考虑1-2组衣柜。无条件可以不考虑。6、关于洗手间：三楼主人房洗手间采用浴缸，其它洗手间均为沐浴，干湿分离。一楼楼梯间洗手间采用蹲便器，其它洗手间采用坐便器。7、有合适的情况可以设置榻榻米。8、露台的布置设计9、花园的规划设计，后花园可以留一小块菜地，其余的大家发挥。10、客厅和餐厅的家俱布置，隔断设置由设计师发挥。尽量彰显大气，简约。实用。11、冰箱采用双开门冰箱，宽度尺寸按1米计算，空调全部采用管道机，热水器为300升空气能热水器，全屋统一供应热水。三、招标要求1、提供有原始JPG图，和现场测量的CAD图，CAD图不是太专业，需要正规化。2、图面要求美观，各图样式要形象，标识清楚，尺寸清晰。3、每人可提供1-2个方案。4、方案需要有简要的设计说明，简述设计思想，设计理念。5、中标单位或可获得装修设计的机会。6、设计图提供CAD2007版本。一旦提交不论中标与否，我方均有权使用该版权部分或全部。7、要求详细注明各工作区和功能区名称；有高差变化时须注明标高。关注的重点提示：1、  客厅区域、餐厅区域的规划布置2、  一楼厨房和杂物间的布局规划。3、  两个主人房的布局。    中标者或可直接承担装修图设计 其它末尽事宜请加QQ：61829660     领取实测CAD简图,2016-01-02,2016.01.28,任务编号：399729,300.0,,,道森装饰设计,https://shop.epwk.com/78dljj1ol5lx/,道森装饰设计,出售服务,https://shop.epwk.com/78dljj1ol5lx/chushou/,企业,六品,40分,,,道森装饰设计,,办公设计,价格面议,酒店设计,价格面议,SPA美容,价格面议,,,,,,,,,,,,
【软装设计】公司前台以及背景墙设计,https://task.epwk.com/398512/,6121人,12人,¥1000,圆满完成,软装设计,o567a164179b76,配合绿色蓝色色调LOGO设计公司前台以及背景墙。位置如图片红圈部分，其中靠电梯处2.4米为可用空间（靠门禁处约有1米空间不可破坏），砸墙后墙面向外延伸约1.5米。配合公司风景园林施工，生态建设主题设计。（公司主营园林绿化和生态建设，业务涵盖园林绿化及养管、景观生态修复与治理、水土保持与水环境治理、苗木生产与养护、生态环境治理技术开发等领域。）设计风格不限，协调就可以。避免施工复杂繁琐。提供税收证明。,2015-12-25,2016.01.16,任务编号：398512,1000.0,,,金蝉设计工作室,https://shop.epwk.com/78n96jkq0nkv/,金蝉设计工作室,出售服务,https://shop.epwk.com/78n96jkq0nkv/chushou/,工作室,五品,40分,,,金蝉设计工作室,,现代风格带点北欧元素,"￥1000
            /套",简欧设计,￥1,地中海效果图,￥1000,室内设计,￥2000,出效果图,"￥300
            /件",图纸设计,"￥500
            /次",装修,"￥1500
            /次",,,,
【店铺厂房】门店门头招牌设计,https://task.epwk.com/397799/,5225人,15人,¥600,圆满完成,店铺厂房,mf137****5211,本门店是一生态园林式的火锅山庄，这次想从新做门头招牌。要求1、做中式风格、碑式结构的招牌。2、此招牌一定要大气、吸引眼球。3、此招牌一定要用灯饰装饰，但不用LED屏幕。注明：比较急三天后选稿 请设计师尽快投交稿件,2015-12-21,2015.12.30,任务编号：397799,600.0,,,家豪装饰工作室的店铺,https://shop.epwk.com/v0n1xyzp057y/,家豪装饰工作室的店铺,出售服务,https://shop.epwk.com/v0n1xyzp057y/chushou/,工作室,八品,39分,,,家豪装饰工作室的店铺,,,,,,,,,,,,,,,,,,,
【软装设计】办公室沙发照片墙排列设计,https://task.epwk.com/395824/,5790人,7人,¥200,圆满完成,软装设计,lsty2015,V体育工作室，沙发照片墙设计装修风格：现代简约装修.墙面颜色：白色.背景墙大小：4.21米 * 2.4米（已剔除沙发的高度）目前情况：首先沙发是咖啡色的，目前已经有四幅NBA球星的球衣相框，每幅的尺寸是0.75米*1.05米，图片的话附件中已上传，这四幅画是固定的，本来老板的意思是四个球衣挂上去，周围就分别挂上对应的球星的照片，但是因为操作起来比较麻烦，所以请各位设计师大神帮忙。要求：1、要有效果图及简易的施工图或者整体的尺寸图，照片墙的整体形状没限制，长方形也可，不规则也可，但是相框外框的颜色也要帮忙搭配一下。            2、我们这边是打算在淘宝上面买相框的，设计出来照片墙的其他相框必须方便在taoobao上面购买的，不用特别定制的。附件中有一个大概的尺寸供参考,2015-12-08,2015.12.18,任务编号：395824,200.0,,,成峰视觉,https://shop.epwk.com/3gd2mglovner/,成峰视觉,出售服务,https://shop.epwk.com/3gd2mglovner/chushou/,工作室,六品,40分,,,成峰视觉,,手机专卖店,价格面议,建筑外观,价格面议,商标logo,价格面议,VI设计logo,价格面议,园林景观及规划,价格面议,厂区鸟瞰,价格面议,家装,价格面议,三维设计,价格面议,,
【店铺厂房】四川串串香餐厅效果图设计,https://task.epwk.com/395379/,5744人,10人,¥600,圆满完成,店铺厂房,jcdzzm,"四川串串香餐厅效果图设计：参照我们提供的照片设计：1、门面效果图2、收银台效果图3、调料台效果图4、大厅效果图及柱子效果图5、大厅顶面效果图6、墙面效果图 效果图直接按参考下面图片设计知识产权说明： 1、所设计的作品为原创，为第一次发布，未侵犯他人的著作权，如有侵犯他人著作权，由设计者承担所有法律责任; 2、中标的设计作品，我方支付设计制作费，即拥有该作品的知识产权，包括著作权,使用权和发布权等,有权对设计作品进行修改,组合和应用;设计者不得再向其他任何地方使用该设计作品;",2015-12-05,2015.12.28,任务编号：395379,600.0,,,mf18636916767,https://task.epwk.com/javascript:;,,,,,,,,,,,,,,,,,,,,,,,,,,,,
【新房装修】楼梯方案设计,https://task.epwk.com/394737/,6785人,13人,¥960,圆满完成,新房装修,碎蛋超人,新中式风格居家房，现需设计一楼梯，空间为：长2.53米，宽1.72米，高：2.75米。要求：15踏或者13踏，与家具颜色（红木，缅甸花梨）、拼花（水刀）相匹配，能保证双开门冰箱和圆桌上下楼。            在经济实惠，充分利用空间的同时，适当融合更衣、抽屉、衣柜等功能。            附件为尺寸图纸，还有失败案例，请勿重复设计（图纸中窗户已封）,2015-12-02,2016.01.28,任务编号：394737,960.0,,,竹叶常青设计工作室,https://shop.epwk.com/omdwk09q1drp/,,,,,,,,,,,,,,,,,,,,,,,,,,,,
【单身公寓设计】河北省馆陶县美丽乡村农家乐外观设计,https://task.epwk.com/394245/,5749人,13人,¥800,圆满完成,单身公寓设计,wdwj,"河北省馆陶县美丽乡村建设项目，现在需要1、农村街道两边商铺外观设计2、农家乐外观设计或logo   2、类型：a、文字、字母或者图像可自由组合无限制，但不能太抽象,最好出现“馆陶县美丽乡村超市”“美丽乡村农家乐”b、颜色醒目，辨识度高c、风格不限制，设计师可自由发挥，但要适合农村，能应用于装修LOGO的应用：店铺设计要能应用于统一的装修，主要是街道两边的店铺，非商场。装修材料或者设计中要突出农业和农村的元素，可上网查关于馆陶县美丽乡村的介绍。其他要求：投稿时要求有解释说明，要符合美丽乡村建设的主题。我县位于河北，后续装修可外包。知识产权说明：1、 所设计的作品为原创，为第一次发布。未侵犯他人的著作权。如有侵犯他人著作权，由设计者承担所有法律责任。2、 中标的设计作品，我方支付设计制作费。即拥有该作品的知识产权，包括著作权、使用权和发布权等，并有权对设计作品进行修改、组合和应用，设计者不得再向其他任何地方使用该设计作品。",2015-11-30,2016.02.25,任务编号：394245,800.0,,,Dfoo视觉品牌设计,https://shop.epwk.com/2j5xoo67k5xm/,,,,,,,,,,,,,,,,,,,,,,,,,,,,
【效果图设计】珠宝店面内、外景效果图设计,https://task.epwk.com/393850/,4234人,16人,¥1000,圆满完成,效果图设计,秘密类,任务：珠宝店面内、外景效果图设计任务时间：10天任务费用：内景效果图组1000元、外景效果图500，共计1500元，不排除分别选择不同设计师的内、外景设计稿。建议先由内景开始设计。（外景中标采用直接雇佣方式付款）设计重点说明：有现代感与艺术气息的背景墙或元素贯穿店面内外，是设计的重点。具体货柜款式可借鉴公司原货柜，将LOGO或主要元素呈现在货柜上即可。详细见附件,2015-11-27,2017.01.24,任务编号：393850,1000.0,,,榕树山谷设计屋,https://shop.epwk.com/m7d7wwp7v5q8/,,,,,,,,,,,,,,,,,,,,,,,,,,,,
【店铺厂房】电台酒吧设计图,https://task.epwk.com/392785/,614人,3人,¥300,圆满完成,店铺厂房,平凡之路0479,我有想开一家酒吧店名“冷暖电台”，上下两层，共一百平米带走廊楼梯。要求1电台酒吧风格要求2因为二层是现场，所以一层只需吧台和座位要求3明亮昏暗明亮可通过灯光控制要求4走廊楼梯也需要设计,2015-11-22,2015.12.16,任务编号：392785,300.0,,,林家铺子,https://shop.epwk.com/78n9691mznkv/,,,,,,,,,,,,,,,,,,,,,,,,,,,,
【办公空间】集控室改造设计3D效果图,https://task.epwk.com/392585/,4881人,3人,¥300,圆满完成,办公空间,杭州博派广告,原集控室50平方左右，进行改造，设计效果图，要求大气，需要一套施工图平面布置图，地面铺装图，顶棚布置图，立面缩影图。有造型要画剖面图和大样节点图。先给2张效果图后，在给我其它平面图，2天之内就需要完工，很急。有经验的设计师详细沟通2582131466@qq.com,2015-11-20,2015.12.04,任务编号：392585,300.0,,,智酷设计工作室,https://shop.epwk.com/v0n1x19ox57y/,智酷设计工作室,出售服务,https://shop.epwk.com/v0n1x19ox57y/chushou/,工作室,五品,35分,,,智酷设计工作室,,自建房设计,价格面议,店铺设计,￥800,家居设计,￥1000,logo设计,"￥500
            /件",,,,,,,,,,
【施工图设计】IT行业小型办公室装修布局图设计,https://task.epwk.com/392458/,8025人,10人,¥300,圆满完成,施工图设计,whitey_cn,项目情况：总面积112平方米，需要提供出效果图，不能只是平面图，提供施工图纸。先提供平面布局图，选中后加价提供效果图及施工图。1、需设计前台，需要设计简结的背景墙，背景墙要求明亮，具现代感（公司主要从事IT业务）。2、地板只能是木地板，办公区桌椅可以是隔断也可以是开放式办公室；房间顶棚不吊顶，但是需要更换比较有特色的灯具；3、尽量利用高度空间，以便办公桌看起来更整洁，即可增加办公区的收纳范围又不会显得压抑杂乱。4、整体办公环境要求简洁、温馨，办公人数在10人以下，需要考虑的独立空间：经理室、财务室、小库房（备件库）5、空间定位：舒适、放松，符合科技公司形象6、空间需求：有会议空间，可播放投影；需要有茶吧，适合小群组交流。,2015-11-20,2015.12.14,任务编号：392458,300.0,,,优悠设计,https://shop.epwk.com/0jneko614nv3/,优悠设计,出售服务,https://shop.epwk.com/0jneko614nv3/chushou/,工作室,八品,40分,,,优悠设计,,家居客厅设计,价格面议,办公室装饰设计,价格面议,效果图制作,价格面议,展厅设计,价格面议,,,,,,,,,,
【效果图设计】家居窗帘展示效果图PS后期处理,https://task.epwk.com/390092/,5704人,8人,¥300,圆满完成,效果图设计,mf186****4088,1.有一定布艺窗帘知识，以展示窗帘为主2.数量：不定3.制作周期：待定；预算：300一张；4.需要服务商提供3D模型图，窗帘垂感，材质，造型，低调奢华感效果展示出来5.提供窗帘大图，或裸窗图（后期PS）6.主题：环保，风格：简美简欧，材质：棉麻7.需要印刷，规格A3+8.具体详谈，有兴趣的服务商联系我；可以长期合作,2015-11-08,2016.02.09,任务编号：390092,300.0,,,现货视觉设计,https://shop.epwk.com/89dvgyjx4dl2/,现货视觉设计,出售服务,https://shop.epwk.com/89dvgyjx4dl2/chushou/,工作室,五品,40分,,,现货视觉设计,,室外建筑表现（效果图）,￥600,室内公装表现（效果图）,￥250,室内家装表现（效果图）,￥200,室外景观表现（效果图）,￥600,,,,,,,,,,
【效果图设计】24小时便利店效果图设计,https://task.epwk.com/388913/,10071人,19人,¥700,圆满完成,效果图设计,mf156****9572,安欣24小时便利店。要求色彩明亮，简洁大方。效果图上要显示有ATM提款机。包含室内效果图和室外形象。面积大约在90平。,2015-11-02,2015.11.29,任务编号：388913,700.0,,,现货视觉设计,https://shop.epwk.com/89dvgyjx4dl2/,现货视觉设计,出售服务,https://shop.epwk.com/89dvgyjx4dl2/chushou/,工作室,五品,40分,,,现货视觉设计,,室外建筑表现（效果图）,￥600,室内公装表现（效果图）,￥250,室内家装表现（效果图）,￥200,室外景观表现（效果图）,￥600,,,,,,,,,,
【软装设计】客厅大理石背景墙设计,https://task.epwk.com/385267/,8410人,15人,¥100,圆满完成,软装设计,sugleyu,装修风格：现代简约装修.整体颜色：黑白.背景墙材质：大理石.背景墙大小：4.1米 * 2.44米要求：大理石背景墙造型简单大方，要与整体风格和谐。方案可以是网上已有的案例，要有效果图。最好是有设计能力的人来承接，这样可以将本人的一些想法融入进去。如果满意，可合作房子的整体设计方案。,2015-10-15,2015.11.14,任务编号：385267,100.0,,,G设计,https://shop.epwk.com/78n96vrk8nkv/,G设计,出售服务,https://shop.epwk.com/78n96vrk8nkv/chushou/,工作室,九品,40分,,,G设计,,效果图制作,价格面议,,,,,,,,,,,,,,,,
【店铺厂房】手机专柜的装修效果图设计,https://task.epwk.com/377640/,3138人,4人,¥200,圆满完成,店铺厂房,诚信伟业,整体尺寸为（7200*3000）mm手机专柜的效果图！ 要求：1图大概式样 将图2 做到图1最右边位置，放2个 ， 图一左边柜台设计成挂配件的挂架 下为地柜高度大概600mm ，地面为地板， 手机柜台5节 体验台2节， 配件挂架和手机柜台直角对接，logou为三星，苹果，华为等,2015-09-05,2015.09.18,任务编号：377640,200.0,,,金蝉设计工作室,https://shop.epwk.com/78n96jkq0nkv/,金蝉设计工作室,出售服务,https://shop.epwk.com/78n96jkq0nkv/chushou/,工作室,五品,40分,,,金蝉设计工作室,,现代风格带点北欧元素,"￥1000
            /套",简欧设计,￥1,地中海效果图,￥1000,室内设计,￥2000,出效果图,"￥300
            /件",图纸设计,"￥500
            /次",装修,"￥1500
            /次",,,,
【其他家装服务】家装设计，帮忙选灯、选客厅餐厅墙上的画以及选儿童房床头的画,https://task.epwk.com/375832/,3614人,5人,¥100,圆满完成,其他家装服务,o55dec586688e9,本人装修欧式风格，主卧30平米，白色床白色衣柜，墙纸浅色，想选一款灯具，欧式，水晶可选，请附购买链接,2015-08-27,2016.02.02,任务编号：375832,100.0,,,mf53552babd513d,https://task.epwk.com/javascript:;,,,,,,,,,,,,,,,,,,,,,,,,,,,,
【施工图设计】新房平面图设计,https://task.epwk.com/375541/,5371人,7人,¥300,圆满完成,施工图设计,M1332****552,使用面积140平米新房装修，需要施工图设计。风格是新中式，有参考图片。先悬赏平面布置图，从选中者中再直接雇佣承接全套图纸。全套图纸1000元（不含平面赏金）。,2015-08-26,2015.09.07,任务编号：375541,300.0,,,福州汇思装饰工程有限公司,https://shop.epwk.com/4rn8q13wgngm/,福州汇思装饰工程有限公司,出售服务,https://shop.epwk.com/4rn8q13wgngm/chushou/,企业,六品,70分,,,福州汇思装饰工程有限公司,,新房装修,价格面议,,,,,,,,,,,,,,,,
【店铺厂房】鞋店装修效果图,https://task.epwk.com/373046/,5472人,5人,¥200,圆满完成,店铺厂房,pitdoor,"1、尹贝琳EnBerin鞋业连锁店。
2、在商场里面。
3、装修风格:韩欧式。
要求：对着通道要吸引人。可以有雷同，但不能抄袭。具体尺寸见图片。",2015-08-15,2015.09.18,任务编号：373046,200.0,,,水溶商业空间设计,https://shop.epwk.com/omdwkxj2wdrp/,,,,,,,,,,,,,,,,,,,,,,,,,,,,
【展台展厅】急征！珠宝品牌展示厅效果图设计,https://task.epwk.com/357460/,1400人,16人,¥1000,圆满完成,展台展厅,秘密类,具体要求看附件希望大家多多参与，这个任务只是设计效果图，我们将会再次雇佣中标者完成后续工作，赏金丰厚！,2015-06-03,2015.07.08,任务编号：357460,1000.0,,,乾芝品牌视觉,https://shop.epwk.com/81n41pe80np6/,,,,,,,,,,,,,,,,,,,,,,,,,,,,
【软装设计】公司形象墙设计方案,https://task.epwk.com/356817/,7808人,11人,¥200,圆满完成,软装设计,千目市场研究公司,"1.公司新装修办公室,进门入口处准备建一个形象背景墙,250CM宽 270CM高.背景墙用料可以在设计方案注明.2.公司有两个名称,一个是珠海千目市场研究公司,另一个是珠海千目文化传播有限公司,主营业务也是 市场研究与文化传播.要求简洁的排版方案  排版可以点突出千目（字体转换也行）和LOGO  然后市场市场研究与文化传播可以附上。附件有我们的LOGO。3.背景墙简洁明了,用水晶字或其它字体都行，背景墙颜色与字体协调，不要太花稍。4.下面有几个案例可以供参考,有一个也是我们正在用的供参考.",2015-06-01,2015.06.13,任务编号：356817,200.0,,,公牛设计,https://shop.epwk.com/j7n3803w25e1/,,,,,,,,,,,,,,,,,,,,,,,,,,,,
【其他家装服务】提供设计平面图,https://task.epwk.com/354167/,7796人,14人,¥250,圆满完成,其他家装服务,mf136****6626,对附件的设计平面图不满意，要求如下：1，收纳空间要多2，主卧室门不能对着大门3，主卧室必须要有更衣间4，儿童房改成书房，但必须同时具备临时居住功能5，餐厅要有备餐台居住人员一家三口，无老人。,2015-05-20,2015.07.10,任务编号：354167,250.0,,,艺术居室Artful Space,https://shop.epwk.com/7lngq831rdmr/,艺术居室Artful Space,出售服务,https://shop.epwk.com/7lngq831rdmr/chushou/,工作室,九品,40分,,,艺术居室Artful Space,,餐饮装修设计空间,￥9,展台展厅设计项目,"￥9
            /套",店铺装修设计项目,"￥9
            /套",二次深化装修施工图,"￥69
            /套",室内装修施工图制画,"￥9
            /套",室内装修效果图制做,￥66,二手房局部改造装修设计,￥9,新房室内装修设计,￥9,别墅室内外装修设计,￥1999
【新房装修】阳台园艺的产品结构设计,https://task.epwk.com/351821/,5882人,8人,¥1200,圆满完成,新房装修,Mr156****6166,现在都市雾霾笼罩着城市，回到家里希望有一抹绿色在自己的眼前。组合式种植箱：可以自由组合很多种形状，结构简单坚固，由两三个零件组成为佳，拼装起来要简单易行，不管是小孩、老人、女生都能轻松而简单愉快的完成，尺寸要适宜。,2015-05-10,2015.11.09,任务编号：351821,1200.0,,,蓝腔白调工作室,https://shop.epwk.com/zqdpl9796n1v/,,,,,,,,,,,,,,,,,,,,,,,,,,,,
【效果图设计】急！设计200平方办公室平面布局方案只要平面图,https://task.epwk.com/339945/,17917人,9人,¥500,圆满完成,效果图设计,mf181****8808,户型：A1-11、A1-10、A1-09共三间，位于整栋写字楼的西南方向，需要设计平面方案图以便装修，内墙都可以砸，A1-11、A1-10户型上方的走廊可以占用，办公用途：广告公司面积：200平方要求：有3间以上独立办公室，1间会议室，有12人以上的大办公室，有吧台及接待空间。其它未提及要求请您以专业设计师的角度定！,2015-03-23,2015.04.12,任务编号：339945,500.0,,,道瑞公司,https://task.epwk.com/javascript:;,,,,,,,,,,,,,,,,,,,,,,,,,,,,
【单身公寓设计】服务站建筑效果图设计,https://task.epwk.com/338413/,4718人,5人,¥500,圆满完成,单身公寓设计,M1528****067,"要求：设计两个建筑效果图1,15平方及40平方两种服务站建筑设计2.建筑采用轻钢和玻璃搭建3.建筑用于便民服务站功能，一侧或多侧可打开成为可对外经营门面。4.建筑内最好能有可收缩的货架支出建筑用于陈列货品。5.两个设计都需要打开门面和关闭门面的两种图样。6.该效果图不需要用于施工使用，只用于外观和效果展示7.图样清晰，色彩鲜明，样式美观大方。",2015-03-17,2015.04.18,任务编号：338413,500.0,,,公牛设计,https://shop.epwk.com/j7n3803w25e1/,,,,,,,,,,,,,,,,,,,,,,,,,,,,
【单身公寓设计】便民服务站LOGO和VI设计,https://task.epwk.com/338409/,3138人,2人,¥500,圆满完成,单身公寓设计,M1528****067,"任务需求一、设计项目：1.LOGO、包装、名片、工作人员围裙VI。二、品牌名称：中文：12349居家养老服务站三、背景介绍：12349是服务热线，该服务站主要为老人和社区居民提供便民服务，并经营电子菜篮订菜业务。四、设计要求整体设计1、设计要求简洁明快、主题突出、寓意深刻（并附上创意说明)。2、表现要求活泼灵动富有想象力。3、生动活泼、易于传播、易于识别、易于记忆。 以上只是建议，方案最终还是由设计人员自由发挥，设计人可根据自己的理解和想象进行大胆创作！五、知识产权的说明：1.所设计的作品应为原创，未在国家商标局注册过，未侵犯他人著作权；如有侵犯他人著作权，由设计者承担所有法律责任；2.中标设计方必须提供以上要求设计作品完整的方案；可用的矢量图源文件和所用到的字体、色号及说明，可进行修改、排版及印刷；中标的设计作品，我方支付设计制作费后，即拥有该作品知识产权,包括著作权、使用权和发布权等，有权对设计作品进行修改、组合和应用；3.中标作品的著作权和使用权归征集方所有，征集单位享有对方案进行再修改、展示、出版及其它形式的宣传等权益。任何单位和个人不得将中标方案进行宣传、出版、展览等，不得向第三方转让，否则征集单位有追究法律责任的权利；4.请参选作者自留底稿，征集结果公布后，未采用的作品即可自行处理。5.参加此任务者被视为同意以上声明。",2015-03-17,2015.04.18,任务编号：338409,500.0,,,宸蕴设计工作室,https://shop.epwk.com/rp5z41kk0dx3/,,,,,,,,,,,,,,,,,,,,,,,,,,,,
【办公空间】办公室装修设计,https://task.epwk.com/334178/,4960人,7人,¥300,圆满完成,办公空间,zzjinzaghi,办公室装修设计，现代时尚设计，面积90平米，需要能放20-30个办公卡位。隔出2个办公室，一个会议室。,2015-02-26,2015.03.17,任务编号：334178,300.0,,,盛唐环艺设计馆,https://shop.epwk.com/89dvgoro4dl2/,,,,,,,,,,,,,,,,,,,,,,,,,,,,
【单身公寓设计】山西太原城中村自建房平面图纸及施工图纸,https://task.epwk.com/333789/,5048人,4人,¥100,圆满完成,单身公寓设计,lovecapture,想自建房子，具体宅基地四周情况见图，地下一层准备的功能是锅炉房（能烧火做饭，带卫生间，住人。亦可作商铺或仓库）地下一层预留集中供暖接口和煤气接口，通下水至小区地面污水井.地上一层大概是12*10左右的空间，三居室（两卫，分主卫和客卫）带客厅，餐厅，最好地下一层可以通往地上一层。地上二层准备盖一间房(带卫生间），其余做成露台还温室大棚（大棚内可以种少许菜，做一个贮水池，安装太阳能）地下一层和地上二层最好能建一个简易的升降梯，可以运送些煤炭和物资。宅基地南面邻居房屋高度约4.5米左右（距离现在我的院子水平，房屋建设需考虑冬季采光）电话：13663513588.QQ：620035146有事联系。以上是本人的一些想法，可以改动并提出合理化建议。平面图出后需出施工图。工程造价在15-20W左右，最好能省工。,2015-02-22,2015.05.15,任务编号：333789,100.0,,,启航设计工作室,https://shop.epwk.com/7lngq7e1wdmr/,,,,,,,,,,,,,,,,,,,,,,,,,,,,
【软装设计】餐厅设计,https://task.epwk.com/333467/,5483人,4人,¥300,圆满完成,软装设计,奕云信息科技,"在现有基础上提升档次和品味，通过简单易行的手段将餐厅设计的美观大方,上档次。房间大小（长、宽、高）：5.5*4.5*2.65米楼梯:1.9*1.4米家居都已定型，大吊灯和桌椅已经固定，所以想靠后面的软装搭配来调整一下，例如窗帘、摆件的设计等，制定一个风格，高档，大气，明快，氛围温馨，有亮点在里面。交稿时提交效果图",2015-02-14,2015.03.12,任务编号：333467,300.0,,,智酷设计工作室,https://shop.epwk.com/v0n1x19ox57y/,智酷设计工作室,出售服务,https://shop.epwk.com/v0n1x19ox57y/chushou/,工作室,五品,35分,,,智酷设计工作室,,自建房设计,价格面议,店铺设计,￥800,家居设计,￥1000,logo设计,"￥500
            /件",,,,,,,,,,
【单身公寓设计】“4房2厅1花园”140方新中式家装效果图,https://task.epwk.com/326622/,6174人,9人,¥400,圆满完成,单身公寓设计,XV892,注意：请威客们不要打电话联系我，直接交稿件或者直接发站内信给我。                    “4房2厅1花园”140方新中式效果图介绍： 本人中年，在小区9楼一套间，家庭上有二老，下有三个小朋友，                设计要求：                                    10万元装修标准，简装，主要着手设计厅和花园的效果，自己第二次购房第二次主导装修－－－自找工人开工装修。1、中式简约风格、书法（中国画）清淡写意效果、有文化底蕴，2、入户花园是多功能区设计：景观花园（小溪流水、鱼池花木）、饮茶会客...3、厨房的实墙拆去，做酒柜，厨房门为玻璃移门，4、厅墙身贴砖、地面贴砖，房间地面用木纹砖，墙涂ICI，电视墙为文化艺术写意砖，5、入户花园用落地玻璃分区，外围1米宽左右为景观鱼池，内为饮茶会客室6、厅简单吊顶（四边）7、花园入厅的门搞成中式拱门，(门板为玻璃移门）如能配有施工图，会增加奖金,2015-01-08,2015.01.31,任务编号：326622,400.0,,,智酷设计工作室,https://shop.epwk.com/v0n1x19ox57y/,智酷设计工作室,出售服务,https://shop.epwk.com/v0n1x19ox57y/chushou/,工作室,五品,35分,,,智酷设计工作室,,自建房设计,价格面议,店铺设计,￥800,家居设计,￥1000,logo设计,"￥500
            /件",,,,,,,,,,
