标题,标题链接,查看数,参与数,需求价格,状态,需求方,需求文本,发布时间,完成时间,任务编号,交易价格,参与交稿,设计师,字段8_link,字段9_link,设计师类型,设计师等级,设计师信用,交易总次数,交易总金额,字段1,字段2,字段3,字段4,字段5,字段7,字段8,字段9,字段10,字段11,字段12,字段13,字段14,字段15,字段16,字段17,字段18,字段19
【APP界面设计】小程序的首页UI设计,https://task.epwk.com/1096230/,412人,4人,¥688,圆满完成,邱邱邱,一、我们是做数字人的公司，公司业务主要是把用户个人形象上传到我们公司网站然后，只需要复制爆款文案，我们公司系统可以通过系统驱动生成原视频声音通过大数据算法改正口型，代替真人出镜减少梳妆打扮背稿时间，降低时间成本，1分钟可以生成出爆款视频，二、我需要您来，参考竞争对手界面在附件里，做出来比竞品更惊艳的UI界面出来，只需要做首页，如果设计风格方案被采纳中标后，需要完善其他几页的UI设计 不会超过5页三、底层结构使用的是，好多个你，请看附件的名称，结构分4层最上面是广告栏，第二排是视频创作和我的作品库，次三层是使用教程，第四层是客户案例，最上面第一排和第二排可以自由发挥（按钮部分也可以改造大小），第三排和第四排是播放的视频应该没啥可以创意的。四、您可以在微信小程序里搜索，好多个你来参考竞品结构，但是好多个你的界面外观很一般，需要您参考附件中其他竞品来优化UI。五、附件里有一些竞争对手的参考图，期待与您合作，,2024.11.08,2024.11.15,任务编号：1096230,￥ 688,4,初晓创意互联,https://shop.epwk.com/3gd2mvzyyner/,https://shop.epwk.com/3gd2mvzyyner/chushou/,个人,一品,98分,总 58 次中标，交易总金额,￥17.62万,网站建设定制开发设计企业公司官网营销门户仿站外贸网站建设制作,"￥5000
            /套",app小程序H5应用软件网站网页交互外包定制ui设计,"￥100
            /页",软件界面设计管理系统ui设计大数据ui客户端软件触摸屏,"￥500
            /页",网页设计网站设计软件设计ui设计app小程序h5前端切图,"￥1000
            /页",网站UI设计 手机端UI设计 软件界面设计 数据大屏设计,"￥300
            /页",移动应用app小程序软件网页界面大数据可视化UI定制设计,"￥10000
            /页",,,,,,
【网站UI设计】网站页面视觉设计,https://task.epwk.com/1084563/,763人,3人,"¥2,000",圆满完成,致利昂lXrlL,一、公司介绍我们是一家从事矿产资源贸易的平台型公司，客户覆盖全球，以追求打造国际化、现代化世界一流企业为目标。二、设计需求服务于矿产资源行业大宗商品交易的线上交易平台，功能涵盖会员管理、信息展示、交易资源发布、撮合交易、成交签约、结算交收等，同时还将提供多项增值服务。（一）设计内容设计内容包括线上交易系统首页和二级页面设计。系统设计内容包括：整页背景图、banner图等不同效果，图片设计不少于3张；页面底部设计，包括字体、字号、配色等；登录框设计，包括样式、布局、字体、配色等。二级页面设计内容包括：商品/资源展示方式设计，例如，交易资源列表形式，或商品图片加文字描述等不同展示效果，设计效果不少于2种样式；多种类型菜单、按钮展示样式设计；以及页面顶部设计样式。（二）设计风格要求设计风格具有国际化大宗商品线上交易特点，简洁明快、直观便捷，融入矿产资源、AI及数智化创新应用等要素。 （三）尺寸规格页面以16:9设计，像素以1920×1080为主要设计依据。同时，考虑不同比例的满屏图片展示效果及不同尺寸的图片效果。（四）工作周期    自需求发布之日起7个自然日内交稿。三、激励措施    中标者可按平台规则获得相应奖金，并有机会深度参与后续工作。四、知识产权投标者需规范使用版权图片、字体、视频等元素，可使用商用版权素材（需注明来源），但不得抄袭、剽窃他人知识产权。中标方案待奖金支付完毕后，默认将全部知识产权转让于我方，我方有权对作品进行修改、组合和应用，未经我方书面同意，中标者不得直接或间接使用。,2024.06.27,2024.07.26,任务编号：1084563,￥ 2000,3,初晓创意互联,https://shop.epwk.com/3gd2mvzyyner/,https://shop.epwk.com/3gd2mvzyyner/chushou/,个人,一品,98分,总 58 次中标，交易总金额,￥17.62万,网站建设定制开发设计企业公司官网营销门户仿站外贸网站建设制作,"￥5000
            /套",app小程序H5应用软件网站网页交互外包定制ui设计,"￥100
            /页",软件界面设计管理系统ui设计大数据ui客户端软件触摸屏,"￥500
            /页",网页设计网站设计软件设计ui设计app小程序h5前端切图,"￥1000
            /页",网站UI设计 手机端UI设计 软件界面设计 数据大屏设计,"￥300
            /页",移动应用app小程序软件网页界面大数据可视化UI定制设计,"￥10000
            /页",,,,,,
【网站UI设计】玩具品牌网站UI设计,https://task.epwk.com/1083830/,592人,6人,"¥1,400",圆满完成,开设堂siFPo,"公司官网:www.aispea.com建立新网站目的:明确公司在市场中的定位、目标用户需求和业务功能，实现品牌宣传、业务拓展和用户服务需求文档(内含设计要求、设计模块等):https://boardmix.cn/app/share/CAE.CLCl0g0gASoQfB8HRZOHQfLmyC39j6AJUDAGQAE/q37hjs，点击链接加入boardmix中的文件「PRD-网页需求文档」参考网站:https://heycurio.com/https://folotoy.com/https://callai.online/需要额外展示的重点功能点(模块):产品展示，定制成本在线计算（毛绒玩具）请勿加v,有事直接电话联系,打电话会接的",2024.06.20,2024.07.05,任务编号：1083830,￥ 1400,6,虎虎666,https://task.epwk.com/javascript:;,,,,,,,,,,,,,,,,,,,,,,,,
【餐饮】餐饮店铺起名,https://task.epwk.com/1070703/,1009人,40人,¥300,圆满完成,大冰老师,名字几个字都行，必须读起来有底蕴和格局，年轻化要做一个连锁。店铺主营卤菜和卤肉。味道确实是目前全世界最好吃的。客户主要是年轻人。要求工商注册能过去,2024.01.25,2024.09.24,任务编号：1070703,￥ 300,44,威啸uq5cI,https://task.epwk.com/javascript:;,,,,,,,,,,,,,,,,,,,,,,,,
【网站UI设计】网站首页UI设计,https://task.epwk.com/1025384/,3361人,4人,¥500,圆满完成,ganjue68,参考案例 :https://www.fudanfuxin.com/http://www.bjwpjs.com/index.htmlhttp://www.huaxijiance.com/index.html化工检测行业网站界面设计， 以上为3个同行网站案例。根据案例网站设计一个属于自己的网站风格出来。网站内容，检测项目等等这些均可以百度搜索参考同行的复制，因为都是行业词，只要网站LOGO，底部版权信息改成我们的即可。网站名称及LOGO在底部附件。1，要求网站内容充实。2，需要给网站设计一个颜色，LOGO的颜色也可以根据网站颜色再调整，可以穿插一个点睛色。,2022.12.19,2023.08.24,任务编号：1025384,￥ 500,4,艺行设计,https://shop.epwk.com/j7n38qj125e1/,,,,,,,,,,,,,,,,,,,,,,,,
【网站UI设计】对一个现有界面的美化，已标注,https://task.epwk.com/928369/,3266人,5人,¥500,圆满完成,zhuisulogo,现有的网页设计图大框架已定，色调需要设计师来修改一下，个别元素再优化完善设计，9处内容已在压缩包的图片里标注了解压   密：12345678,2021.04.07,2021.05.07,任务编号：928369,￥ 500,7,广州柏森体验设计咨询服务有限公司,https://shop.epwk.com/2j5xog0e95xm/,https://shop.epwk.com/2j5xog0e95xm/chushou/,企业,七品,40分,,,电商网站-门户网站-企业网站建设,"￥100
            /起",APP界面UI设计,"￥100
            /起",PAD端OA系统设计,"￥1000
            /套",小程序设计开发,"￥1000
            /套",台历设计制作,"￥15
            /套",,,,,,,,
【小程序开发】微信小程序起名,https://task.epwk.com/924078/,4586人,69人,¥100,圆满完成,cyk12345,社交平台，组织年轻人线下活动，不涉及相亲的,2021.03.14,2021.04.12,任务编号：924078,￥ 100,77,云影碧落,https://shop.epwk.com/89dvgxp8zdl2/,,,,,,,,,,,,,,,,,,,,,,,,
【软件UI设计】电子看板背景 边框PNG图片设计,https://task.epwk.com/885493/,1725人,3人,¥500,圆满完成,ace_xhy,参考客户提供样例要求设计大屏看板的背景、标题框和透明矩形区域框，替换目前做的（替换目标），希望提供3套方案选择，如有不清楚的可以电话或微信沟通,2020.08.15,2021.01.16,任务编号：885493,￥ 500,3,金海岸Design,https://shop.epwk.com/81n41o2vonp6/,https://shop.epwk.com/81n41o2vonp6/chushou/,工作室,二品,50分,,,包装设计,价格面议,封面设计,价格面议,手提袋,价格面议,宣传页,价格面议,展架,价格面议,宣传册设计,价格面议,名片,价格面议,logo设计,价格面议,,
【其他行业】富荐会社群/商会LOGO设计,https://task.epwk.com/860264/,3251人,14人,¥500,圆满完成,阿佑999,任务描述：富荐会参考国外，商业引荐组织-BNI模式。在中国成立核心介绍如下：【富荐会】诚信高效的商业引荐组织一个行业只让一位代表加入100位会友，99人帮你引荐生意机会让你积累多年的人脉财富，有效的互助互利起来~设计内容：以红色加灰色为设计调性，呈现稳重热情体现商标(商标既要具有传统，又要有现代感)总体要求：创意设计1设计作品应构思精巧，简洁明快，色彩协调，健康向上，有独特的创意，易懂、易记、易识别、易制作，有强烈的视觉冲击力和直观的整体美感，有较强的思想性、艺术性、感染力和时代感。2、色调、构图不受征集人局限，由设计人自由发挥3、设计作品要表现全天然的，给人类带来非常美好的健康的未来的感觉以下二个视频可以说明https://www.jianshu.com/p/08b0827099f8https://v.qq.com/x/page/e0126jy4ju5.html不需要添加英文设计，只需要设计中文名字。,2020.05.11,2020.05.31,任务编号：860264,￥ 500,16,o5eb25fb01db5e,https://task.epwk.com/javascript:;,,,,,,,,,,,,,,,,,,,,,,,,
【软件UI设计】APP端“发现板块”界面设计（创意）,https://task.epwk.com/850712/,3101人,14人,"¥1,000",圆满完成,缤纷科技123,APP发现板块APP发现板块构建内容：1、搜索栏2、文字内容— （发现我的生活，做最好的自己！）3、玩法规则— 点击栏4、衣库 — 点击栏（重点）5、分类 — （关注、时尚、流行、网红、青春、休闲）6、发布人 — （头像、名称、身高体重）7、发布信息描述栏8、用户拍摄并上传的产品图片显示 — 竖板图片（内不显示产品信息）9、显示出售产品图片及价格 — 可同时显示4件产品10、标签 — 3-4个11、点赞、评论12、购买 —点击栏,2020.04.07,2020.04.28,任务编号：850712,￥ 1000,23,还行设计,https://shop.epwk.com/j7n38177l5e1/,,,,,,,,,,,,,,,,,,,,,,,,
【APP界面设计】app活动专题页设计,https://task.epwk.com/849154/,3106人,4人,¥400,圆满完成,wmh13****55304,app活动专题页（海报介绍页面）6张在app中做两张图，一张活动轮播图，一张活动详情介绍页，详情页中只做介绍不做任何的交互和效果，就是一张静态图片设计。我们是刚起步的app，后期类似的活动专题需求会有很多，目前要做六张专题页，每个专题各不同。准备接单的设计师，麻烦请到应用商店下载我们的app（窝跟联盟），先看一下我们的整体ui。再决定是否愿意设计。,2020.04.01,2020.05.26,任务编号：849154,￥ 400,5,一三设计馆,https://shop.epwk.com/rp5z4p27jdx3/,https://shop.epwk.com/rp5z4p27jdx3/chushou/,个人,八品,37分,,,,,,,,,,,,,,,,,,,,
【APP界面设计】做一个app页面设计，主要是创意,https://task.epwk.com/826303/,3112人,19人,¥300,圆满完成,long2357,在附件图片的基础上，重新设计一下，主要是创意，创意，创意，要大气，新颖，时尚等等，照片形状也可以重新设计，只要好看，照片在美观的基础上尽量做大      这个功能介绍如下：下拉中间的红心出现两个异性供用户供选择，喜欢哪个点击哪个下面对应的空心红心，同时点击照片可以查看个人资料和更多照片，两个都不喜欢了下拉中间红心，重新展示两个照片，就类似探探的逻辑，看照片选择喜欢的对象。      切记投标一定要上传作品，我这是征集创意，以为做着简单，只要上传作品的即使最后没有被入选，只要入围，都可以加我微信，我单独发红包奖励，不让白做。不清楚的微信或电话联系18103869818,2019.12.27,2020.01.31,任务编号：826303,￥ 300,23,o5cd397042f136,https://task.epwk.com/javascript:;,,,,,,,,,,,,,,,,,,,,,,,,
【软件UI设计】社交软件UI设计搜索附近的人的页面,https://task.epwk.com/821045/,2610人,9人,¥300,圆满完成,long2357,"只要一个页面，陌生人社交软件，搜索附近的人的UI设计，区别于微信雷达那个向外扩散波纹的设计，要有个性，最好是立体的空间感觉，因为我们这个软件是搜索的你身边看到的，15米范围内的人,。突出这个近距离搜索附近人的特点，",2019.12.12,2020.01.09,任务编号：821045,￥ 300,9,格致设计,https://shop.epwk.com/2j5jjyeqz5pz/,https://shop.epwk.com/2j5jjyeqz5pz/chushou/,工作室,九品,35分,,,,,,,,,,,,,,,,,,,,
【小程序开发】甜品奶茶店广告语征集,https://task.epwk.com/809583/,4078人,67人,¥100,圆满完成,玉米0301,店名：甜风巴士店内主推：水果捞、奶茶、甜品等字数：10个左右以一句话突出产品特性，要求富有文艺色彩且好读易懂，最好跟甜风，或者巴士联系起来。,2019.11.05,2019.12.21,任务编号：809583,￥ 100,74,li1774528561的店铺,https://shop.epwk.com/09drj283q53w/,,,,,,,,,,,,,,,,,,,,,,,,
【网站UI设计】游戏平台首页效果图征集,https://task.epwk.com/789414/,6632人,9人,"¥6,000",圆满完成,o59ba3c8cb1a3a,设计一个游戏账号交易平台由于对设计要求较高 需要资深设计师！资深设计师! 资深设计师! 重要的事情说3遍，新手.没构思.没创意请不要浪费彼此时间！！网站名称：黑红游戏账号交易平台重点1 要凸显LOGO这是网站的灵魂 网站需要与LOGO融为一体，LOGO主色调为黑色与红色，当然这个黑红的色彩可以自行调配，只要是黑色跟红色就                行！重点2 这是一个游戏账号交易平台 最主要的功能是方便客户通过关键词来筛选账号要求1：内容饱满，色彩搭配具有视觉冲击力，网站小而精又不失大气。网站要有创意及构思要富有灵魂。要求2：中标后要确保有足够时间来配合我完成整站设计，PC端包含10个左右的内页，手机端有首页和10个左右的内页             PS：手机端套用PC端的大部分设计即可                        整站完成的价格为6000元，时间为15天内，为了节约大家时间先提交首页设计效果图即可，选稿后再设计剩余的                    PS：附件有我画的草图和网站LOGO，草图仅限制布局及内容，风格及创意请设计师自行发挥！                   另外对设计要求较高，从颜色搭配到每个按钮的设计都要用心去设计构思，细节决定成败！                   如果会前端、编程、SEO等请您务必备注可优先考虑合作！,2019.09.01,2019.09.20,任务编号：789414,￥ 6000,11,加一品牌策划,https://shop.epwk.com/j7n38ojze5e1/,,,,,,,,,,,,,,,,,,,,,,,,
【软件UI设计】金融app 页面设计 共三页,https://task.epwk.com/773353/,3414人,12人,¥500,圆满完成,ARCH1004,中文名称：安金英文名称：ant king 页面描述：首页：内容和大致排版按照附件二上的设计，整体颜色和字体按照附件一的设计风格，要求页面简洁，图标要好看。个人帐户首页：内容和大致排版按照附件三上的设计，整体颜色和字体按照附件一的设计风格，要求简洁，排版舒服，图标上要用心。团队岗位图：内容和大致排版按照附件四上的设计，要求有背景色（渐变），从下到上依次上升岗位（比如，游戏中的排行，从青铜升到王者），最底下三行为基础层设计为相同的图案，其余岗位每层设计为不同的图案，然后逐渐升级。要求选择的图案效果是3D那种 有立体的感觉，然后整体风格是偏金融，大气。设计方便有不懂的，可以添加微信沟通，备注是一品威客的设计。设计结束后要求交付源文件。,2019.07.18,2019.07.25,任务编号：773353,￥ 500,14,阶梯设计,https://shop.epwk.com/89dvg2xwgdl2/,,,,,,,,,,,,,,,,,,,,,,,,
【APP开发】船旗商标logo设计,https://task.epwk.com/772779/,3538人,19人,¥500,圆满完成,适度夸张,"大家好，我要设计一个商标logo（船旗）主要适用产品类型是餐厨具，家居产品要求方式：1、图形加中英文，2、中文加英文知识产权说明：1、所设计的作品为原创，为第一次发布，未侵犯他人的著作权，如有侵犯他人著作权，由设计者承担所有法律责任;2、中标的设计作品，我方支付设计制作费，即拥有该作品的知识产权，包括著作权,使用权和发布权等,有权对设计作品进行修改,组合和应用;设计者不得再向其他任何地方使用该设计作品;",2019.07.17,2019.07.25,任务编号：772779,￥ 500,23,局间版友品牌创意视觉策划,https://shop.epwk.com/7g5ykgev9n0q/,,,,,,,,,,,,,,,,,,,,,,,,
【其他网站】静态网站页面美化,https://task.epwk.com/764732/,6686人,14人,¥500,圆满完成,taoxiaoke01,我的一个用户注册h5的页面，需要优化注册页面表现形式，地址http://qipai.caipiao217.net/Mobile/Register.aspx?SpreaderID=5212 目前注册页面比较朴素，需要根据游戏内容增加一些美工要素，使注册页面和注册后提示页面显得精致和诱人，让人感觉游戏质量很好。 要求： 1.优化注册页界面布局 2.提交效果图即可，中标后我找你要源文件 3.页面在手机上显示，设计时要注意适合手机的竖版特征 4.原有输入文字注册后提示文字内容不能改动,2019.06.27,2019.07.08,任务编号：764732,￥ 500,15,廊坊之窗工作室,https://shop.epwk.com/7g5yk1p86n0q/,,,,,,,,,,,,,,,,,,,,,,,,
【产品原型设计】非洲元素商品设计（公益组织）,https://task.epwk.com/764057/,7248人,46人,"¥2,000",圆满完成,o5d105f06c4a60,介绍：肯尼亚南部有一个马赛部落，但随着越多的女孩也开始接受教育，她们不像再遵从部落那些不平等的习俗，而当地的一位妇女知道后，偷偷暗地里将他们接出来抚养在自己家里。但是她作为一个全职妇女，毫无收入，所以我们希望设计一款商品可以供她们售出得到收入。目标人群：来旅游的人（中外都有）要求：1，简约，大众化审美2，制作过程简约，不需用到机器的辅助3，制作成本不高4，具有非洲元素,2019.06.25,2019.08.03,任务编号：764057,￥ 2000,56,局间版友品牌创意视觉策划,https://shop.epwk.com/7g5ykgev9n0q/,,,,,,,,,,,,,,,,,,,,,,,,
【网站UI设计】技术型工业电商网站 首页UI设计,https://task.epwk.com/751284/,6460人,43人,"¥2,000",圆满完成,o5ce750c4cb952,"1.极简.   2.工业风.   3.扁平化   4.颜色明快,轻松   5.内容基本已确定,但字体,颜色需设计   6. 附创意说明.    7. 其他说明1) 所设计的作品为原创，为第一次发布，未侵犯他人的著作权，如有侵犯他人著作权，由设计者承担所有法律责任; 2) 中标的设计作品，我方支付设计制作费，即拥有该作品的知识产权，包括著作权,使用权和发布权等,有权对设计作品进行修改,组合和应用;设计者不得再向其他任何地方使用该设计作品3).主要使用网站人员,中大型工厂技术及部分采购人员4) 工业品电商平台. 5) 附件1即目前现有主要,效果不太好.附件2, 3,4 是可参考的工业风,主要参考颜色和字体效果.",2019.05.24,2019.10.06,任务编号：751284,￥ 2000,59,爱设计的鸭梨工作室,https://shop.epwk.com/81n41omwynp6/,,,,,,,,,,,,,,,,,,,,,,,,
【网站UI设计】游戏交易网站首页效果图征集！急！,https://task.epwk.com/736728/,6396人,26人,"¥1,500",圆满完成,o59ba3c8cb1a3a,设计一款网游交易平台的手机端效果图要求：简洁明了 大气高端 主题分明   便于浏览          注意：老板对细节比较注重，每个按钮、边框、背景等都要构思后设计总共有10来个页面需要设计，因为比较着急，为了节约大家时间仅提交首页的效果图即可。选中后再沟通设计其余页面，其余页面的价格再谈但不能高出市场价，需要设计师保证有充足时间来完成整站设计布局及喜欢的风格都放在附件里面了，附件内容仅限制内容及布局，设计风格请自行发挥，素材配图请自便（请围绕英雄联盟主题选素材）因为时间比较急，请设计师门下载后抓紧设计，4月20日之前我就会选稿，有喜欢的就会直接结束任务哦，需要沟通的地方可加我Q联系,2019.04.18,2019.05.08,任务编号：736728,￥ 1500,27,岩淞视觉设计工作室,https://shop.epwk.com/2j5xoyer05xm/,,,,,,,,,,,,,,,,,,,,,,,,
【网站UI设计】淘宝、京东众筹项目页面设计,https://task.epwk.com/731945/,4855人,5人,"¥1,200",圆满完成,天立科技,"本作品为众筹页面设计，在淘宝或京东使用。因此对设计方有以下要求：1、熟悉淘宝、京东的众筹规则。2、有相当的【网络特色写作功底】和【创意型美工技术】。3、要求设计具有科技时尚感有创意感，能够吸引消费者眼球，有购买欲望。4、自有图片是初版设计为了提高工作效率同步进行，自己可在网上搜索可以随时替换，建议每张图片尺寸760*510，格式支持Jpg,png,gif，图片大小不得超过1M。5、中标后发送有关文件。6、具体信息QQ或电话联系鞋子特点介绍1.鞋子两侧开孔和鞋子内部贯穿，让脚心，脚跟都可以顺利通风让双脚360度都处在通风环境下。 2.运功过程中通过运动使鞋子里面的热量快速排出，始终保持舒适干爽。 3。鞋子通风可避免，脚臭，流汗，脚气等现象 4。鞋子可适合春夏秋3寄穿着 5.鞋子适合，跑步、爬山、运动健身、办公等所有场合 6.高科技防水技术，即使在雨天，鞋子不会从侧面排气孔进水。",2019.04.08,2019.04.29,任务编号：731945,￥ 1200,6,安瑞品牌设计,https://shop.epwk.com/0jnekjvp4nv3/,,,,,,,,,,,,,,,,,,,,,,,,
【微信开发】肥料logo设计,https://task.epwk.com/728092/,3643人,11人,¥500,圆满完成,西伯利亚的星空,"公司经营范围：生物有机肥料和水溶肥生产、菌种培育、粮食加工、动物饲养、饲料加工、农业种植、机械制造、金融投资、健康养老等产业的技术研发、生产、销售等项目。设计要求：1、大气、简洁、明快;2、有视觉冲击力，醒目易识别，突出品牌元素;3、能体现特色，已有初步的创意草图，可提供参考，但如限制了设计师的创意，可重新设计。4、附上创意说明。知识产权说明：1、所设计的作品为原创，为第一次发布，未侵犯他人的著作权，如有侵犯他人著作权，由设计者承担所有法律责任;2、中标的设计作品，我方支付设计制作费，即拥有该作品的知识产权，包括著作权,使用权和发布权等,有权对设计作品进行修改,组合和应用;设计者不得再向其他任何地方使用该设计作品;",2019.03.29,2019.04.09,任务编号：728092,￥ 500,12,蜻蜓创意设计工作室,https://shop.epwk.com/89dvgxpywdl2/,,,,,,,,,,,,,,,,,,,,,,,,
【网站UI设计】能源公司电商平台首页（PC端）版面设计,https://task.epwk.com/719062/,7005人,29人,"¥1,200",圆满完成,o5c7e35d025efe,"该网站是企业自营电商平台，具备发布产品价格信息、资讯推广、采购商网上下单、物流查询等功能，销售产品为液化石油气（lpg）。设计内容：1、设计企业自营电商平台（PC端）首页排版,不含子板块.首页版面里包含的内容（详见附件1    图片内容）.首页排版设计交稿可以接受只提供彩色平面图。2、根据提示内容（详见附件2）设计5张图片，用于动态图窗口轮播。设计要求：请根据企业性质及电商平台实际用途，合理设计版面风格及配色，",2019.03.08,2019.03.22,任务编号：719062,￥ 1200,31,易狼网络品牌设计,https://shop.epwk.com/rp5z4z1qxdx3/,,,,,,,,,,,,,,,,,,,,,,,,
【网站UI设计】PC端网站登录界面UI优化设计,https://task.epwk.com/718565/,4194人,38人,¥500,圆满完成,Bigbear0079,需要对一个网站的旧登录界面（见附件）进行UI优化设计，相关信息描述如下：1.总体要求简洁大方，布局合理，交互方便；2.要求主色调为天蓝或海蓝3.背景图（如果需要）可以采用海上相关的钻井平台等，4.提交成果为矢量图和位图各一份,2019.03.07,2019.03.31,任务编号：718565,￥ 500,44,小默默的店,https://task.epwk.com/javascript:;,,,,,,,,,,,,,,,,,,,,,,,,
【APP界面设计】已上线的APP的界面首页优化,https://task.epwk.com/711891/,3408人,23人,¥300,圆满完成,RealDeal,APP名称：GK扫描仪要求：功能不变，风格简洁圆角矩形、相邻色相渐变色、悬浮卡片设计、大标题／留白先做首页优化设计，如果通过后，完成后续的APP的所有页面化及logo优化！整体优化的价格可以再议，都没有问题。就是想要靠谱的设计师，长期合作。请下载app“GK扫描仪” 查看首页界面,2019.02.18,2019.03.01,任务编号：711891,￥ 300,24,阶梯设计,https://shop.epwk.com/89dvg2xwgdl2/,,,,,,,,,,,,,,,,,,,,,,,,
【产品原型设计】一款密封性测试仪器的外形设计,https://task.epwk.com/698940/,3283人,7人,"¥3,000",圆满完成,haimw888,1.仪器组成部分：触摸屏，启动按钮，停止按钮，气源过滤器，电源插口，输入输出接口，测试接口2.面板可以复杂开模制作，外壳部分最好是钣金的3.可以网上查一下目前市场上的仪器外形，搜：气密性测试仪或者泄漏测试仪，我们需要一款区别于现在市场上仪器外形的新型设计，要新颖有创意！,2019.01.02,2019.02.05,任务编号：698940,￥ 3000,9,o5b8c66703dc11,https://task.epwk.com/javascript:;,,,,,,,,,,,,,,,,,,,,,,,,
【其他软件开发】智能家居形象展示墙设计,https://task.epwk.com/688143/,3360人,6人,¥500,圆满完成,cuidonglai,设计个形象展示墙，要有科技感觉科技感十足，我是做智能家居的，墙的总体高度是3.75米，详情见下图,2018.12.01,2018.12.15,任务编号：688143,￥ 500,7,爱创空间设计,https://shop.epwk.com/3gd2myj4wner/,,,,,,,,,,,,,,,,,,,,,,,,
【企业官网】天然气公司大门设计,https://task.epwk.com/686280/,4659人,7人,"¥2,500",圆满完成,博能燃气sinopower,我公司（四川博能燃气股份有限公司）需要设计公司大门效果图，要求设计中包含公司的logo，燃气管道等与公司相关的元素。我将公司现有大门照片、logo等上传在附件上面。公司现大门宽7.2米。若有其它素材需要，可与我联系QQ:332559121,2018.11.27,2018.12.18,任务编号：686280,￥ 2500,14,倾城信网络科技有限公司,https://shop.epwk.com/m7d7w9kgv5q8/,https://shop.epwk.com/m7d7w9kgv5q8/chushou/,企业,三品,68分,,,logo设计  海报设计 广告设计 包装设计 VI设计 封面设计 彩页设计 活动页设计,价格面议,UI、前端设计,价格面议,微信开发 微信公众号 微信商城开发 微信小程序定制开发,价格面议,响应型网站开发,价格面议,营销型网站开发,价格面议,app开发综合商城  app生鲜配送  app移动应用开发  android应用开发,价格面议,外贸型网站开发,价格面议,购物商城开发,价格面议,,
【网站UI设计】网站颜色与字体搭配,https://task.epwk.com/681471/,3990人,22人,¥500,圆满完成,wawa2018,网站已经有了，网址：www.haogeek.com需要设计师根据网站特点和LOGO的颜色对网站首页版面的颜色和字体进行搭配。网站的模块不进行改动，只需要进行颜色和字体搭配，使网站看起来专业、美观、简洁。请设计师将设计形成图片，可以直观看到颜色与字体的搭配效果。,2018.11.13,2018.12.03,任务编号：681471,￥ 500,29,奕客设计,https://shop.epwk.com/9w56e1107dv1/,https://shop.epwk.com/9w56e1107dv1/chushou/,工作室,八品,37分,,,,,,,,,,,,,,,,,,,,
,,,,,,,,,,,,,,,,,,,,,,,,,,,,,,,,,,,,,,
【软件UI设计】界面UI设计,https://task.epwk.com/665116/,5696人,30人,¥300,圆满完成,o5b90dcdc3b2f3,1.风格要比较阳光、小清新一点；2.整个设计，架构不变，设计师可以自己发挥想象设计（就是在原图基础上改底部的图标、整体颜色风格以及各个板块的图片）,2018.09.28,2018.11.09,任务编号：665116,￥ 300,34,优忆设计,https://task.epwk.com/javascript:;,,,,,,,,,,,,,,,,,,,,,,,,
【网站UI设计】一个详情页设计,https://task.epwk.com/663463/,4084人,7人,¥300,圆满完成,fskenny,一个二手车肋力购买活动页面的布局设计本公司现计划开发一个以分享担保助力降价买汽车形式的降价汽车平台，在一个内容页面上加入有活动特性的元素，让分享出去后页面让用户第一眼可以更清析感知活动内容，引用户参与活动。以下附件是某二手拍卖平台的截图，想在第一页面的车源图下有效地将活动的内容，简单详尽，突出重点，更有视觉冲击效果地展现出来。  现在就是须要设计一个详情页让开发将让开发者将内容贯通参考开发。运营模式：例如：一辆由供货商录入的二手车，平台估价后，线下再直接购回商定的价钱是2万元，市场上普遍卖2.5万。放到这平台后售价为最高2.5万，最低为1.8万，比起市场价有7000元的差价，这7000元的差价就由购车人发起活动，分享到朋友圈邀请朋友代支付一定的担保金（列如1元后台设定）平台就降（100元后台设定）直至降到18000元为止。当然还有B、C、D…..等用户同时参与。活动页面会显示所有参与用户的头像与降价的进度。当其中有用户只有50个用户帮他助力，只降了5000元，他认为达到他的心理价，那么就就以当前价成交，其它用户那怕是只差一个人达到最低价，也只能输给当前成交价成交的用户。其它发起的用户全进入交易失败状态。本人意见：在车辆详情页里也是分享出来的页面主要突出活动亮点助力降价，活动的真实可靠性，吸引参与特性，比较特性，告知特性。部份内容显示为参与人员的头像，每个参与用户的进度。（这是公平性清淅的显示方式）。性价比展示，做一展示条，动态变化，如果以最高补贴购得此车，击败了99%同款车型（告知用户这车非常低价）。因有捆绑金融服务来达到达补回亏损部分，一定留一定的页面告知金融的服务方案是一定按公司提供的收费方案。加入四个入口按钮，清淅看到是其中谁邀请你帮他助力给出参与入口键。自己发起参与入口键。一个我要补贴卖入口键，这是普通用户想卖车给平台的入口。分销赚钱入口。这些都是本人的思维意见，但都是在二手车内容页面上加入的一些元素。如过于冗长车辆内容部份不太重要的可放到二级链接处查看。这是本人的一些意见，请高手提供更合理的UI布局，先来一页，后续会有几十页内容页要做，附上系统构思文档，某拍卖公司二手车标的拍卖截图,2018.09.24,2018.10.22,任务编号：663463,￥ 300,8,奕客设计,https://shop.epwk.com/9w56e1107dv1/,https://shop.epwk.com/9w56e1107dv1/chushou/,工作室,八品,37分,,,,,,,,,,,,,,,,,,,,
【网站UI设计】网站首页效果图征集,https://task.epwk.com/608939/,6047人,12人,"¥1,500",圆满完成,o59ba3c8cb1a3a,经营介绍： “黑红辅助联盟”是一家为玩家量身推荐游戏辅助的商城网站 注意： 本次任务只需设计网站首页效果图即可， 如果被选稿还需要您来设计其他内页，其他内页价格随行就市，请确保有足够时间来完成网站整体设计。 设计要求： 1、大气、简洁、内容饱满，色彩搭配合理 2、有视觉冲击力，醒目易浏览，请下载WEGAME软件参考WEGAME里面商店页面来进行设计，但请不要全部抄袭，还需要融入您自己的构思3、细节决定成败网站整体色调、选图、按钮、图标、字体等都需精心设计及构思 4、会前端设计能给HTML文件的请备注说明，会优先合作。 注意：附件是我东拼西凑出来的，只是构思出网站的整体布局、功能需求及大体方向，切勿全部照搬。请参考WEGAME设计风格和融入您自己的构思做一个富有创意的作品出来！ 如果以上内容有不能理解的或者需要沟通的请加我Q30020639,2018.05.01,2018.05.20,任务编号：608939,￥ 1500,19,艺思设计,https://shop.epwk.com/qgdmj8vyodke/,,,,,,,,,,,,,,,,,,,,,,,,
【软件UI设计】做两张HTML格式的板面设计,https://task.epwk.com/607510/,3841人,5人,¥300,圆满完成,yundengshare,1；要求设计美观，时尚，且条理清晰，符合报价单的形式，详细表达客户信息及其他需展示的条件；2；能充分表达本公司的企业经营特性，3；两张图片都采用横版的A4纸张；4；注意眉头、眉脚、字体等设计；5：详尽信息见原始模板，（原始模板是我非常不满意的板面设计，但基本意思是对的）,2018.04.27,2018.05.21,任务编号：607510,￥ 300,8,Super设计,https://shop.epwk.com/78n96w3o8nkv/,,,,,,,,,,,,,,,,,,,,,,,,
【产品原型设计】征集靠枕效果图,https://task.epwk.com/595221/,5526人,17人,¥360,圆满完成,o59ba3c8cb1a3a,请根据酒店风格设计一款靠枕的效果图，酒店风格附件图片里有要求：采用爱特莱斯布料，是一种维吾尔族特有的布料        尺寸：40*40厘米           主LOGO：三升客栈在附件        边标：霍城县田夕农业开发有限公司(田夕）LOGO在附件,2018.03.26,2018.04.23,任务编号：595221,￥ 360,18,奥创设计 ARCANE DESIGN,https://shop.epwk.com/rp5z4xgwjdx3/,https://shop.epwk.com/rp5z4xgwjdx3/chushou/,个人,七品,40分,,,海报设计【产品海报 宣传单 X展架 易拉宝设计】,￥2000,UI设计【APP原创设计 UI优化 手机主题 ICON设计】,￥100,网页设计 【商城 企业 产品 专题】,￥100,LOGO设计【标志、VI】,￥100,售后修改【所有已确认支付项目 售后修改】,"￥1
            /起",,,,,,,,
【软件UI设计】美容仪器UI设计,https://task.epwk.com/586571/,6570人,6人,¥600,圆满完成,chendoyou,美容仪器UI设计，系统采用10英寸电容触控串口组态屏，分辨率1024*600，单片机通过串口与组态屏交互。具体设计内容包括触控操作流程设计，组态屏美工素材设计，单片机控制程序设计(可选)。该美容仪具有四种工作模式，每种工作模式下分别单独设置相关参数(输出通道选择，输出功率，温度限制，治疗时间等)，通过射频IC卡或微信二维码支付(预留)。具体要求及细节可电话联系18986069045.,2018.03.03,2018.04.06,任务编号：586571,￥ 600,11,小茜_lan,https://shop.epwk.com/v0n1x31rx57y/,,,,,,,,,,,,,,,,,,,,,,,,
【网站UI设计】征集游戏网站首页效果图设计,https://task.epwk.com/585297/,7475人,15人,"¥1,440",圆满完成,o59ba3c8cb1a3a,"经营介绍： “绝地求生辅助网站”是一家为玩家服务，供商家发布辅助的商城网站设计内容： 暂时只做网站首页效果图，但是如果选中标后也要保证有足够时间将内页也设计完成，内页定价随行就市设计要求：（请参考附件图片）（另外说明我比较着急用，请设计师们抓紧设计抓紧提交）1、大气、简洁、内容饱满，色彩搭配合理2、有视觉冲击力，醒目易浏览3、能体现特色 ，突绝地求生游戏主题4、会前端设计的请备注说明，会优先合作。5、最好附上创意、设计、构思说明。知识产权说明：1、所设计的作品为原创，为第一次发布，未侵犯他人的著作权，如有侵犯他人著作权，由设计者承担所有法律责任;2、中标的设计作品，我方支付设计制作费，即拥有该作品的知识产权，包括著作权,使用权和发布权等,有权对设计作品进行修改,组合和应用;设计者不得再向其他任何地方使用该设计作品;设计师们胡乱提交的发些无关的案例或者互拼乱凑。没有用心设计的直接淘汰！注意！草图只限制了布局和功能，设计风格可自由发挥背景颜色也可自行选择！设计师们如果怕不中标而浪费时间，可只设计一部分进行交稿，中标后再设计剩余的,（另外说明我比较着急用，请设计师们抓紧设计抓紧提交）1、大气、简洁、内容饱满，色彩搭配合理2、有视觉冲击力，醒目易浏览3、能体现特色 ，突绝地求生游戏主题4、会前端设计的请备注说明，会优先合作。5、最好附上创意、设计、构思说明。知识产权说明：1、所设计的作品为原创，为第一次发布，未侵犯他人的著作权，如有侵犯他人著作权，由设计者承担所有法律责任;2、中标的设计作品，我方支付设计制作费，即拥有该作品的知识产权，包括著作权,使用权和发布权等,有权对设计作品进行修改,组合和应用;设计者不得再向其他任何地方使用该设计作品;设计师们胡乱提交的发些无关的案例或者互拼乱凑。没有用心设计的直接淘汰！注意！草图只限制了布局和功能，设计风格可自由发挥背景颜色也可自行选择！设计师们如果怕不中标而浪费时间，可只设计一部分进行交稿，中标后再设计剩余的,（另外说明我比较着急用，请设计师们抓紧设计抓紧提交）1、大气、简洁、内容饱满，色彩搭配合理2、有视觉冲击力，醒目易浏览3、能体现特色 ，突绝地求生游戏主题4、会前端设计的请备注说明，会优先合作。5、最好附上创意、设计、构思说明。知识产权说明：1、所设计的作品为原创，为第一次发布，未侵犯他人的著作权，如有侵犯他人著作权，由设计者承担所有法律责任;2、中标的设计作品，我方支付设计制作费，即拥有该作品的知识产权，包括著作权,使用权和发布权等,有权对设计作品进行修改,组合和应用;设计者不得再向其他任何地方使用该设计作品;",2018.02.28,2018.03.28,任务编号：585297,￥ 1440,21,奥创设计 ARCANE DESIGN,https://shop.epwk.com/rp5z4xgwjdx3/,https://shop.epwk.com/rp5z4xgwjdx3/chushou/,个人,七品,40分,,,海报设计【产品海报 宣传单 X展架 易拉宝设计】,￥2000,UI设计【APP原创设计 UI优化 手机主题 ICON设计】,￥100,网页设计 【商城 企业 产品 专题】,￥100,LOGO设计【标志、VI】,￥100,售后修改【所有已确认支付项目 售后修改】,"￥1
            /起",,,,,,,,
【软件UI设计】设计奖项的角标,https://task.epwk.com/565566/,3563人,18人,¥400,圆满完成,antpedia,在获奖单位的相应产品页，产品名字上，显示一个角标，以显示期获得的此项荣誉ANTOP奖项寓意：为记录和表彰在分析测试领域领先的贡献者们ANTOP名字由来：ant +Top合成词  ant是传承antpedia网站，Top是顶级之意，跟奖项寓意呼应。要求：1、用奖项logo做为设计基础，添加其他显示效果 任作者发挥  2、角标要醒目，显示位置见附件截图3、中标后交付要求：logo稿件源文件及高清png/jpg大图。,2017.12.21,2018.01.19,任务编号：565566,￥ 400,21,与世无争视觉策划,https://shop.epwk.com/omdwkk99xdrp/,https://shop.epwk.com/omdwkk99xdrp/chushou/,工作室,一品,70分,,,商标设计,"￥500
            /件",,,,,,,,,,,,,,,,
【APP界面设计】设计一个封面图,https://task.epwk.com/563411/,4322人,18人,¥300,圆满完成,o5a32****16df5,尺寸要求 宽 1536像素，高 2048像素 。要求 是 原创的 不能 抄袭别家的，设计不能 侵权 。,2017.12.14,2017.12.25,任务编号：563411,￥ 300,20,金美世纪（北京）教育科技有限责任公司,https://shop.epwk.com/9w56ez01edv1/,https://shop.epwk.com/9w56ez01edv1/chushou/,企业,五品,39分,,,原创LOGO设计,￥399,广告设计,价格面议,店铺装修,￥2000,宣传册设计,价格面议,网站设计,￥3000,包装设计,￥500,APP  UI设计,价格面议,企业VI设计,￥1500,,
【小程序开发】取一个商标名,https://task.epwk.com/553508/,5008人,9人,¥200,圆满完成,o59e75fce2d3bf,公司主业是做出国留学咨询和雅思托福培训，英文名是 cheereasy. 希望获得一个好的商标名可以注册的。如果商标名不能注册，不能成功获得赏金。名字最好3个,2017.11.14,2017.12.07,任务编号：553508,￥ 200,15,道一文字,https://shop.epwk.com/4rn8qz889ngm/,https://shop.epwk.com/4rn8qz889ngm/chushou/,个人,八品,36分,,,,,,,,,,,,,,,,,,,,
【网站UI设计】全英文网站Banner设计,https://task.epwk.com/551146/,5718人,25人,¥800,圆满完成,柏HAKU,Banner设计 ，  一个设计（需要4个尺寸， 分别用在1）外国人浏览的全英文网站上的首页banner尺寸:760px ✖︎ 120px Maximum File size:400KB　2)外国人浏览的全英文网站上的侧页banner尺寸:300px ✖︎ 260px 250kb内） 3）全英文网站的手机浏览器版本 600px ✖︎ 520px 250kb  4）微信展示墙尺寸        banner需要提交一份源文件，一份JPG格式，   目前的设计供参考， 备注： 我们是针对外国客户的，需要外国人喜欢的文格。   文案中英文如下： Our core business is not only on Residence;But also strong on All kinds of commercial units.We are your right choice !   不只是高端住宅，办公以及各种经营类商业地产，也都是我们的核心业务，我们期待您的委托！,2017.11.07,2018.01.07,任务编号：551146,￥ 800,32,鹿途设计,https://shop.epwk.com/0jnekk9xynv3/,,,,,,,,,,,,,,,,,,,,,,,,
【网站UI设计】网页平面设计调整,https://task.epwk.com/548918/,3376人,9人,¥800,圆满完成,柏HAKU,附件是我们目前在做的网页众所周知，网页制作是分为设计和技术两个方面现在这家做网站的公司，技术绝对可靠只是因为公司都是年长的技术人员做不出来我们年轻人想要的设计我们是一家针对外国人外资企业介绍商端房地产的公司核心业务，从住宅到商业地产都有附件是网站构造是我觉得满意的但网站实在太没设计感特此诚心来求助各位大神真心实意来找设计的只要设计满意，以后会有长期合作不止是我们公司，我们还有很多我们的商业客户同样有这个需求，我们都可以介绍设计风格，并不是要多夸张而是要符合外国人的审美观主要体现形式为颜色，字体，字体大小的比例，区域划分的美感希望大神们给我一个好看的平面大家也可以参考一些外国网站，或全英文网站例如：Airbnb，宜家http://www.smartshanghai.com 等期待看到好的作品，谢谢大家了！,2017.10.30,2017.11.17,任务编号：548918,￥ 800,10,大白工作室,https://shop.epwk.com/78n96zq72nkv/,,,,,,,,,,,,,,,,,,,,,,,,
【网站UI设计】污话不说网站首页效果图设计,https://task.epwk.com/545115/,6493人,24人,"¥1,200",圆满完成,o59ba3c8cb1a3a,"污话不说网站首页效果图设计                                                    经营介绍：                    “污话不说”是一家为污友服务，供污友发布段子、图片、视频的娱乐社区网站                设计内容： 暂时只做网站首页效果图，  其他内容选中后再详谈。设计要求：                                                            1、大气、简洁、内容饱满，色彩搭配合理                                            2、有视觉冲击力，醒目易浏览，突出污话不说主题进行构思及设计                                            3、能体现特色，LOGO也在本站发布了征集任务（id=545112），如果时间允许可一起设计，拿双份费用。4、会前端设计能给HTML文件的请备注说明，会优先合作。                                            5、最好附上创意、设计、构思说明。                                                                        知识产权说明：                                                                            1、所设计的作品为原创，为第一次发布，未侵犯他人的著作权，如有侵犯他人著作权，由设计者承担所有法律责任;                                                                2、中标的设计作品，我方支付设计制作费，即拥有该作品的知识产权，包括著作权,使用权和发布权等,有权对设计作品进行修改,组合和应用;设计者不得再向其他任何地方使用该设计作品;",2017.10.19,2017.11.12,任务编号：545115,￥ 1200,26,lingxiao19930211,https://task.epwk.com/javascript:;,,,,,,,,,,,,,,,,,,,,,,,,
【网站UI设计】淘宝店铺首页效果图设计（游戏类目）,https://task.epwk.com/541427/,7766人,26人,"¥1,200",圆满完成,o59ba3c8cb1a3a,"为了节省时间，设计师无需全部做出来再交稿，可任选一部分设计出来先交稿如：店招+海报；产品展示+海报；店招+产品展示。如果是我喜欢的风格我选中标后再慢慢设计后面的。其他不明白的地方可加Q30020639进一步沟通。备注：这1000元只需要做一张首页的效果图就可以了，我需要整店的设计后续还有很多需要设计的页面，其余的选标后再详细洽谈！淘宝店铺首页效果图设计-游戏类目                                    经营介绍：                    “八爪鱼网游一号店”主营游戏账号交易，如当下比较热门的竞技网络游戏英雄联盟、王者荣耀等                包含内容：淘宝店面招牌设计(横排)、海报设计、促销区、产品展示区、搜索区.......设计要求：                                                            1、大气、简洁、明快;                                                                2、有视觉冲击力，主题围绕游戏风格进行设计，突出金属材质与科技元素相融合的设计效果。3、尺寸要求：只限制宽度为：1920像素                                            4、附件草稿只限制整体布局，不限制设计风格。望设计师们充分发挥想象及构思。                                                    知识产权说明：                                                                            1、所设计的作品为原创，为第一次发布，未侵犯他人的著作权，如有侵犯他人著作权，由设计者承担所有法律责任;                                                                2、中标的设计作品，我方支付设计制作费，即拥有该作品的知识产权，包括著作权,使用权和发布权等,有权对设计作品进行修改,组合和应用;设计者不得再向其他任何地方使用该设计作品;",2017.10.08,2017.10.25,任务编号：541427,￥ 1200,32,彩翼天游,https://shop.epwk.com/omdwk2y8rdrp/,,,,,,,,,,,,,,,,,,,,,,,,
【APP界面设计】3个微信公众号页面设计+切图(提供H5页面),https://task.epwk.com/536219/,4438人,6人,¥300,圆满完成,yedahong,3个微信公众号页面设计，需要简洁大气一点的设计，第一个页面预留顶部banner位置，其他内容就完全参考这两个页面，最后是一个列表页面。先提供设计图，中标以后需要提供做好的H5页面！！！,2017.09.18,2017.09.26,任务编号：536219,￥ 300,6,晨临凯视觉设计工作室,https://shop.epwk.com/mod0466305yv/,https://shop.epwk.com/mod0466305yv/chushou/,工作室,五品,40分,,,UI丨微信公众号,价格面议,UI丨小程序设计,价格面议,UI丨网站设计,价格面议,UI丨APP界面设计,价格面议,,,,,,,,,,
【软件UI设计】设计相亲app的图标,https://task.epwk.com/533258/,8288人,40人,¥700,圆满完成,o59b2908b5dd30,设计相亲app的图标，app宣传语为：极速脱单，主题化线下多人一对一3分钟高效相亲。测试版app下载地址：http://120.26.106.67/6.apk<br />要求设计的图标符合app的内容，图标必须表现的特色为相亲；可选的特色为高效、多人一对一、主题化。可供参考的设计方案有2个：第一个是漂亮的钻戒加上类似秒表的时间流逝提示，代表的寓意为结婚和高效。第二个是两只亲昵的卡通化的公狗和母狗，代表的寓意是2只单身狗在一起变得快乐。,2017.09.08,2017.09.19,任务编号：533258,￥ 700,53,charles_zhang,https://shop.epwk.com/m7d7wwx6v5q8/,,,,,,,,,,,,,,,,,,,,,,,,
【APP界面设计】外卖微信小程序主页设计,https://task.epwk.com/531608/,3550人,7人,¥300,圆满完成,o59ab6fe91e69d,我们是做一个高档快餐，客户通过微信小程序下单付款 ，产品图片都拍摄好了，加我微信我发给你们  微信13196666608主要设计小程序的一个主页图片太大没法上传,2017.09.03,2017.10.02,任务编号：531608,￥ 300,7,o56eb6e352c957,https://task.epwk.com/javascript:;,,,,,,,,,,,,,,,,,,,,,,,,
【网站UI设计】网站banner设计,https://task.epwk.com/528533/,5861人,35人,¥500,圆满完成,mf534****803480,"主题1：智能定制应用开发从这里开始。主题2：让智能开发应用省时省钱。尺寸2000x360,色调：蓝色。网址www.wanwulian.com，设计稿件简单大方，整体风格与本网站相同。主色调：蓝白色",2017.08.23,2017.09.16,任务编号：528533,￥ 500,39,汉柏设计,https://shop.epwk.com/9w56ezwp6dv1/,,,,,,,,,,,,,,,,,,,,,,,,
【小程序开发】装饰设计施工公司logoI设计,https://task.epwk.com/517418/,3550人,7人,¥500,圆满完成,牧牛童,"装饰设计施工公司   “牧牛童”，LOGO设计及简单应用                                                                     设计要求：                                                                            1、大气、简洁、明快;                                                                2、有新意，醒目易识别，突出装饰品牌元素;                                                                3、能体现特色。                                                                4、附上创意说明。                                                                        知识产权说明：                                                                            1、所设计的作品为原创，为第一次发布，未侵犯他人的著作权，如有侵犯他人著作权，由设计者承担所有法律责任;                                                                2、中标的设计作品，我方支付设计制作费，即拥有该作品的知识产权，包括著作权,使用权和发布权等,有权对设计作品进行修改,组合和应用;设计者不得再向其他任何地方使用该设计作品;",2017.07.15,2017.07.26,任务编号：517418,￥ 500,14,竹叶常青设计工作室,https://shop.epwk.com/omdwk09q1drp/,,,,,,,,,,,,,,,,,,,,,,,,
【网站UI设计】网站海报banner设计  4张,https://task.epwk.com/517157/,4965人,8人,¥480,圆满完成,o5966f1e96c9a5,网站海报banner设计：设计主题：1.私人订制  2.品牌定制（我的品牌我做主）3.注册免费设计 4.升学宴    一共4张   设计要求：画面冲击力、时尚感要强，体现主题内容 ， 接近4a395a5a2e636f6d网站的色调设计  需要的素材联系后，再通过qq发,2017.07.14,2017.07.31,任务编号：517157,￥ 480,8,杰俊网络科技,https://shop.epwk.com/z2nkz341onqy/,https://shop.epwk.com/z2nkz341onqy/chushou/,企业,六品,40分,,,淘宝电商详情页设计装修,"￥500
            /款",,,,,,,,,,,,,,,,
【网站UI设计】知识产权企业网站首页设计,https://task.epwk.com/516193/,4547人,19人,¥500,圆满完成,华韶,知识产权企业网站首页设计，页面色调跟附件中图形的红色一致,2017.07.10,2017.07.28,任务编号：516193,￥ 500,24,唐山佳协网络科技有限公司,https://shop.epwk.com/3gd2mgx7pner/,https://shop.epwk.com/3gd2mgx7pner/chushou/,企业,三品,37分,,,APP开发,"￥6000
            /起",微信小程序,"￥3000
            /套",UI设计,"￥2000
            /套",微信开发,"￥5000
            /款",网站开发,"￥2000
            /套",,,,,,,,
【网站UI设计】美化一个公司网站页面,https://task.epwk.com/514700/,2460人,1人,¥300,圆满完成,wolfkiss,请看附件，要求如下：整个页面的布局不要改变，页面做美化处理，先提交美化后的图片，确定中标后提供div+css的html页面，请隐藏交稿,2017.07.04,2017.07.22,任务编号：514700,￥ 300,1,jie杰哥子,https://task.epwk.com/javascript:;,,,,,,,,,,,,,,,,,,,,,,,,
【网站UI设计】需要做一个网站首页设计,https://task.epwk.com/511735/,4068人,9人,¥600,圆满完成,wolfkiss,需要做一个网站首页设计，设计中标后，需要切图，提供div+css 静态网页，内容请看附件，但需要重新设计，大气的门户网站,2017.06.22,2017.07.14,任务编号：511735,￥ 600,11,异拓网络,https://shop.epwk.com/0z5o48k6qnjq/,https://shop.epwk.com/0z5o48k6qnjq/chushou/,企业,四品,43分,,,海报设计/平面设计/主图设计/名片设计,价格面议,网站定制/营销型网站定制/网站开发,￥8800,VI设计/全套VI定制/基础VI设计,￥17800,平面设计/折页设计/详情页设计,价格面议,高端平面设计/画册设计/包装设计/海报设计/宣传页设计,价格面议,logo设计/品牌logo/品牌形象设计,￥699,画册设计/精品画册设计,"￥150
            /页",包装设计,价格面议,包装设计/精品包装设计,价格面议
【网站UI设计】商城类网站首页设计,https://task.epwk.com/510787/,4342人,15人,"¥1,000",圆满完成,delanhuagong,本公司现需要商城类首页设计要求：1、体现化工行业的特色2、整体色调为红色3、把握整体风格，高端大气4、多商户型化工产品商城导航条：首页  抢购   助剂市场    现货    供应     资讯   品牌专区   免费拿样可以参考http://60.205.56.38/,2017.06.19,2019.01.03,任务编号：510787,￥ 1000,17,东柏网络,https://shop.epwk.com/89dvgr4qgdl2/,,,,,,,,,,,,,,,,,,,,,,,,
【网站UI设计】茶叶手机商城首页效果图设计,https://task.epwk.com/501633/,5505人,22人,¥800,圆满完成,hehaipo,"网址：http://www.cha600.com/ 茶叶商城电脑端已开发完成，现需要设计手机版页面，请先设计手机端首页,只要设计就行，其他页面设计合作请在首页确认后再谈设计合作事宜。要求：1. 手机端风格，以iphone android等系统浏览为主2. 内容布局可参照京东、微店等微商城首页布局，但是要有自己的特色。内容可以跟电脑端不一样，但是也不能完全不一样，中间主要栏目内容还要要有的（并非客户端页面自适应型，我们是服务器端自适合，页面布局可以不一样），设计时是带滚动条全部内容页面，而非仅仅手机截图那样的页面。3. 网站色彩风格可以参照电脑端 www.cha600.com 。4. 要求设计专业、大方，5. 交稿中标后，需要提供psd带图层的源文件。备注：确认中标后，其他页面的外包（估计有10-20个左右的页面设计，或者同时带有html5静态页面）也可能与中标者继续合作。",2017.05.15,2017.06.09,任务编号：501633,￥ 800,24,个人电商设计,https://shop.epwk.com/omdwk203mdrp/,,,,,,,,,,,,,,,,,,,,,,,,
【网站UI设计】网站首页设计,https://task.epwk.com/495947/,2419人,3人,¥300,圆满完成,o58f6****89361,"网站首页设计,参考附件的风格。只设计首页风格,如通过可以再谈其他页面的设计",2017.04.26,2017.05.02,任务编号：495947,￥ 300,3,河南凡客空间网络科技有限公司,https://shop.epwk.com/78dljylxl5lx/,https://shop.epwk.com/78dljylxl5lx/chushou/,企业,五品,40分,,,网站定制,"￥200
            /次",公众号开发运营,"￥1000
            /次",电商定制设计,"￥1000
            /次",企业宣传片制作,"￥1000
            /次",,,,,,,,,,
【网站UI设计】天猫童装需要宝贝详情页设计,https://task.epwk.com/490221/,3738人,10人,¥500,圆满完成,最近发生好多事,一、风格定位：1.天猫B店目前主要经营男童服装（上衣，裤子，套装，冲锋衣等）              2.淘宝店铺风格定位：时尚、潮流、简单大方，休闲运动，二、说明：1.可先提供设计风格的初稿和设计方案，待中标后再继续高质量的完善成品          2.当然如果能够直接提供设计成品，中标的几率或许更高，毕竟雇主非专业          3.要求潮流，时尚，有自己店铺特殊的风格          4.详情页前三张（第一张海报+第二张随意要有风格+第三张细节亮点展示）可以有文案描述的板块设计          5.上淘宝网查看下“男童套装夏”类似风格店铺详情页是如何设计的          6.上面其实都不算要求、只要大神们发挥您的创意，把独特的风格设计出来就OK    三、看看一些店铺，只供了解下，并不是一定要参考这种：https://detail.tmall.com/item.htm?spm=a1z10.3-b-s.w4011-15859582792.157.PSjrQE&id=547873284159https://detail.tmall.com/item.htm?spm=a1z10.5-b.w4011-8064424952.163.ImCQVt&id=546801787503&rn=63724174d7432e79128160039c747eb0&abbucket=10四、百度云盘有案例所需产品图，请下载链接：http://pan.baidu.com/s/1mh5yFUw 密码：4ph9可私聊qq要图，百度网盘不是很稳定qq:1764359135（备注一品威客）,2017.04.07,2017.04.19,任务编号：490221,￥ 500,14,左右广告策划有限公司qq一九一三八四三五九七,https://shop.epwk.com/4rn8qm689ngm/,,,,,,,,,,,,,,,,,,,,,,,,
【网站UI设计】化学品展示首页面设计,https://task.epwk.com/490193/,5110人,9人,"¥1,000",圆满完成,mf178****3278,化学品展示前台页面要求如下：1、单网页形式2、第一楼展现产品大图，几张小图，价格、库存、产品简单介绍，3、第二楼为广告位，广告背景为蓝色4、第三楼为产品详细信息，5、第四楼为公司信息页面6、4-6个和产品相关联的产品框，看添加到哪一楼合适，7、需提供设计稿源文件8、如有不明之处，请联系QQ 2302997801,2017.04.07,2017.04.28,任务编号：490193,￥ 1000,11,高端品牌网站设计,https://shop.epwk.com/zqdplz3jon1v/,,,,,,,,,,,,,,,,,,,,,,,,
【软件UI设计】学校校徽设计,https://task.epwk.com/481947/,1085人,26人,¥360,圆满完成,若水老汉,"校名：溧阳市泓口初级中学                校风：务实、创新、进取教风：爱生、精业、争优学风：文明、勤学、渐进                                    设计要求：                                                                            1、大气、简洁、明快;                                                                2、有视觉冲击力，醒目易识别，突出学校文化元素;                                                                3、体现校风教风学风内涵4、附上创意说明                                                    知识产权说明：                                                                            1、所设计的作品为原创，为第一次发布，未侵犯他人的著作权，如有侵犯他人著作权，由设计者承担所有法律责任;                                                                2、中标的设计作品，我方支付设计制作费，即拥有该作品的知识产权，包括著作权,使用权和发布权等,有权对设计作品进行修改,组合和应用;设计者不得再向其他任何地方使用该设计作品;",2017.03.09,2017.04.18,任务编号：481947,￥ 360,27,雨夜设计工作室,https://shop.epwk.com/0jnekk26rnv3/,https://shop.epwk.com/0jnekk26rnv3/chushou/,工作室,一品,68分,,,高端logo设计,"￥1500
            /起",包装设计,"￥3000
            /起",VI设计,"￥8888
            /起",,,,,,,,,,,,
【网站UI设计】一个网页设计（框架已搭好，加点内容）,https://task.epwk.com/481784/,5935人,30人,¥800,圆满完成,o58be07007f07d,请大家帮我做一个页面。框架已经搭好了，主要就是往页面的右下方增加一些内容。文字也已经帮大家输入好，大家不用费力去输入文字。我准备了好几个图标用在“关于我们”的上面，大家帮我挑一个最合适的处理一下。  增加的内容最好用宋体字。整个页面如果有啥地方做得不好，也请帮助完善一下。更多页面期待合作（每页500-1000元），原来的威客公司老是让底下的新手来做，已经无法合作了。,2017.03.09,2017.04.25,任务编号：481784,￥ 800,32,小灰爷爷工作室,https://task.epwk.com/javascript:;,,,,,,,,,,,,,,,,,,,,,,,,
,,,,,,,,,,,,,,,,,,,,,,,,,,,,,,,,,,,,,,
【网站UI设计】京东店铺首页及详情页设计（食品类）,https://task.epwk.com/481453/,3475人,5人,"¥2,000",圆满完成,香家,京东店铺整店装修，含安装，要装修好，交付后我直接就能用，店铺主营食品，请做过“京东 ”食品类设计及做过整点装修的联系，设计风格简单、干净、年轻化，详情页设计10款至少提交两个详情页参考加一个首页，风格合适的情况下选择中标之后再提供补充素材，需要中标设计师协助设计7款详情页。,2017.03.08,2017.04.10,任务编号：481453,￥ 2000,5,高端品牌网站设计,https://shop.epwk.com/zqdplz3jon1v/,,,,,,,,,,,,,,,,,,,,,,,,
【网站UI设计】页岩硅藻泥平面创意设计,https://task.epwk.com/479446/,2701人,4人,¥500,圆满完成,mf186****8989,表达出页岩“靶向吸附甲醛”的特点，具有较好的视觉效果。请参考原有的“能养金鱼的硅藻泥”宣传页及我们的官方网站www.nbsni.com。内容见附件，不清楚的请联系qq：381814333需要放到官网上，还需要设计个x展架的尺寸,2017.03.01,2017.03.22,任务编号：479446,￥ 500,4,指上规划,https://shop.epwk.com/v0n1xr9jl57y/,,,,,,,,,,,,,,,,,,,,,,,,
【网站UI设计】华藏学佛苑网站首页设计,https://task.epwk.com/476783/,3667人,6人,¥300,圆满完成,o58a9a3c5800b3,"华藏学佛苑是一个佛教的教育机构，只需设计该学佛苑网站首页美工即可，无需页面切割。首页中标后进入栏目页面设计。页面美工设计要求：页面底色用宝蓝色，风格上尽量参阅欧美古典页面风格，体现教育机构特点，力求大气、富贵而不失清新，布局合理。页面布局参考：http://www.zhibeifw.com/cn/网站首页栏目设置：首頁   H.H.第三世多杰羌佛  關於我們   公告說明  最新消息  法會盛况  法義辯理   學佛苑通啟   尊者弘法  知识产权说明：1、所设计的作品为原创，为第一次发布，未侵犯他人的著作权，如有侵犯他人著作权，由设计者承担所有法律责任;2、中标的设计作品，我方支付设计制作费，即拥有该作品的知识产权，包括著作权,使用权和发布权等,有权对设计作品进行修改,组合和应用;设计者不得再向其他任何地方使用该设计作品;3、如中标作品由于与已注册商标相似度过高或涉及政治、道德等因素导致最后无法通过国家商标注册的，享拼有权重新改选中选者，并收回奖金重新发放给其他最后采用作品。",2017.02.19,2017.03.03,任务编号：476783,￥ 300,13,仕雅传媒,https://shop.epwk.com/7g5yk8902n0q/,https://shop.epwk.com/7g5yk8902n0q/chushou/,企业,四品,45分,,,上门洗车APP  上门服务项目  车辆管理  路上救援  上门汽车保险  地图定位,10000,软件二次开发 农产品安全追溯 物联网系统定制 专业经验物联网 信息采集追溯处理 数据库 网站定制,价格面议,网站建设 自助建站 设计开发发布注册一站式服务 公司资质 服务保障,价格面议,企业微信公共平台托管 定期推送消息 平面设计排版软文组织 企业资质,价格面议,服务器维护 故障排除 在线维护 问题诊断 专业软件维护 公司资质 售后保障,价格面议,400电话彩铃录制 男生女生专业配音 录音棚音质 可修改 速度秒出 品质保证 欢迎企业个人长期合作,价格面议,400电话申请 靓号办理 无月租 诚招代理 品质保证 正规安全 公司资质专业售后,价格面议,手机APP开发 手机应用设计 android+ios定制开发 企业资质 售后保障,价格面议,,
【软件UI设计】Lm车友会标志设计,https://task.epwk.com/474492/,3330人,21人,¥500,圆满完成,vitorru,"标题：Lm车友会经营介绍：主要经营日用百货、食品、汽车用品等（线下实体店：车友会便利店）。设计要求(例)：1、风格：时尚，简洁，文字（Lm车友会）+简洁的汽车图形（要有设计风格）。2、颜色：设计师自由发挥。2、能体现时尚的，吸引客户，给客户留下深刻印象，但不限制，设计师可以自由创作。3、一定要是原创的，希望能附上创意说明。知识产权说明：• 1、所设计的作品为原创，为第一次发布，未侵犯他人的著作权，如有侵犯他人著作权，由设计者承担所有法律责任。• 2、中标的设计作品，我方支付设计制作费，即拥有该作品的知识产权，包括著作权,使用权和发布权等,有权对设计作品进行修改,组合和应用;设计者不得再向其他任何地方使用该设计作品。",2017.02.10,2017.03.26,任务编号：474492,￥ 500,25,速 豹 品 牌 设 计,https://shop.epwk.com/0jnekk24xnv3/,https://shop.epwk.com/0jnekk24xnv3/chushou/,工作室,一品,58分,,,十年老品牌 品质有保障 客户的需求 就是我们的要求！,￥500,,,,,,,,,,,,,,,,
【网站UI设计】博客网页UI设计,https://task.epwk.com/469415/,5253人,11人,"¥1,200",圆满完成,mf139****8671,博客网页UI设计博客分为以下7个版块：首页，日志，订单系统，相册，邻居，关于我，管理。首页：展示其他版块部份内容，博主相关信息等日志：博主文章日志等订单系统：博主上传的一些商品，左侧分类，右侧商品相册：博主分享的一些相片及视频邻居：博主的一些博客邻居关于我：博主的一些相关资料及联系方式管理：博客的一些设置共7张图片，可先投稿一张，或几张，或全投(全投优先选择),2017.01.06,2017.01.28,任务编号：469415,￥ 1200,15,竹叶常青设计工作室,https://shop.epwk.com/omdwk09q1drp/,,,,,,,,,,,,,,,,,,,,,,,,
【网站UI设计】海外仓网站首页设计,https://task.epwk.com/467591/,3030人,14人,¥500,圆满完成,古唐设计,海外仓网首页设计，域名 www.yanhuo.com 公司主要业务为亚马逊 ，速卖通等客户的提供海外仓服务,2016.12.27,2017.01.14,任务编号：467591,￥ 500,15,阿伟前端,https://shop.epwk.com/zqdplgvxon1v/,,,,,,,,,,,,,,,,,,,,,,,,
【网站UI设计】网页UI设计,https://task.epwk.com/466342/,5760人,13人,¥500,圆满完成,mf139****8671,设计两个网页UI：1、云记事本：分三个版块（昨天，今天，明天）详情看图；2、云收藏夹：收藏网址，添加删除，网址分类等,2016.12.22,2017.01.07,任务编号：466342,￥ 500,13,重彩工作室,https://shop.epwk.com/78dljj93e5lx/,,,,,,,,,,,,,,,,,,,,,,,,
【APP界面设计】APP “首页” 风格优化设计,https://task.epwk.com/461489/,3848人,13人,¥300,圆满完成,渔人码头,我们的App是旅行语音解说项目，需要对UI进行优化设计，目前对首页风格设计进行征稿。设计的对象是首页，布局、交互不变，仅进行风格和配色优化。具体设计要求、说明和例子见附件。有意者首先请加QQ1145062242，并注明：一品UI风格设计。我们先沟通清楚，然后再进行设计。,2016.11.29,2017.03.23,任务编号：461489,￥ 300,14,呓哩科技,https://shop.epwk.com/09drjjege53w/,,,,,,,,,,,,,,,,,,,,,,,,
【网站UI设计】平台网站页面设计UI设计,https://task.epwk.com/460951/,4045人,18人,"¥1,000",圆满完成,展翅飞xiang,现需要根据我们网站设计出一张首页我们的网址： http://www.ebwl.com.cn/只设计一张首页就行，根据我们的行业及风格（工业，复古）参照一起作业网的首页做（详见附件）注：采用悬赏的模式，威客先工作，再选中标作品,2016.11.26,2016.12.09,任务编号：460951,￥ 1000,24,CG风暴,https://shop.epwk.com/omdwkkg7qdrp/,,,,,,,,,,,,,,,,,,,,,,,,
【网站UI设计】社区论坛首页(一个页面)UI设计,https://task.epwk.com/457886/,5004人,13人,¥500,圆满完成,mf139****8671,教育类风格空间紧凑合理，内容丰富有三个搜索框（百度，淘宝，站内）有便民网址导航（不要占用太多篇幅）有论坛分类，各类分别有各种榜单(这个是主要内容，图片文字抢眼)有LOGO可以根据风格自由上色,2016.11.12,2016.12.10,任务编号：457886,￥ 500,13,仕雅传媒,https://shop.epwk.com/7g5yk8902n0q/,https://shop.epwk.com/7g5yk8902n0q/chushou/,企业,四品,45分,,,上门洗车APP  上门服务项目  车辆管理  路上救援  上门汽车保险  地图定位,10000,软件二次开发 农产品安全追溯 物联网系统定制 专业经验物联网 信息采集追溯处理 数据库 网站定制,价格面议,网站建设 自助建站 设计开发发布注册一站式服务 公司资质 服务保障,价格面议,企业微信公共平台托管 定期推送消息 平面设计排版软文组织 企业资质,价格面议,服务器维护 故障排除 在线维护 问题诊断 专业软件维护 公司资质 售后保障,价格面议,400电话彩铃录制 男生女生专业配音 录音棚音质 可修改 速度秒出 品质保证 欢迎企业个人长期合作,价格面议,400电话申请 靓号办理 无月租 诚招代理 品质保证 正规安全 公司资质专业售后,价格面议,手机APP开发 手机应用设计 android+ios定制开发 企业资质 售后保障,价格面议,,
【软件UI设计】餐饮软件PAD界面设计,https://task.epwk.com/457441/,3282人,9人,¥300,圆满完成,o53c3****5996c,"请查看附件图片。设计要求：根据提供的软件界面设计。附件简图上的功能必须都要有。布局可以随意 ，美观，大方。知识产权说明：1、所设计的作品为原创，为第一次发布，未侵犯他人的著作权，如有侵犯他人著作权，由设计者承担所有法律责任;2、中标的设计作品，我方支付设计制作费，即拥有该作品的知识产权，包括著作权,使用权和发布权等,有权对设计作品进行修改,组合和应用;设计者不得再向其他任何地方使用该设计作品;,请查看附件图片。设计要求：根据提供的软件界面设计。附件简图上的功能必须都要有。布局可以随意 ，美观，大方。知识产权说明：1、所设计的作品为原创，为第一次发布，未侵犯他人的著作权，如有侵犯他人著作权，由设计者承担所有法律责任;2、中标的设计作品，我方支付设计制作费，即拥有该作品的知识产权，包括著作权,使用权和发布权等,有权对设计作品进行修改,组合和应用;设计者不得再向其他任何地方使用该设计作品;",2016.11.11,2016.11.26,任务编号：457441,￥ 300,9,爱设工作室,https://shop.epwk.com/mod0447045yv/,https://shop.epwk.com/mod0447045yv/chushou/,工作室,六品,40分,,,VI设计服务,价格面议,LOGO设计服务,价格面议,app产品设计服务,价格面议,整站网页设计服务,价格面议,宣传册页设计服务,价格面议,海报设计服务,价格面议,包装设计服务,价格面议,名片设计服务,价格面议,,
【软件UI设计】餐饮软件界面设计,https://task.epwk.com/456636/,3087人,9人,¥300,圆满完成,o53c3****5996c,"请查看附件图片。设计要求：根据提供的软件界面设计。桌台不能是原版的方块，美观，大方。附件简图上的功能必须都要有。布局可以随意 。知识产权说明：1、所设计的作品为原创，为第一次发布，未侵犯他人的著作权，如有侵犯他人著作权，由设计者承担所有法律责任;2、中标的设计作品，我方支付设计制作费，即拥有该作品的知识产权，包括著作权,使用权和发布权等,有权对设计作品进行修改,组合和应用;设计者不得再向其他任何地方使用该设计作品;",2016.11.08,2016.11.22,任务编号：456636,￥ 300,9,河北匠灵信息科技有限公司,https://shop.epwk.com/p05qjj39odev/,https://shop.epwk.com/p05qjj39odev/chushou/,工作室,七品,40分,,,LOGO设计,"￥800
            /件",画册设计,价格面议,UI界面设计,价格面议,,,,,,,,,,,,
【软件UI设计】旅游广告设计,https://task.epwk.com/454279/,3676人,5人,¥100,圆满完成,Mr138****8870,设计店铺海报封面，二维码，设计要求内容简单大方，以浅色背景为主，文字内容包括店铺地址和联系电话。陈红：13821988870张金卉：15902269522林晓雪：18322143080地址：天津塘沽区永久街265号,2016.10.28,2016.11.25,任务编号：454279,￥ 100,6,浙江传媒学院FM工作室,https://shop.epwk.com/4rn8qqwq3ngm/,https://shop.epwk.com/4rn8qqwq3ngm/chushou/,工作室,七品,39分,,,FLASH动画制作,100,产品外观设计,"￥1500
            /件",LOGO与VI设计,"￥500
            /件",卡通形象设计,"￥500
            /件",,,,,,,,,,
【APP开发】配音网站Logo设计,https://task.epwk.com/454736/,4125人,6人,¥500,圆满完成,o5483e5e907526,"chinesevoiceoverfreelancers.com  （龙之声）网站需要网站Logo 设计1. 网站英文名字由三个英文单词“”Chinese “，” Voiceover“，”Freelancers""组成，分别是“中文”、“配音”、“自由工作者”的意思。2. 网站中文名字是“龙之声配音”，logo中可以只出现“龙之声”三个字。3. 网站目的是将配音需求方与自由配音员联系起来，避开中间商，实现双方直接交易。需求方可以发布配音需求，配音员可以竞聘任务。4. 网站面向全球用户，有中英两个版本，logo 既要符合国际潮流，又要融合中国元素。",2016.10.31,2016.11.12,任务编号：454736,￥ 500,10,小枫视觉,https://shop.epwk.com/09drjjm4153w/,https://shop.epwk.com/09drjjm4153w/chushou/,个人,五品,45分,,,logo设计商标app标店标设计原创矢量格式包满意,"￥800
            /件",【整店装修】淘宝天猫高端首页详情页搭配设计网店装修整店设计全套,5080,【高端首页设计】淘宝天猫高端首页设计网店设计店铺装修资深设计师,"￥1880
            /件",【极品详情页设计】淘宝天猫详情页设计宝贝描述店铺装修,"￥880
            /件",【内页设计】淘宝天猫高端二级页面自定义页面设计网店装修全屏内页设计,"￥1180
            /件",【网店海报】淘宝天猫高端海报设计主图首页详情页设计整店装修,"￥280
            /件",【主图设计】淘宝天猫高端主图设计网店装修详情页主图设计,"￥168
            /件",【折页画册设计】DM/三折页画册设计宣传单页设计三折页设计,360,【宣传单设计】DM/宣传单设计单页彩页设计传单单面双面设计,"￥320
            /件"
【软件UI设计】根据企业LOGO设计员工徽章,https://task.epwk.com/453398/,3373人,8人,¥300,圆满完成,o580eed3ba8f0d,根据企业已有logo设计镶钻徽章，要两款分别为圆形徽章镶三颗钻，方形徽章镶1颗大钻。在徽章中要包含企业logo，同时要有“悦花越有”字样，底色要金色，LOGO中的花瓣用绿色3色渐变（见附件）,2016.10.25,2016.11.18,任务编号：453398,￥ 300,8,精瀚堂品牌设计策划,https://shop.epwk.com/9w56ee42kdv1/,https://shop.epwk.com/9w56ee42kdv1/chushou/,企业,六品,45分,,,大幅广告,"￥1198
            /件",DM传单设计,"￥798
            /件",海报设计,"￥998
            /件",VI设计,9998,VI设计,7998,VI设计,4998,logo标志设计,"￥998
            /件",logo标志设计,"￥998
            /件",logo标志设计,"￥798
            /件"
【软件UI设计】缩小一张二维码图片,https://task.epwk.com/452732/,5560人,16人,¥300,圆满完成,o580b****426ee,把附件里的大二维码图片缩小成绿色图片右下角那样大小的微型二维码。要求：1生成后微型二维码背景透明            2提交一张像绿色图片一样的测试图片，图片在微信打开长按图片可以扫码识别。             3提交微型二维码原文件即可完成任务。,2016.10.22,2016.11.06,任务编号：452732,￥ 300,18,新月创意,https://shop.epwk.com/qgdmjjm4qdke/,https://shop.epwk.com/qgdmjjm4qdke/chushou/,工作室,六品,40分,,,影视后期及栏目包装,价格面议,宣传片、微电影制作,价格面议,视频动画制作,价格面议,三维模型制作,价格面议,,,,,,,,,,
【网站UI设计】H5页面设计,https://task.epwk.com/452486/,4214人,8人,¥500,圆满完成,o55949eda1c2f8,设计出一张图，这个图片是重点，要求生成html5页面，图片在保证清晰的情况下压缩的尽量小一点，适配机型，和主流的浏览器要求：此图是一个信用卡的广告，页面关键词：手机在线办卡。5万额度。免年费。包邮到手。刷卡赢取IPHO7手机。两步申请，一分钟搞定。批卡快。梦享惠免费停车。浦发银行送您信用卡。关键词语可以不全用，根据图片排版样式所需采用，一定有一个立即申请按钮，这个我们技术会跳转到银行页面。图片：要求有吸引力，用户有欲望去点击立即申请。备注：只需要一张页面即可。,2016.10.21,2017.01.23,任务编号：452486,￥ 500,8,创启网络科技,https://shop.epwk.com/81n4110wonp6/,,,,,,,,,,,,,,,,,,,,,,,,
【软件UI设计】广告语动态GIF设计,https://task.epwk.com/448643/,2883人,8人,¥100,圆满完成,jingbaishui,世界在变  品质不变； 世界在变  我们不变。   两句话做成640*50 动态GIF格式。   两句广告语用于珠宝玉石商城网站页面嵌入。 请结合行业特点设计.,2016.09.29,2016.10.11,任务编号：448643,￥ 100,9,新月创意,https://shop.epwk.com/qgdmjjm4qdke/,https://shop.epwk.com/qgdmjjm4qdke/chushou/,工作室,六品,40分,,,影视后期及栏目包装,价格面议,宣传片、微电影制作,价格面议,视频动画制作,价格面议,三维模型制作,价格面议,,,,,,,,,,
【软件UI设计】图标按钮设计,https://task.epwk.com/448227/,4232人,9人,¥150,圆满完成,jingbaishui,英  雄族  长镇  长酋  长国  王帝  王 6个图标或徽章，每个图上有一个字，例如  英、族、镇、酋、国、帝 ，也可以。,2016.09.27,2016.10.03,任务编号：448227,￥ 150,12,新月创意,https://shop.epwk.com/qgdmjjm4qdke/,https://shop.epwk.com/qgdmjjm4qdke/chushou/,工作室,六品,40分,,,影视后期及栏目包装,价格面议,宣传片、微电影制作,价格面议,视频动画制作,价格面议,三维模型制作,价格面议,,,,,,,,,,
【网站UI设计】网站首页风格修改,https://task.epwk.com/446210/,3346人,10人,¥550,圆满完成,mf171****2070,要求在附件中，请大家仔细看看。,2016.09.14,2016.09.28,任务编号：446210,￥ 550,10,创启网络科技,https://shop.epwk.com/81n4110wonp6/,,,,,,,,,,,,,,,,,,,,,,,,
【小程序开发】装饰公司LOGO和名片设计,https://task.epwk.com/441101/,4107人,12人,¥500,圆满完成,mf181****2172,"爱屋吉屋装饰工程有限公司公司简介：爱屋吉屋装饰工程有限公司是集室内设计、室内装修、环境艺术设计、室内装修的公司。爱屋吉屋装饰以关爱、关心客户为经营理念，以生活美学为基础点，为客户打造专属于自己的室内设计空间，真正让客户感受到设计的力量。宣传语：爱他.更爱你的TA。任务描述：1、LGOG以乌龟为创作原形，进行概念创作，把乌龟进行具像或者意像等，均不受拘束。2、LOGO乌龟要与房子有紧密的联系，设计突出乌龟的特点，辨识度强。3、在风格上面，最好简化，颜色不限，但是要说明为什么选用这种颜色。4、在乌龟造型和构成方面，一定要有美学基础来进行构成设计。5、乌龟的寓意吉祥、吉利、有爱心、稳定等，能突出一点。任务要求：设计公司logo，名片1、LOGO一定要稳重、简洁、大方，识别性强。2、LOGO要求图形+文字形式（文字下也可配英文）3、LOGO颜色要暖色系，要有黑白底稿。4、logo设计突出公司和产品。5、必须是色彩稿，能以不同的比例尺寸清晰显示。6、附上设计的创意说明及设计理念，制作要点（印刷色彩及字体），选用的材质及规格尺寸说明。投稿要求:如中标，设计方必须提供以上要求设计作品完整的方案，包括JPG和提供可后续编辑的PSD、CDR格式电子文档和AI矢量图源文件，应注明标准比例，色值、字体和尺寸，以及字体使用规范及字体源文件以方便进行修改完善，同时提供可直接用于印刷的CMYK颜色模式的合并图层文件。知识产权说明：1、所设计的作品为原创，为第一次发布，未侵犯他人的著作权，如有侵犯他人著作权，由设计者承担所有法律责任;2、中标的设计作品，我方支付设计制作费，即拥有该作品的知识产权，包括著作权,使用权和发布权等,有权对设计作品进行修改,组合和应用;设计者不得再向其他任何地方使用该设计作品。",2016.08.19,2016.09.18,任务编号：441101,￥ 500,17,诚意设计,https://shop.epwk.com/9w56eeel3dv1/,,,,,,,,,,,,,,,,,,,,,,,,
【网站UI设计】建筑类网站主页设计,https://task.epwk.com/430445/,3339人,10人,¥500,圆满完成,北京创宇通,"网页上展示要做的漂亮点，大气点，突破传统网站格局，符合当下主流审美，具体需求，想接的QQ私聊。这种的传统的网站参考：【链接】筑龙结构设计网-建筑结构,钢结构设计资料资http://jg.zhulong.com/【链接】志刚教育网-打造最实战的房建类培训课程http://www.zhigangjiaoyu.com/【链接】土木在线_最专业的土木工程网站(原网易土木http://www.co188.com/",2016.06.27,2016.07.15,任务编号：430445,￥ 500,11,零度网络科技工作室,https://shop.epwk.com/v0n1xxrq457y/,,,,,,,,,,,,,,,,,,,,,,,,
【网站UI设计】教育咨询网站PC首页UI设计,https://task.epwk.com/427277/,3205人,11人,¥500,圆满完成,o575e5b633e724,"设计要求：1、本公司需要长期合作供应商，要求有丰富PC，手机网站设计经验；2、近期需要设计网站、微信等各类公司自媒体；3、本次悬赏一个内容主页，用以确定可以做出我们需要的风格的供应商；4、本公司是做国际化管理培训咨询的专业公司，在相关领域排名第一；有很高的知名度与客户认可度；客户对象是25-35之间的大公司管理层；有三个专业的不同系列课程；有五个左右的主打品牌课程；5、风格要求：大气、简洁、明快、雅，有亲和力；有视觉冲击力，醒目易识别，突出品牌元素；5、能体现特色，LOGO已有。6、附上创意说明和参考网站。知识产权说明：1、所设计的作品为原创，为第一次发布，未侵犯他人的著作权，如有侵犯他人著作权，由设计者承担所有法律责任;2、中标的设计作品，我方支付设计制作费，即拥有该作品的知识产权，包括著作权,使用权和发布权等,有权对设计作品进行修改,组合和应用;设计者不得再向其他任何地方使用该设计作品;附件为初略原型图，大致标明需要显示的内容，具体格式与设计可自由发挥。",2016.06.13,2016.06.28,任务编号：427277,￥ 500,12,嘀嗒嗖UI视觉LOGO吉祥物IP,https://shop.epwk.com/m7d7wg04r5q8/,https://shop.epwk.com/m7d7wg04r5q8/chushou/,工作室,四品,38分,,,ui设计 / app / H5 / 网页设计,"￥1000
            /起",IP设计/卡通形象/吉祥物设计,"￥800
            /件",LOGO设计/商标设计/icon/图形图标,"￥500
            /起",,,,,,,,,,,,
【网站UI设计】网络广告公司首页纯设计（提供草图）,https://task.epwk.com/423315/,3352人,10人,¥500,圆满完成,mf138****1821,网络广告公司首页纯设计（提供草图）不用切图，只需要设计一个单页，提供草图，要求：1、一个单页+3个banner设计（不含切图）2、网站布局版面   效果参考 www.tfkx.com 样式3、采纳后，需要提供完整PSD源文件。草图要求见附件,2016.05.24,2016.06.11,任务编号：423315,￥ 500,10,上海朔际网络科技有限公司,https://shop.epwk.com/v0n1xxrl257y/,https://shop.epwk.com/v0n1xxrl257y/chushou/,企业,六品,68分,,,,,,,,,,,,,,,,,,,,
【软件UI设计】设计百度外卖的显示图片,https://task.epwk.com/422902/,4028人,8人,¥150,圆满完成,o573fda0f16150,我这是一家餐厅，现在要用一张我们的菜品图+LOGO店名 设计一个放在百度外卖上面的图片，就是通过进入百度外卖点餐时左侧显示的店铺logo图那种。我提供菜品图和logo图ai文件，需要把菜品图切出来搭配一个背景，还要把logo和店名放在上面，要看着很有格调的，最后要做成尺寸长800 宽500的图片 和一张ai格式的图,2016.05.21,2016.06.03,任务编号：422902,￥ 150,10,玩艺设计工作室,https://shop.epwk.com/09drjooge53w/,,,,,,,,,,,,,,,,,,,,,,,,
【软件UI设计】设计一枚徽章,https://task.epwk.com/422005/,4864人,19人,¥500,圆满完成,woojay,需要设计一枚徽章，已知外形求完善细化。1、外事接待胸针，别在西装门襟处。2、用于制作镀金徽章用。色彩金黄色。3、外形框架是一幅地图，不能脱离这一外形。4、内部的线条，花纹，适当使用镂空工艺，可以任意发挥。细节上要求艺术化。5、如能体现江南风格最好。比如绿叶，中式花纹等等。6、内部框架最好能体现8+3，意思是八个单位，三个直属部门。比如，八片叶子，八个圆孔等等。7、外形框架附图。最宽处不超过2cm。,2016.05.17,2016.07.24,任务编号：422005,￥ 500,19,点点术士,https://shop.epwk.com/rp5z4qzowdx3/,https://shop.epwk.com/rp5z4qzowdx3/chushou/,个人,三品,59分,总 88 次中标，交易总金额,￥6.37万,,,,,,,,,,,,,,,,,,
【企业官网】易联众健康通APP推广口号征集任务四（场景四医院自助服务区）,https://task.epwk.com/418435/,6619人,41人,"¥1,500",圆满完成,epwkdxm,"为更有效直观宣传易联众健康通产品以及企业形象，健康通APP在一品威客网平台面向广大威客征集产品宣传语。一、征集要求：    1、提炼企业文化精华、突出主题，突出产品，让人清晰了解产品特点；    2、本口号主要运用在各大医院的自助服务区。应充分考虑应用场景，结合健康通对应功能特点进行创作，建议每个任务附上50字以上的创意说明，威客可以同时参与6个口号任务(每个场景为一个任务）和LOGO设计任务，任务总金额11000元。    3、倡导健康时尚生活方式；    4、字数要求：8-10个字以内；    5、征集时间：4月27日-5月13日；    6、提示：建议下载健康通app或到福州的省立医院，协和医院，人民医院，口腔医院，康复医院现场了解产品特点  （二维码等材料见附件）                      二、公司介绍    公司介绍：易联众信息技术股份有限公司是一家专业的、领先的民生行业信息化建设和运营服务的软件企业。作为国内民生信息第一股，成功于2010年7月28日在深交所挂牌上市（股票代码300096），注册资本43，000万元。    公司成立十多年来，始终围绕社会保障、医疗卫生、劳动就业、教育培训等重要民生领域开展信息化建设，让社会公众通过互联互通的网络，享受易用、好用、实用的信息服务。    公司首创民生云，首次将大型主机和云计算技术应用于国内的民生信息化领域，致力于成为“中国最专业的民生行业应用解决方案提供商和领先的民生信息服务运营商”。三、产品介绍    “健康通”是一个基于社会保障卡(居民健康卡)实名认证, 可实现跨医院移动就医支付和服务的应用，能让患者无需到医院窗口排队就能支付医疗费用，年轻人也可以在手机上远程帮助家人支付。    目前，“健康通”应用已在福建的省立医院、协和医院、人民医院、口腔医院、康复医院等联网通用，得到政府主管部门、合作医院及就医群众的高度好评。此外，“健康通”应用还提供医院检查报告单查询、预约挂号、个人医保信息查询等多个便民功能。四、知识产权说明    1、参与作品应为原创，并为第一次发布。未做过知识产权登记或注册，未侵犯他人著作权或知识产权；如有侵犯他人著作权或知识产权，由作品作者承担所有法律责任，并取消奖励。    2、参与作品在征集期间，所有应征作品请投稿人自留底稿，不予退稿。      3、获奖作品，征集方完全拥有该作品无限期的知识产权，包括著作权、使用权和发布权等，并有权对作品进行修改、组合和应用。    4、如采纳作品中含有产品设计的手绘稿/电子稿，获奖者需提供作品完整方案，包括各种矢量图形源文件和所用到的字体及软件，以方便进行修改完善和印刷。    5、最终采纳的作品作者有义务根据征集方要求进行作品的完善与修改，直至最终定稿。    6、若遇作品创意相同情况，以提交时间先后评判，以先提交作品为准。    7、本次征集活动最终解释权征集方所有，参加活动者视为同意以上声明。",2016.04.27,2016.05.30,任务编号：418435,￥ 1500,54,清风徐来工作室,https://shop.epwk.com/09drjjle353w/,https://shop.epwk.com/09drjjle353w/chushou/,工作室,七品,40分,,,广告语  起名,价格面议,专业图案设计,价格面议,营销策划,价格面议,商业文案,价格面议,商标设计,"￥500
            /件",,,,,,,,
【软件UI设计】微信订阅号图标设计,https://task.epwk.com/417482/,7389人,51人,¥500,圆满完成,拾信拾信,微信订阅号图标设计“尚果派” 字就是这几个字（见附件），字体希望是连着的，字可以用三个颜色，渐变效果不知道怎么样，背景不知道怎样的好，准备卖水果的，最好是要搭配靠边一点的 。,2016.04.22,2016.05.02,任务编号：417482,￥ 500,59,千景品牌设计,https://shop.epwk.com/qgdmjmoqydke/,https://shop.epwk.com/qgdmjmoqydke/chushou/,企业,四品,45分,,,100%原创   LOGO设计     不满意100%全额退款,￥400,【资深设计师】包装设计 食品包装袋纸箱瓶贴礼盒标签产品茶叶化妆品外包装彩盒设计制作,￥500,VI设计  企业 办公 餐饮 服装 媒体VI设计系统（全套）,价格面议,简约商端 画册设计 企业形象画册  产品目录 年报  折页,￥80,海报设计 宣传单平面海报设计DM折页画册X展架易拉宝喷绘淘宝广告图片美工,￥199,【总监设计】包装设计/食品化妆品/饮料彩盒/袋设计瓶贴纸/外盒设计/平面设计,￥1000,精美名片设计    2-3套原稿任选     不满意100%全额退款,￥100,X展架设计    易拉宝制作设计X展架海报设计展板设计海报画面   100%包满意,￥200,总监执笔   手绘LOGO设计      不满意100%全额退款   5套方案任选,￥800
【网站UI设计】网站HOME页图片设计,https://task.epwk.com/413478/,2953人,11人,¥200,圆满完成,方枪枪1986,网址 WWW.AGROJONOVA.COM网站HOME页大图设计（1张）产品宣传，让客人看到网站首页会联想到我们生产该类产品，并且主推该产品。主要对象为欧美客户，要求大方、美感SNOW IMPLEMENTS（大类）包含三个小类：SNOW BLADE；SNOW BLOWER；SNOW SWEEPER,2016.04.01,2016.08.19,任务编号：413478,￥ 200,11,skymifan,https://task.epwk.com/javascript:;,,,,,,,,,,,,,,,,,,,,,,,,
【网站UI设计】网站首页设计,https://task.epwk.com/407418/,3217人,28人,"¥1,000",圆满完成,mf186****7918,网站首页设计看稿，满意采纳后另额外支付3000元需求：网页美工设计，按照附件首页内容进行重新美工设计。项目说明：国际运动主题乐园，针对客群为外国人，海归，先锋时尚的年轻人，设计内容：首页页面设计，排版，各种icon图标，字体，色彩搭配设计要求：国际范十足，丰富的互联网色彩，风格要有活力，趣味和亲和力，有创新，有质感。看稿可以以任何形式，手绘，抽象，模块化，只要能大概表现出设计思路，风格，布局及颜色搭配即可。网页采纳后还会有网站所需各类图片设计等费用，费用另协商。,2016.03.02,2016.04.07,任务编号：407418,￥ 1000,32,厦门起梦网络科技有限公司,https://shop.epwk.com/4rn8q1mw6ngm/,https://shop.epwk.com/4rn8q1mw6ngm/chushou/,企业,四品,40分,,,程序开发,"￥6000
            /件",网站开发,"￥4000
            /件",UI设计,"￥4000
            /件",VI设计,"￥1000
            /件",专业承包各项技术类外包,"￥3000
            /月",,,,,,,,
,,,,,,,,,,,,,,,,,,,,,,,,,,,,,,,,,,,,,,
【企业官网】网站首页图片制作,https://task.epwk.com/401605/,7694人,5人,¥500,圆满完成,FatalError,1、版面内容含12类，具体内容详见附件；2、最早提供首页预览，并经由我部审核通过的给予500元奖励。入围者作品被挑选中后，有相关建站能力的开展深度研发，具体细聊；3、参考网站附件中提交；4、提交我部审核的高清图片分辨率为1024×768、1600×1200、1920×1200，三种，网站预览可以接受仅有首页的内容，但后期必须可扩建、可延伸、可编辑；5、图片可使用PS，或任何你顺手的软件，只求快速、高效的得到一张合适的首页预览图片；5、网站细节要求正式合同签订后提交，本次中标人员也可不止一人。如果我们对你的作品感兴趣，可单独为你另行发布任务，由你中标。支付本次奖金。后期合作可在本网站上另行发布，由你接单。也可传真合同，签订后选择其他付款方式。同时欢迎有责任心的个人和实力较强的公司，本次工作完成将与你（司）展开深度合作，建立多个网站。,2016.01.14,2016.01.28,任务编号：401605,￥ 500,5,思启1190,https://task.epwk.com/javascript:;,,,,,,,,,,,,,,,,,,,,,,,,
【网站UI设计】医学服务网站首页图片设计,https://task.epwk.com/400454/,3952人,11人,¥500,圆满完成,niuren,真牛人网站www.zhenniuren.com首页4张图片需要重新设计。真牛人网是为广大生命科技工作者提供科技服务的信息交流平台和第三方交易平台，将汇集国内外在科研、学术方面优秀的“牛人”，为用户提供质优价廉的科技服务。要求如下：1.设计的图片要切合网站的宗旨，和网站的风格融合，美观，符合审美要求，色彩柔和，一组图片的转换自然不突兀。2.不得抄袭、复制别人的作品或简单修改，否则由设计师承担侵权法律责任，入稿需要提供PS原文件。3.图片大小1680*435，原图片上的文字一同加入新设计的图片内。,2016.01.07,2016.01.20,任务编号：400454,￥ 500,13,凡想创意 / fine.create_专注于互联网品牌设计,https://shop.epwk.com/mod047zz45yv/,https://shop.epwk.com/mod047zz45yv/chushou/,工作室,七品,40分,,,互联网品牌logo设计,价格面议,高端UI设计,价格面议,电商网站设计开发/店铺装修,价格面议,高端企业网站整站设计,￥20000,电商店铺页面高端装修设计,￥4000,VI应用设计,￥1000,,,,,,
【网站UI设计】某股份公司官方网站首页设计(不用转代码),https://task.epwk.com/397970/,3348人,6人,¥400,圆满完成,lynnxyer,任务说明：1. 仅设计网站首页，不需转任何代码。2. 提供两个版本，一个版本按结构草图（见附件）设计，一个版本自由设计。3. 我方提供公司LOGO、OAO概念LOGO（草图中有标注），这两个不要变，请直接使用。4. 后续有网站其他页面UI设计工作及其他相关工作，另行发任务或私议。5. 设计前请认真研读附件中的公司简介， 重点理解OAO的含义及公司业务！6. 请特别认真对待第5点说明！特别认真！特别认真！特别认真！  重要事情要说三遍。,2015.12.22,2016.01.10,任务编号：397970,￥ 400,6,惊喜设计,https://shop.epwk.com/78dljjl6p5lx/,,,,,,,,,,,,,,,,,,,,,,,,
【网站UI设计】网站BANNER设计,https://task.epwk.com/393989/,3799人,4人,¥200,圆满完成,donnapao,我司有网站需要设计大幅BANNER，共4个，要求请见附件。我司网站尚未上线，所以设计师看不到网站风格。我司网站为国际商务网站，类似于中国制造网。,2015.11.27,2015.12.12,任务编号：393989,￥ 200,4,竹叶常青设计工作室,https://shop.epwk.com/omdwk09q1drp/,,,,,,,,,,,,,,,,,,,,,,,,
【网站UI设计】首页改版设计,https://task.epwk.com/388106/,5660人,32人,¥800,圆满完成,mf186****5526,要求见附件，中标的设计师有机会做后期的页面设计联系QQ/微信：80652343,2015.10.28,2015.11.07,任务编号：388106,￥ 800,35,warran的店铺,https://shop.epwk.com/m7d7wx4vr5q8/,https://shop.epwk.com/m7d7wx4vr5q8/chushou/,个人,三品,67分,,,,,,,,,,,,,,,,,,,,
【前端开发】网址导航的网站页面效果图设计----【服务商试稿雇佣】,https://task.epwk.com/385531/,5056人,8人,¥100,圆满完成,hjy25****8,原来的任务需求地址： http://www.epweike.com/index.php?do=task&task_id=385404项目包含：首页、网址列表页、网址详情页、网址收录申请 、短址生成首页、短址跳转页、排行榜用户模块：登录注册、找回密码、编辑资料、提现、上传头像 、管理我的短址、添加短址、申请网址收录等试稿说明：为了表示诚意，为了防止浪费时间、直接雇佣服务商做出来的设计不是我想要的那种，最后改来改去大家也不高兴，浪费时间浪费双方精力（相信大家也经常遇到过），本人也不喜欢绕来绕去。以上页面参与试稿的服务商可以从“项目包含”中选择任意一个认为您觉得能反映出整体设计风格的，设计出稿件【可以是一个页面，可以一个页面中的一部分，或者一个头部（如果您觉得可以的话）】。请在交稿时，请带上之前商量好的价格。格式：有HTML5前端的：稿件+带上纯设计价格没有HTML5前端的：稿件+带上纯设计价格稿件+设计+按设计制作HTML5的价格注意：1、本次任务中标后雇佣，项目时间宽裕，纯设计7~15天;   设计+HTML5前端 ：15~30天周期，长期合作。2、本次任务无需提供PSD源文件、可截图等但要求图片清晰3、本次任务佣金算入整个项目雇佣金额。网站名称：短一点网站首页：www.dyd.cm   （页面简洁、风格清新、扁平化设计）,2015.10.16,2015.11.04,任务编号：385531,￥ 100,9,创龙轩设计,https://shop.epwk.com/7g5ykomqzn0q/,,,,,,,,,,,,,,,,,,,,,,,,
【网站UI设计】页面重新设计排版（手机端使用）,https://task.epwk.com/385207/,2637人,4人,¥350,圆满完成,精诚飞越,"已有单网页美工设计和页面排版，用在手机端，页面的链接如下 http://www.tongjiangpolice.com/111/index.php?m=content&c=index&a=show&catid=23&id=128需求：把网页中的图片（主题）重新设计，只要设计。风格：就是看着跟整体很符合就好，颜色：浅蓝色。注意：设计好的不要加js,我要用在公众号的群发中。CSS也要写在行内，不附带其他文件，图片正常使用。",2015.10.15,2015.10.22,任务编号：385207,￥ 350,5,骏科网络,https://shop.epwk.com/mod047opr5yv/,https://shop.epwk.com/mod047opr5yv/chushou/,企业,四品,40分,,,程序功能开发,价格面议,网站推广、网站SEO优化--骏科网络,价格面议,高端网站开发-骏科网络,价格面议,移动手机/微信网站建设-骏科网络,价格面议,,,,,,,,,,
【APP界面设计】翔图app界面美工设计征集,https://task.epwk.com/384123/,6225人,10人,¥800,圆满完成,龚先生6691,一、作用：“掌阅翔图”翔安区移动图书馆将图书馆服务与信息技术应用完美结合，打造了一个综合服务平台。可自主通过手机助手下载“掌阅翔图”进行查看二、设计要求1、  可先设计主页与分页“我的图书馆”进行设计（可参考附件1，2）：主页需要有信息提示，8个功能菜单以及翔图馆藏查询框2、  界面风格：书香气息带有科技感，色调协调，可参考平安人寿app的主页3、  可参考近期翔图微信活动中的海报，背景墙照片之类的作为设计参考。微信公众号可扫描附件三当中的二维码,2015.10.10,2015.11.01,任务编号：384123,￥ 800,10,松子设计工作室,https://shop.epwk.com/rp5z418y0dx3/,https://shop.epwk.com/rp5z418y0dx3/chushou/,工作室,八品,40分,,,手机端移动应用设计,价格面议,网页设计,价格面议,banner设计,价格面议,名片设计,"￥200
            /件",广告-易拉宝设计,价格面议,,,,,,,,
【网站UI设计】为这个触摸屏软件重新设计一个界面,https://task.epwk.com/383657/,2824人,5人,¥100,圆满完成,罗宾,1、现有一个触摸屏界面，已经设计好了一个界面，但效果不甚满意，希望重新设计一个更潮更好看的界面。2、界面分为LOGO区、图片滚动展示区、图片选单区、功能选单区四个部分。3、图片展示区位置和大小随意自由搭配4、附件中有两张我们现有的JPG设计图，设计出图只要JPG就可以了。,2015.10.08,2015.11.02,任务编号：383657,￥ 100,7,迷仙儿设计,https://shop.epwk.com/m7d7w82ev5q8/,,,,,,,,,,,,,,,,,,,,,,,,
【APP界面设计】简单系统页面设计,https://task.epwk.com/379654/,6908人,5人,¥600,圆满完成,mf137****2040,按附件所示进行页面设计,2015.09.15,2015.10.09,任务编号：379654,￥ 600,7,柠檬设计工作室,https://shop.epwk.com/v0n1xgwzl57y/,,,,,,,,,,,,,,,,,,,,,,,,
【网站UI设计】寻找图片，简单快捷,https://task.epwk.com/374970/,6320人,12人,¥100,圆满完成,adiy289914,寻找图片，简单快捷 先找到先得  佣金高此任务非常简单，只需要提供以下图片的大的原始模特图片。图片尺寸必须在宽950像素   高600像素以上的原始模特图，PS过的图无效，原始图片上是没有任何后期加上的文字。需要找的图片上传在附件中，各位可自行下载，先提供者符合要求者先得佣金,2015.08.24,2015.11.08,任务编号：374970,￥ 100,12,伯益设计工作室,https://shop.epwk.com/zqdpl9e0pn1v/,,,,,,,,,,,,,,,,,,,,,,,,
【网站UI设计】网站首页改版设计,https://task.epwk.com/362204/,5874人,13人,¥500,圆满完成,mf136****1114,幼教企业，网站改版，原网站www.yoyolong.com，变成功能型网站，颜色不变。导航上面为：logo、宣传语、卡通形象，二维码、会员登录按钮。导航为：首页、幼生小资讯、升学宝典、科学早教、产品体验、优粉会、品牌故事、商城。下面以此为bannner、三组文章列表（可不同形式），优粉会（调查问卷）、科学早教、产品体验（视频）、产品列表。底部导航。要求：精致、有视觉穿透力。,2015.06.25,2015.07.26,任务编号：362204,￥ 500,15,竹叶常青设计工作室,https://shop.epwk.com/omdwk09q1drp/,,,,,,,,,,,,,,,,,,,,,,,,
【网站UI设计】页面配色设计,https://task.epwk.com/357679/,3863人,8人,¥300,圆满完成,o5555cea16a81d,附件是我们现有网页截图，客户反映整个网页的配色太淡，看的不舒服，看一下如何在不改变框架的前提下进行优化调整。,2015.06.04,2015.06.15,任务编号：357679,￥ 300,8,竹叶常青设计工作室,https://shop.epwk.com/omdwk09q1drp/,,,,,,,,,,,,,,,,,,,,,,,,
【网站UI设计】系统登录页面设计,https://task.epwk.com/357674/,4114人,5人,¥300,圆满完成,o5555cea16a81d,登录页面要放的内容：1、系统名称；2、登录框（用户名、密码、登录按钮、重置按钮），用户名或密码输错时，提示信息的显示方式；附件是我们系统的主体色调。,2015.06.04,2015.06.13,任务编号：357674,￥ 300,6,锐诚工作室,https://shop.epwk.com/p05qjo27rdev/,,,,,,,,,,,,,,,,,,,,,,,,
【软件UI设计】按确定好的设计方案制作标志,https://task.epwk.com/347411/,5150人,11人,¥300,圆满完成,mf137****6956,按确定好的设计方案制作标志，简简单单赚佣金！！！！要求，按上传的图制作一对翅膀，中间由握手图案连接，翅膀和握手图案颜色相同都为白金色，握手必须显有力量感，图像格式，AI或PS（50CM*50CM）,2015.04.21,2015.05.08,任务编号：347411,￥ 300,12,缪斯美创,https://shop.epwk.com/4rn8q1wrgngm/,,,,,,,,,,,,,,,,,,,,,,,,
【网站UI设计】物流网站页面设计,https://task.epwk.com/343875/,3612人,6人,¥500,圆满完成,w3liu,一个pc网站(首页和内容页)一个微官网（首页和内容页）栏目如下：公司介绍、新闻中心、服务项目、运输线路、形象展示、单号查询、我要发货、评价投诉、加盟我司总共四个页面,2015.04.06,2015.04.18,任务编号：343875,￥ 500,6,济南正瀚网络科技有限公司,https://shop.epwk.com/89dvgor7wdl2/,https://shop.epwk.com/89dvgor7wdl2/chushou/,企业,五品,40分,,,微信平台开发,价格面议,宣传展示型网站,"￥600
            /年",网站优化:关键词按天扣费,"￥5800
            /年",,,,,,,,,,,,
【软件UI设计】采集软件APP开启图标设计,https://task.epwk.com/339995/,4136人,3人,¥300,圆满完成,mf137****8266,我公司的采集软件是GPS测量软件，目前只差主界面的开启按钮。,2015.03.23,2015.04.10,任务编号：339995,￥ 300,4,A新萝卜-最实惠,https://shop.epwk.com/0jnekxv6xnv3/,,,,,,,,,,,,,,,,,,,,,,,,
【APP界面设计】美化APP页面,https://task.epwk.com/337555/,4447人,10人,¥300,圆满完成,Jerry贾利,一个选择推荐页面美化、一张loading图美化要求美化推荐选择页面。题头颜色和大小不变，下方两个大按键需要美化。可以调整颜色、形状大小、字体、字号、布局。美化Loading图，适当放大一点图标，在名字下边加一行字：更好，更合适。背景加纯色渐变，色调取和图标相近的颜色。（附件有图标）去掉下方文字。要求就是好看。需要做出PSD文件。,2015.03.14,2015.03.27,任务编号：337555,￥ 300,11,薇光软件视觉,https://shop.epwk.com/89dvgoxy4dl2/,,,,,,,,,,,,,,,,,,,,,,,,
【APP界面设计】邮箱聊软件界面UI设计要求,https://task.epwk.com/335049/,5469人,6人,¥360,圆满完成,BCIzhongguo,邮箱聊软件界面UI设计要求 1、   Android版邮箱聊APP，可以在360手机助手、百度手机助手搜索“邮箱聊”进行安装后，查看我司的APP现有的软件界面2、   软件界面设计时，需考虑软件开发人员能不能把设计的软件平面实现3、   下图是App软件主界面，此界面的颜色建议用邮箱聊图标的背景色（rgb #72AAD6）   4、可先对下图邮箱聊软件主界面要进行设计和调色，我司确定好主界面的设计风格后，再进行软件其它界面的设计工作 5、软件界面平面设计，包含软件所有界面设计和所有软件界面内的图标设计（请看附件一）6、对软件界面进行平面设计和配色，总体要求：风格要简洁，轻松，人性化7、APP界面参考 这个界面发给你参考设计，看下细节方面能否做得更好看一点？界面底部的图标栏看一下能否以我们那种蓝色为背景，被选中的图标换一种颜色。中间的布局主要是字体大小和间隔问题，要人性化，看上去层次分明，注意力焦点合适备注：上图的参考界面框架不变 邮箱聊图标设计 1、如果有好的创意，也可发给我们  附件一     备注：总预算3K左右,2015.03.03,2015.05.18,任务编号：335049,￥ 360,9,RyunD,https://task.epwk.com/javascript:;,,,,,,,,,,,,,,,,,,,,,,,,
【网站UI设计】自动化公司官网banner图的制作,https://task.epwk.com/335295/,5592人,8人,¥600,圆满完成,yancunshan,上海元功机械公司 官网banner图优化制作工作。要求：1，banner图大气，大方。符合公司产品属性。风格庄重，大方，简洁。2，banner图 有贵司产品照片，照片适当优化修改，优化，PS掉背景3，公司网站是：www.i-wingo.com  把公司里面的banner不理想。征集的banner图替换掉网站里面的banner图。,2015.03.04,2015.04.16,任务编号：335295,￥ 600,10,渲染精彩,https://shop.epwk.com/78dljop6l5lx/,https://shop.epwk.com/78dljop6l5lx/chushou/,工作室,二品,55分,,,创意产品,"￥500
            /件",创意产品,"￥300
            /件",创意产品,"￥1000
            /件",效果图,"￥500
            /次",效果图,"￥500
            /次",效果图,"￥500
            /次",效果图,"￥500
            /次",效果图,"￥500
            /次",效果图,"￥500
            /次"
【网站UI设计】设计一个好的频道页面,https://task.epwk.com/333896/,2281人,1人,¥400,圆满完成,cqfuge,"设计团队或者个人 我的网站biaogong.com 是一个建筑类型网站,由于工程类别比较多，所以需要设计一个比较好看的频道页面。让网站更加生动。我的要求如下：由于我的站点是帝国CMS内核系统，加之网站频道页面没有。所以请人设计一个比较好看的页面。 我曾经看过很多网站的频道页 不是导航条不好看就是内容里面的东西不好看。我看中了一家网站zm.zhulong.com虽说是跟我网站是同类但是我觉得他的导航条设计的很有创意，这个频道页面很有创意。具体要求:  1、联系本人QQ 一零七 二二 三四八  。 我不在乎时间长，只要有创意 必须是div+css+js+ps制作。 2、给我一套设计方案，注意配合我目前的网站风格，但是频道页面比如jz.biaogong.com的头部可以另外设计  只是尺寸宽度方面及色调方面。 3、确认后觉得可以在选择中标。然后设计。 4、设计好后看后在根据已设计的更改。5、每个块可以自己设计，因为后期我每个分类的频道页面都会建立一个，所以不用要帝国所谓的子栏目导航之类的。我自己以后添加6、另外 所有建立的CSS文件的元素 必须以bg开头，因为我怕和我目前的CSS和js等发生冲突！",2015.02.24,2015.03.06,任务编号：333896,￥ 400,1,良葱网络科技有限公司,https://shop.epwk.com/81n41y49ynp6/,https://shop.epwk.com/81n41y49ynp6/chushou/,工作室,九品,40分,,,公众号，小程序开发,"￥200
            /起",网站开发设计服务,价格面议,"python,django,flask等网站应用开发服务。",价格面议,数据爬虫,"￥20
            /次",,,,,,,,,,
【网站UI设计】公司网页效果图,https://task.epwk.com/326126/,5060人,7人,¥360,圆满完成,博华电力,"要求：网站首页及内页效果图排版应符合2015网站设计流行趋势，1、 网站首页及内页效果图排版大气、具有让人眼前一亮的封面效果，恳请各位发挥创意，设计出吸引人眼球的作品！2、 附上创意说明。 设计者可使用自己的图库。 3、 中标者须提供矢量文件，请设计者提供高清预览图供客户评选。 知识产权说明 1、所设计的作品为原创，为第一次发布，未侵犯他人的著作权，如有侵犯他人著作权，由设计者承担所有法律责任； 2、中标的设计作品，我方支付设计制作费，即拥有该作品的知识产权，包括著作权,使用权和发布权等,有权对设计作品进行修改,组合和应用;设计者不得再向其他任何地方使用该设计作品;温馨提醒：任务征集期间，交易双方交流可通过一品威客站内信、任务交流区联系雇主！ 网站资料可参考现有www.sybohua.net",2015.01.06,2015.02.16,任务编号：326126,￥ 360,8,正壹（山东）网络设计,https://shop.epwk.com/3gd2mgk9gner/,https://shop.epwk.com/3gd2mgk9gner/chushou/,工作室,五品,30分,,,APP设计/整套/单页,1000,网站页面设计,1000,HTML页面制作,"￥350
            /件",名片设计,"￥300
            /件",,,,,,,,,,
【APP界面设计】房产APP UI首页界面美化工作寻长期合作,https://task.epwk.com/326198/,6623人,9人,"¥1,000",圆满完成,jeffer,"1.我们正在开发的房产APP应用,页面风格需要重新设计！2.这里有首页和发布出租房2个比较有代表的页面。3.有意向的竞标者，可先将这2个页面重新设计风格和布局后，以设计效果来进行竞标，设计要求简洁，美观，时尚。4.中标后可以长期合作，把余下的页面和网站设计全部完成。",2015.01.06,2015.02.23,任务编号：326198,￥ 1000,13,深圳隽品设计策划有限公司,https://shop.epwk.com/p05qjv39rdev/,,,,,,,,,,,,,,,,,,,,,,,,
【网站UI设计】女裤详情页设计1,https://task.epwk.com/323239/,4428人,8人,¥200,圆满完成,Mr137****9868,女裤详情页，有意者电话. http://item.taobao.com/item.htm?spm=686.1000925.0.0.LRzkJY&id=41208488216,2014.12.20,2015.01.08,任务编号：323239,￥ 200,9,赳赳软件有限公司,https://shop.epwk.com/78n96vgwonkv/,https://shop.epwk.com/78n96vgwonkv/chushou/,企业,三品,40分,,,LOGO设计,"￥1500
            /月",网店装修,"￥8000
            /月",UI设计,"￥10000
            /年",综合性网站开发,"￥15000
            /月",,,,,,,,,,
【网站UI设计】女裤详情页设计4,https://task.epwk.com/323240/,4429人,5人,¥200,圆满完成,Mr137****9868,女裤详情页有意者电话.http://item.taobao.com/item.htm?id=41359649992,2014.12.20,2015.01.08,任务编号：323240,￥ 200,6,赳赳软件有限公司,https://shop.epwk.com/78n96vgwonkv/,https://shop.epwk.com/78n96vgwonkv/chushou/,企业,三品,40分,,,LOGO设计,"￥1500
            /月",网店装修,"￥8000
            /月",UI设计,"￥10000
            /年",综合性网站开发,"￥15000
            /月",,,,,,,,,,
【网站UI设计】女裤详情页设计3,https://task.epwk.com/323242/,3495人,4人,¥200,圆满完成,Mr137****9868,女裤详情页有意者电话:http://item.taobao.com/item.htm?id=41760001942,2014.12.20,2015.01.08,任务编号：323242,￥ 200,5,晟夕设计,https://shop.epwk.com/0jnekxkz9nv3/,,,,,,,,,,,,,,,,,,,,,,,,
【网站UI设计】女裤详情页设计2,https://task.epwk.com/323243/,3852人,5人,¥200,圆满完成,Mr137****9868,女裤详情页有意者电话联系 http://item.taobao.com/item.htm?id=41229766269,2014.12.20,2015.01.08,任务编号：323243,￥ 200,6,艺中人传媒,https://shop.epwk.com/qgdmjqy3ydke/,https://shop.epwk.com/qgdmjqy3ydke/chushou/,工作室,七品,38分,,,字体设计、淘宝美工、海报设计、专业摄影、图片制作、LOGO设计,价格面议,字体设计、淘宝美工、海报设计、专业摄影、图片制作、LOGO设计,价格面议,字体设计、淘宝美工、海报设计、专业摄影、图片制作、LOGO设计,"￥40
            /件",字体设计、淘宝美工、海报设计、专业摄影、图片制作、LOGO设计,"￥200
            /件",LOGO设计企业公司商标设计 图形平面设计 标志店铺装修 淘宝美工,价格面议,,,,,,,,
【软件UI设计】制作一个app图标，ICON图,https://task.epwk.com/322651/,5917人,8人,¥110,圆满完成,qiguzh,1、附件是旧的废弃模糊图标.仅供参考。新的高清图标请制作好发给我psd格式的原始文件。2、交稿的威客朋友，请上传一个512*512尺寸PNG即可。要求图标是可以被公开使用的内容，不存在版权纠纷。3、该app游戏是个通过摄像头和地图来操作解锁获取碎片水晶，然后通过碎片水晶来解锁查看美女和帅哥的小游戏。4、图标上希望可以显示有“碎片恋人”字样，或者“碎片lover”字样等内容。5、是否显示碎片水晶图示、或者某些性感诱惑而又不过分的其他等元素。没有要求和限制，接活的朋友您随便发挥。6、整体不需要考虑啥复杂设计，只要图标清晰可用即可。,2014.12.17,2015.01.02,任务编号：322651,￥ 110,11,G.D.s,https://shop.epwk.com/z2nkzorm4nqy/,https://shop.epwk.com/z2nkzorm4nqy/chushou/,个人,九品,39分,,,,,,,,,,,,,,,,,,,,
【APP界面设计】微信界面设计,https://task.epwk.com/322551/,4779人,3人,¥400,圆满完成,将军与士兵,需要设计两个页面。页面结构已经画好，参见附件的界面设计一和二。可以参考附件中的参考样式1和2。必须符合手机操控，一个页面浏览完毕。一旦有满意的作品，立刻中标。,2014.12.17,2014.12.31,任务编号：322551,￥ 400,4,新媒体工作室,https://shop.epwk.com/9w56eg0w3dv1/,https://shop.epwk.com/9w56eg0w3dv1/chushou/,工作室,四品,29分,,,,,,,,,,,,,,,,,,,,
【软件UI设计】Ｘ展架图形设计,https://task.epwk.com/315924/,4342人,7人,¥150,圆满完成,lgd073,制作意图：让人扫描观注微信公众号送一些小礼品公众号名称：金钥匙财富金钥匙设计寓意：财富大门，金钥匙为您开启公众号宗旨：传播理财知识，提升国民的财富意识和财富水平。以培养财富自由人士为目标，以让财富永续传承为追求。为中国的贵族提供土壤和营养。公众号档目：理财专区　投资专区　健康教子,2014.11.12,2015.03.07,任务编号：315924,￥ 150,9,竹叶常青设计工作室,https://shop.epwk.com/omdwk09q1drp/,,,,,,,,,,,,,,,,,,,,,,,,
,,,,,,,,,,,,,,,,,,,,,,,,,,,,,,,,,,,,,,
【软件UI设计】制作安卓手机应用图标,https://task.epwk.com/315352/,5439人,5人,¥300,圆满完成,mf187****8282,1.所属灯具行业 2.简约，大方 3.宝之蓝照明,2014.11.09,2014.11.25,任务编号：315352,￥ 300,6,柒彩明扬,https://shop.epwk.com/81n41wp80np6/,https://shop.epwk.com/81n41wp80np6/chushou/,工作室,四品,35分,,,标识设计,"￥500
            /次",包装设计,"￥1500
            /次",画册设计,价格面议,字体设计,"￥300
            /次",单页设计,"￥300
            /次",海报设计,"￥300
            /次",,,,,,
