标题,标题链接,查看数,参与数,需求价格,状态,需求方,需求文本,发布时间,完成时间,任务编号,交易价格,参与交稿,设计师,字段8_link,赏金总额1,字段9_link,设计师类型,设计师等级,设计师信用,交易总次数,交易总金额,字段1,字段2,字段3,字段4,字段5,字段7,字段8,字段9,字段10,字段11,字段12,字段13,字段14,字段15,字段16,字段17,字段18,字段19
【电话调查】车辆产品信息调查（车门锁与充电口盖的锁能联动的电动汽车）,https://task.epwk.com/1084550/,590人,4人,¥500,圆满完成,威享9Njv9,"＜委托内容＞　请收集具有以下＜技术说明＞一栏中所述技术的车辆产品信息（或服务信息）。 ＜技術说明＞该技术用于使电动汽车的车门锁与充电口的盖子的锁进行联动。电动汽车设有给电动汽车电池充电的充电口。用户可以通过将充电桩的充电连接器连接到充电口来为电池充电。充电口设有盖子。电动汽车存在的一个问题是，别人可以随意打开充电口的盖子。为了解决这个问题，这项技术的电动汽车将车门的锁与充电口盖子的锁联动起来。具体来说，当用户锁上车门时，充电口的盖子也会锁上。请在本次任务中寻找这项技术。 <<注意事项>>本次调查对象的车辆品牌限于※中国品牌。截止时间2024年7月7日。 <要求＞请提交明确的证据关于所涉产品的详细信息、销售该产品的公司名称、及计划销售该产品的公司。证据包括网站、YouTube等视频、维修手册、实物照片、车辆用户说明书（手册）等。 请明确指出作为证据的网站或YouTube等视频的URL链接。请明确指出上述技术的公开者。 [例1]★技术细节YouTube：""URL链接""时间：2:30～3:15产品名：""MODEL S"" 公司名：""TESLA"" [例2]★技术细节URL: URL链接记载部分：第二段落产品名：""MODEL S"" 公司名：""TESLA"" ""计划销售""一词包括正在开发的产品。如果证据中明确写出了开发该产品的公司名，则满足支付要求。请按照您比较有把握的顺序列出信息。",2024.06.27,2024.07.27,任务编号：1084550,￥ 500,4,幻灯奇艺坊,https://shop.epwk.com/m7d7wovzp5q8/,￥ 500,https://shop.epwk.com/m7d7wovzp5q8/chushou/,个人,五品,36分,,,,,,,,,,,,,,,,,,,,
【电话调查】车辆产品信息调查（电动汽车电池快速充电）,https://task.epwk.com/1084549/,371人,5人,¥500,圆满完成,威享9Njv9,"＜委托内容＞　请收集具有以下＜技术说明＞一栏中所述技术的车辆产品信息（或服务信息）。 ＜技术说明＞该技术是为电动汽车配备的电池进行快速充电。电动汽车存在的一个问题是是电池充电时间长。为了解决这个问题，这项技术的电动汽车配备了2个快速充电口和1个普通充电口。每个充电口都可以连接充电连接器，为电池充电。请在本次任务中寻找这项技术。 <<注意事项>>本次调查对象的车辆品牌限于※中国品牌。截止时间2024年7月7日。 <要求＞请提交明确的证据关于所涉产品的详细信息、销售该产品的公司名称、及计划销售该产品的公司。证据包括网站、YouTube等视频、维修手册、实物照片、车辆用户说明书（手册）等。 请明确指出作为证据的网站或YouTube等视频的URL链接。请明确指出上述技术的公开者。 [例1]★技术细节YouTube：""URL链接""时间：2:30～3:15产品名：""MODEL S"" 公司名：""TESLA"" [例2]★技术细节URL: URL链接记载部分：第二段落产品名：""MODEL S"" 公司名：""TESLA"" ""计划销售""一词包括正在开发的产品。如果证据中明确写出了开发该产品的公司名，则满足支付要求。请按照您比较有把握的顺序列出信息。",2024.06.27,2024.07.27,任务编号：1084549,￥ 500,5,幻灯奇艺坊,https://shop.epwk.com/m7d7wovzp5q8/,￥ 500,https://shop.epwk.com/m7d7wovzp5q8/chushou/,个人,五品,36分,,,,,,,,,,,,,,,,,,,,
【电话调查】车辆产品信息调查（显示电池老化程度的电动汽车）,https://task.epwk.com/1084548/,215人,3人,¥500,圆满完成,威享9Njv9,"＜委托内容＞　征集具有以下＜技术说明＞一栏中所述技术的车辆产品信息（或服务信息）。 ＜技术说明＞该技术用于显示电动汽车电池的老化程度。电动汽车配备的电池一旦使用就开始老化。长年使用的电池只能充一点点电。电动汽车存在的问题是，用户无法知道电动汽车的电池老化到什么程度了。为了解决这个问题，这项技术的电动汽车在显示装置上显示电池的老化状态。具体来说就是在电动汽车的显示屏或者用户的手机上显示电池的老化状态。请在本次任务中寻找这项技术。 <<注意事项>>本次调查对象的车辆品牌限于※中国品牌。截止时间2024年7月7日。 <要求＞请提交明确的证据关于所涉产品的详细信息、销售该产品的公司名称、及计划销售该产品的公司。证据包括网站、YouTube等视频、维修手册、实物照片、车辆用户说明书（手册）等。 请明确指出作为证据的网站或YouTube等视频的URL链接。请明确指出上述技术的公开者。 [例1]★技术细节YouTube："" URL链接""时间：2:30～3:15产品名：""MODEL S"" 公司名：""TESLA"" [例2]★技术细节URL: URL链接记载部分：第二段落产品名：""MODEL S"" 公司名：""TESLA"" ""计划销售""一词包括正在开发的产品。如果证据中明确写出了开发该产品的公司名，则满足支付要求。请按照您比较有把握的顺序列出信息。",2024.06.27,2024.07.27,任务编号：1084548,￥ 500,3,幻灯奇艺坊,https://shop.epwk.com/m7d7wovzp5q8/,￥ 500,https://shop.epwk.com/m7d7wovzp5q8/chushou/,个人,五品,36分,,,,,,,,,,,,,,,,,,,,
【电话调查】车辆产品信息调查,https://task.epwk.com/1084545/,291人,4人,¥500,圆满完成,威享9Njv9,"＜委托内容＞　请收集具有以下＜技术说明＞一栏中所述技术的车辆产品信息。 ＜技术说明＞　此技术用于在电动车(EV)模式行驶时，通知驾驶员踩下多少油门踏板才会启动并运转引擎。在混合动力车辆的行驶过程中存在一个问题。例如驾驶员在停止引擎的EV模式下踩下油门踏板时，尽管驾驶员希望维持EV模式，但由于动力不足导致引擎开始运转。为了解决这个问题，车辆内设有一个指示器，其可以显示能够维持EV模式的油门操作量，以便驾驶员通过屏幕确认。请在本次悬赏任务中寻找这项技术。 <<注意事项>>本次调查对象的车辆品牌限于※中国品牌。截止时间2024年7月7日。 <要求＞请提交明确的证据关于所涉产品的详细信息、销售该产品的公司名称、及计划销售该产品的公司。证据包括网站、YouTube等视频、维修手册、实物照片、车辆用户说明书（手册）等。 请明确指出作为证据的网站或YouTube等视频的URL链接。请明确指出上述技术的公开者。 [例1]★技术细节YouTube：""URL链接""时间：2:30～3:15产品名：""MODEL S"" 公司名：""TESLA"" [例2]★技术细节URL: URL链接记载部分：第二段落产品名：""MODEL S"" 公司名：""TESLA"" ""计划销售""一词包括正在开发的产品。如果证据中明确写出了开发该产品的公司名，则满足支付要求。请按照您比较有把握的顺序列出信息。",2024.06.27,2024.07.27,任务编号：1084545,￥ 500,4,糖九粥z,https://task.epwk.com/javascript:;,￥ 500,,,,,,,,,,,,,,,,,,,,,,,,
【电话调查】车辆产品信息调查,https://task.epwk.com/1072181/,337人,3人,¥400,圆满完成,小蜜蜂7297J,<委托内容>　请收集具有以下<技术说明>一栏中所述技术的车辆产品信息。 <技術说明>　此技术通过车辆内搭载的平视显示器、方向盘、座椅等警告装置，通过其振动、声音、光学显示等方式向驾驶员发出警告，从而提高车辆驾驶的安全性。此技术的困难之处在于，当驾驶员注意力下降时，由于驾驶员难以对警告做出反应，可能导致无法提高车辆驾驶的安全性。为了解决这个课题，将执行以下多种警告。首先，当驾驶员没有看向车辆前方时，发出第一次警告。如果驾驶员没有看向前方并且没有握住方向盘时，在第一次警告后进行第二次警告。第一次警告与第二次警告是不同类型的警告。请在本次悬赏中寻找这项技术。 <<注意事項>>本次调查对象的车辆品牌限于※美国、欧洲、中国和韩国品牌。截止时间2024年2月29日。 <要求>请提交明确的证据关于所涉产品的详细信息、销售该产品的公司名称、及计划销售该产品的公司。证据包括网站、YouTube等视频、修理手册、实物照片、车辆用户说明书（手册）等。 请明确指出作为证据的网站或YouTube等视频的URL链接。请明确指出上述技术的公开者。 [例1]★技术细节YouTube：URL链接时间：2:30～3:15产品名：MODEL S 公司名：TESLA [例2]★技术细节URL: URL链接记载部分：第二段落产品名：MODEL S 公司名：TESLA 计划销售一词包括正在开发的产品。如果证据中明确记载了开发该产品的公司名，则满足支付要求。请按照您信心顺序列出信息。,2024.02.26,2024.05.02,任务编号：1072181,￥ 400,7,广州生职软件有限责任公司,https://shop.epwk.com/z2nkzp3lxnqy/,￥ 400,https://shop.epwk.com/z2nkzp3lxnqy/chushou/,企业,七品,37分,,,,,,,,,,,,,,,,,,,,
【征集点子】给中药产品起名字，食字号,https://task.epwk.com/1047297/,1587人,42人,¥166,圆满完成,威迈力4TYe1,公司品牌为东方本草·念奴娇，现给能作用于.，增补肾之元气，对过劳、年龄增长、身体损伤后形成肾气亏损的中药产品起名字，为片剂，肝肾产品均为片剂，谢谢,2023.06.30,2023.08.12,任务编号：1047297,￥ 166,45,那一家店,https://shop.epwk.com/78dljx2re5lx/,￥ 166,,,,,,,,,,,,,,,,,,,,,,,,
【征集点子】急需，为一家中高端女士塑身衣品牌门店提出创意点子！,https://task.epwk.com/1041520/,923人,15人,¥400,圆满完成,人间精品,一个定位为“美体塑形管家”的中高端女士塑身衣品牌，在它的品牌门店中：1.做什么样的可视化体验设计，才能吸引顾客进店瞧瞧？2.做什么样的可视化体验设计，才能让顾客愿意购买？3.门店服务需要做什么体验设计，才能让顾客使用后愿意重复购买？4.门店服务需要做什么体验设计，才能让顾客使用后帮我们主动传播？希望大家发挥经验和智慧，多多思考，提出让人眼前一亮和可执行的创意点子！谢谢！,2023.05.18,2023.06.06,任务编号：1041520,￥ 400,20,臻威Jimmy,https://task.epwk.com/javascript:;,￥ 400,,,,,,,,,,,,,,,,,,,,,,,,
【征集点子】急需求助！关于一款保暖内衣的创意点子！,https://task.epwk.com/999220/,1521人,9人,¥500,圆满完成,人间精品,我有一款山茶油保暖衣！需要你来思考创意，塑造价值，构思点子，怎么将它卖出去！产品简介：这款山茶油保暖衣运用精细萃取工艺，从山茶花籽、叶、花中提取出山茶油成分，采用全球高性能纤维技术，面料中揉入油酸胶囊，并且能长久留存在面料中，不会因为久穿久洗而减少、消失。请你针对以下几个方面做出解答：1.      这款山茶油保暖衣解决了用户最大的痛点是什么？（也就是为什么消费者会购买这款保暖衣，选择它的理由是什么）2.      怎么能卖出高价值来？3.      针对什么群体去卖呢？4.      传播一句什么话能让消费者买单？,2022.06.06,2022.08.12,任务编号：999220,￥ 500,9,林墨mo,https://task.epwk.com/javascript:;,￥ 500,,,,,,,,,,,,,,,,,,,,,,,,
【营销解决方案】业务拓展的营销策划,https://task.epwk.com/995288/,1295人,5人,¥600,圆满完成,创意就是生产力,给一个在线做五行命理分析断卦转运的占卜大师做业务拓展，可以利用什么渠道，什么推广方式，或者营销活动能够找到精准客户，拓展业务量。,2022.05.10,2022.10.03,任务编号：995288,￥ 600,6,威我cv6ef,https://task.epwk.com/javascript:;,￥ 600,,,,,,,,,,,,,,,,,,,,,,,,
【征集点子】寻找几类轻小好产品,https://task.epwk.com/968402/,1475人,14人,¥400,圆满完成,herngee,先参考几个产品：手电筒/手机/手表产品不大，但有价值，产品生产和开产，有一定的门槛。有特定喜欢的群体。会因为产品的材料不同，功能参数不同，而不同。（可以随时更新迭代，且一年四季都可以使用）如手电筒，可以做不同的外观大小，不同的材料，不同的灯珠，不同的流明数，一群户外爱好者，特别喜欢的产品，体积不大，轻小。但是，普通铝合金的，便宜。如果想要特殊材料的，有红铜，黄铜，钛合金等材料，可以做成艺术品。产品相对较贵。 手机和手表，也是同样的道理。 目前，想找几个类似于以上三个产品，相似属性的产品线  要求：体积重量：产品不大，0.5KG以内，能在0.3KG以内的最好。有功能参数（电子产品类）的差别。或者从材料设计（非电子产品类）的差别，做出来的产品，有溢价。有特定喜欢的群体。成本从低到高都可以有。最低端的版本，成本不超50元最佳。 一年四季都可以销售的产品，产品本身，就是一个产品，而不是某个产品的配件（如手机配件等） 烂大街的产品就先不考虑了，如蓝牙耳机等。,2021.11.08,2022.02.01,任务编号：968402,￥ 400,16,喵星人文案,https://shop.epwk.com/81n41qzxenp6/,￥ 400,,,,,,,,,,,,,,,,,,,,,,,,
【产品推广】文创产品营销策划案,https://task.epwk.com/947633/,2747人,10人,¥400,圆满完成,创意就是生产力,计划开发十个景泰蓝礼品（糖果盒，花瓶，水杯，茶叶罐，手镯，京剧玩偶等，还没完全确定），礼品定位是现代，年轻，时尚新潮的礼品，在自有的淘宝店上销售，走高端定制的路线，目前需要一个线上营销的策划方案。方案内容，字数没有具体限制，主要希望能提供好的营销想法（点子）。,2021.08.02,2021.09.24,任务编号：947633,￥ 400,15,小狼hati文创工作室,https://shop.epwk.com/3gd2mq02gner/,￥ 400,,,,,,,,,,,,,,,,,,,,,,,,
【活动策划】38女神节卖的生蚝微信小程序活动文案征集,https://task.epwk.com/922097/,1375人,11人,¥100,圆满完成,干饭人人上人,我们是专卖生蚝的微信小程序商城，策划一次女神节活动，撰写10字+的活动标题及30+字的活动文案，要求突出女神节特点，ci激购买欲望。活动标题：_____________(“38女神节”)活动文案：____________________(“活动文案”）活动说明：（固定的不需要改）1. 2021年3月5日~2021年3月8日，活动期间在本商城购买的生蚝，每箱多送2斤！2. 同城当天到，中午12点前下单，当天打捞、洗净，配送到家。3. 外地订单，中午12点前下单，当天打捞、洗净，快递发出。,2021.03.03,2021.03.08,任务编号：922097,￥ 100,14,木木琉璃,https://task.epwk.com/javascript:;,￥ 100,,,,,,,,,,,,,,,,,,,,,,,,
【品牌策划】牙科产品商标取名,https://task.epwk.com/837593/,2228人,27人,¥100,圆满完成,o5d32ec1baac8a,取商标名2个1.牙科产品商标名称，注册地美国。开头可以带s不带也行。2.包包，手袋，沙发套，家纺之类，注册地美国。要求名字响亮好记,2020.02.20,2020.08.13,任务编号：837593,￥ 100,31,_四脚吞金兽,https://task.epwk.com/javascript:;,￥ 100,,,,,,,,,,,,,,,,,,,,,,,,
【整合营销】餐厅的全年营销策划点梳理,https://task.epwk.com/824430/,1977人,7人,¥200,圆满完成,老王的生意圈,餐厅定位：创意餐厅有特色的钓虾场作为核心竞争力热菜人均消费100-120火锅人均消费50-80文案需求：宣传和推广尽量以低成本推广费用的形式来制定活动，可以更多的用菜品或钓虾互动营销的形式，或者其他更好的营销方式来。全年春节，新年元旦，中秋，国庆大节日需要有更吸引人的地方，小节气和小周末需要有创意性的互动方式增加客户粘性。要求：1、方案内容要细致，细分到每一个具体执行的环节和注意事项。2、会员方面的营销3、自来客方面的营销4、员工积极性调动的营销请针对以上4点给出自己策划点，最好搭配一些可实行的档案或明细。,2019.12.22,2020.01.14,任务编号：824430,￥ 200,7,今天也没变成玩偶呢,https://shop.epwk.com/z2nkz986pnqy/,￥ 200,,,,,,,,,,,,,,,,,,,,,,,,
【整合营销】如何快速精准找女主播,https://task.epwk.com/735284/,2726人,25人,¥100,圆满完成,托付梦想,我是传媒公司，想寻找一个点子，能够迅速找到主播核实的女性人群。,2019.04.15,2019.05.21,任务编号：735284,￥ 100,32,mtx521,https://task.epwk.com/javascript:;,￥ 100,,,,,,,,,,,,,,,,,,,,,,,,
【活动策划】整理活动内容，修饰优化内容,https://task.epwk.com/708894/,4548人,32人,¥500,圆满完成,o5aa627de59f7f,整理活动内容，修饰优化内容,2019.02.03,2019.03.03,任务编号：708894,￥ 500,37,岩淞视觉设计工作室,https://shop.epwk.com/2j5xoyer05xm/,￥ 500,,,,,,,,,,,,,,,,,,,,,,,,
【问卷调查】关于少女内衣的几个小问题，期待你的回答！,https://task.epwk.com/684216/,4764人,20人,¥300,圆满完成,策联社团,关于少女内衣的几个小问题，期待你的回答！1. 青春期发育的胸部对少女带来的影响有哪些？2. 少女内衣需要解决的痛点是什么？3. 少女对少女文胸最大的需求是什么？4. 对于处于发育中晚期的少女，她们对少女文胸的需求又是什么？又有什么变化？5. 18-25岁，还能称为少女吗？准确的称谓应该是什么？,2018.11.21,2019.05.04,任务编号：684216,￥ 300,20,范小闲,https://task.epwk.com/javascript:;,￥ 300,,,,,,,,,,,,,,,,,,,,,,,,
【问卷调查】关于购买运动内衣的消费者小调查,https://task.epwk.com/652766/,4306人,13人,¥200,圆满完成,策联社团,对于爱好运动的女性来说，运动内衣必不可少。那么，请回答下面2个问题：1.在你穿过的运动内衣中，有发现哪些不好的地方？2.在购买运动内衣时，你最看重的是它的什么功能或者效果？或者你希望它能够解决你的什么需求？请仔细认真详细的回答！*  如果是男性参与者，可以询问自己的妻子、女朋友、身边的女性朋友、同事等,2018.08.24,2018.10.07,任务编号：652766,￥ 200,13,YIPINWEIKEEE,https://task.epwk.com/javascript:;,￥ 200,,,,,,,,,,,,,,,,,,,,,,,,
【征集点子】黄页网站找核心卖点,https://task.epwk.com/642000/,4081人,10人,¥100,圆满完成,mf158****0766,要做一个黄页网站，在找核心卖点，希望多提宝贵意见，有起作用的有赏,2018.07.30,2018.08.24,任务编号：642000,￥ 100,15,言而有信,https://shop.epwk.com/9w56e1qzwdv1/,￥ 100,,,,,,,,,,,,,,,,,,,,,,,,
【活动策划】请策划一个七夕情人节大型线下营销活动,https://task.epwk.com/636257/,6106人,11人,¥400,圆满完成,策联社团,说明：请策划一个七夕情人节的有创意、社会参与度高、传播性广的大型线下事件营销活动，活动的核心围绕“吻”来进行。目的：强化“吻”的印象，扩大事件影响力，成为七夕这一天的头条大事件要求：1.大型活动，能成为大事件，能造成一定的轰动效果2.有创意，好操作，好执行3.社会参与度高，人人都可以参与4.自带流量传播（人们愿意自动拍照、发朋友圈、口口相传等）5.可结合线上互联网进行推广,2018.07.12,2018.08.05,任务编号：636257,￥ 400,15,YIPINWEIKEEE,https://task.epwk.com/javascript:;,￥ 400,,,,,,,,,,,,,,,,,,,,,,,,
【品牌策划】品牌故事撰写,https://task.epwk.com/624429/,5471人,52人,¥500,圆满完成,伯乐,公司简介：公司成立于2014年，主产床上用品，需求：品牌故事撰写，达到包装目的品牌名：皇后娘娘1定位：皇后娘娘主打中国风床上用品以及婚庆家纺市场特色品牌字数：100字以上,2018.06.10,2018.11.20,任务编号：624429,￥ 500,57,小木兔工作室,https://task.epwk.com/javascript:;,￥ 500,,,,,,,,,,,,,,,,,,,,,,,,
【营销解决方案】餐饮食品公司起名,https://task.epwk.com/624289/,3492人,46人,¥500,圆满完成,neil_ho,"四川私房麻辣卤味小吃名称征集，本公司位于成都。                            经营介绍： 主营卤味小吃，也有钵钵鸡，像四川的廖记棒棒鸡，或者北京的热辣生活，目标客群：20-35岁。                    产品主要三类：                                            1、藤椒系列的冷吃串串、像乐山钵钵鸡                            2、有私房卤制的独家配方也有私房炒制肉类零食，香辣猪蹄、麻辣小龙虾球、冷吃牛肉、冷吃兔3、有可以带回家佐餐的夫妻肺片、酸辣蹄花、藤椒乌鸡等要求：                                    1、从名字能联想到品类或相关特性2、一听就知道是品牌名3、听得出（不用谐音字）记得住（有记忆点）愿意说（易传播）4、避免和知名的名字太相似                            知识产权说明：                                            1、所设计的作品为原创，为第一次发布，未侵犯他人的著作权，如有侵犯他人著作权，由设计者承担所有法律责任;                                        2、中标的设计作品，我方支付设计制作费，即拥有该作品的知识产权，包括著作权,使用权和发布权等,有权对设计作品进行修改,组合和应用;设计者不得再向其他任何地方使用该设计作品;",2018.06.09,2019.02.10,任务编号：624289,￥ 500,55,极思视觉,https://task.epwk.com/javascript:;,￥ 500,,,,,,,,,,,,,,,,,,,,,,,,
【征集点子】广告语点子征集,https://task.epwk.com/595763/,4950人,54人,¥200,圆满完成,o5aba379799dd1,公司主营动力锂电池，注册商标为：“礼能”，现征集广告语。要求：1、一句话，应包含公司商标，易记易读2、广告语应与能源或电池相关3、广告语不得出现较大歧意4、最长不超过20字,2018.03.27,2018.04.19,任务编号：595763,￥ 200,80,o5915c66db7d6d,https://task.epwk.com/javascript:;,￥ 200,,,,,,,,,,,,,,,,,,,,,,,,
【征集点子】全民拍广告语征集,https://task.epwk.com/582639/,5257人,40人,¥100,圆满完成,lgd073,全民拍广告语征集1、全民拍：全民参与二手、资产拍卖的意思；2、宗旨：降低二手、资产的交易费用（成本）；3、二手和资产交易的现状：二手房交易基本上是通过中介进行，中介费用在2%-3%，二手车交易（含瓜子二手车之类的网上中介）费用在3%以上，二手手机、二手家具、二手电器通过二手市场成本在10%以上。4、目标一：将二手交易和资产交易的综合成本降低至1%以下；       目标二：每年为用户节省2000亿二手交易费用，同时为股东和合作伙伴创造1000亿的利润。要求：能突出平台特点和我们的服务，语言简洁；           能用用户的语言来表达,2018.02.16,2018.03.19,任务编号：582639,￥ 100,47,shede,https://task.epwk.com/javascript:;,￥ 100,,,,,,,,,,,,,,,,,,,,,,,,
【问卷调查】【洞察】业主！请问你为什么购买灯饰时会选择水晶灯？,https://task.epwk.com/531277/,5228人,24人,¥600,圆满完成,策联社团,现在有很多豪华别墅、精装商品房、酒店、会所等都喜欢购置水晶灯。现在你就是业主，请问：1、你为什么会需要选购水晶灯饰？2、你在购买水晶灯时所关注的因素有哪些？3、你的潜在需求（消费动机）是什么？4、你认为水晶灯饰最让人烦恼的问题点是什么?5、假如你向朋友推荐我们的品牌，你是怎么说的？谢谢你的用心！,2017.09.02,2018.02.07,任务编号：531277,￥ 600,24,极思视觉,https://task.epwk.com/javascript:;,￥ 600,,,,,,,,,,,,,,,,,,,,,,,,
【活动策划】活动策划提案/方案,https://task.epwk.com/482510/,2626人,10人,¥200,圆满完成,CharlieSaMa,品牌设计公司需要做一次线下推广；主要目的：是推广公司的服务；目标人群：需要品牌设计的公司、企业或个人。,2017.03.11,2017.03.16,任务编号：482510,￥ 200,10,不二策划/网络工作室,https://shop.epwk.com/qgdmjjeordke/,￥ 200,,,,,,,,,,,,,,,,,,,,,,,,
【活动策划】篮球夏令营结尾活动方案策划,https://task.epwk.com/435479/,3926人,14人,¥200,圆满完成,epwkdxm,情况介绍：    1、篮球夏令营，总共有40名学生，从一年级到六年级，还有几个初一初二学生；其中有2名女生；    2、课程主要为篮球基础，一个暑假20次课，一节课两个小时，都是下午2：30到4：30结束；帮助学生从不会运球、投篮到现在能够完成基本篮球动作；策划要求：    1、分4组学生进行比赛，10人/组设1小队长；突出团队氛围；    2、时间为：下午2：30到4：00为比赛时间；4:00到4:30为颁奖时间；    3、比赛场地为室内    4、安全注意事项；流程；,2016.07.21,2016.08.05,任务编号：435479,￥ 200,17,一品营销,https://task.epwk.com/javascript:;,￥ 200,,,,,,,,,,,,,,,,,,,,,,,,
【活动策划】征集高端生日酒会策划,https://task.epwk.com/425849/,2515人,8人,¥200,圆满完成,mf138****8602,生日对象女性50岁，企业家夫人。到场200人左右。全部都是企业家及其夫人。需要策划案。有不清楚可联系微信号：519788905,2016.06.05,2016.06.23,任务编号：425849,￥ 200,9,mf13525553514,https://task.epwk.com/javascript:;,￥ 200,,,,,,,,,,,,,,,,,,,,,,,,
【活动策划】凯翼X3上市活动形式征集,https://task.epwk.com/405898/,5777人,9人,"¥4,000",圆满完成,凯翼汽车,一、企业介绍：（一）品牌介绍：凯翼汽车以“年轻、创新、本真”的态度，致力于打造年轻人喜爱的智能互联汽车。通过互联网思维，以客户需求为中心，整合全球优势资源，轻资产运营。2016年将有X3V3等代表凯翼智能互联的全新产品面向市场。（二）品牌受众年龄主要在20-32岁，年轻的网上一代，ta们与互联网科技发展同步成长，沐浴在各类科技成果之中，生活已无法离开网络，这种背景和成长环境让ta们向往自由生活、渴望证明自己，同时更乐于让所有人关注自身的存在，ta们就是这个时代的骄子！（三）“凯翼+你 一起造车”中国首家提出众包造车理念的车企，凯翼众包是一种顺势而为的全新造车理念，行业首个以人人制造的全新模式，凯翼众包以“用户思维”为导向，以“主动的最佳体验价值”为核心，以向大众全面开放技术研发平台为基础，共同打造一款真正符合消费者需求的产品。 二、产品介绍凯翼X3是汇聚了年轻时尚外观内饰、智能互联车机系统的凯翼首款智能互联SUV；（一）产品受众特征：年轻、活力；注重自我价值的实现；注重个性、向往时尚；熟悉并喜欢互联网生活；兼顾日常家庭生活；喜欢户外、有一定的越野需求。（二）产品优势：1、外观：意大利GS汽车设计公司打造（GS设计师洛威·维赫米斯赫曾设计法拉利458，被誉为掌控汽车流线时尚的天才）；德国工艺仪表设计；动感时尚的车身腰线；鹰眼式车灯展现凯翼DNA；中控无按键设计。 2、智能互联：10.1苹果共线高清多点触控屏、7寸TFT屏；智能人工交互；云端数据与车机数据分析、主动提示车主行为；验证APP自助安装；降噪净化智能语控；车载WIFI；凯立德情景导航、360°鸟瞰实景泊车及行车记录；云平台智能盲区监测、车道偏离预警等行车辅助；私人医生式手机APP远程控制、诊断系统。 3、科技卖点：标配无钥匙进入；鹰眼一体式光导大灯；LED光导立体尾灯；无钥匙一键启动PEPS；多模式EPS电子助力；顶级车身稳定系统ESP；红色动感刹车卡钳；独立液晶温控显示屏；全黑或双色内饰可选；仪表台全软触包裹；小牛皮多功能方向盘；胎压监测。 4、品质卖点百万公里三高极限验证（极寒极热高原）；行业翘楚战略合作、研发（富士康、科大讯飞、中国电信等）；智能互联整车同步开发；中汽研联合开发整车性能；国家级试验中心技术支撑；成熟ACTECO发动机；沃尔沃共用传动系统；家轿式后独立多连杆悬架。 三、征集内容凯翼X3上市活动形式 四、征集要求1、作品需从产品、品牌、目标消费者等层面进行深度挖掘后进行创意和策略方面的设计与制定；2、活动形式更创新、更年轻化、参与感强、互动性强，契合品牌调性与产品特征，能够提升消费者对于凯翼品牌及产品的好感度，从而为产品上市奠定良好的基础；3、产品上市活动形式不少于三种；4、提交作品规格：图片为300dpiJPG图，文字为word形式。 五、征集时间2月24日-3月16日 六、奖励设置一等奖1名：3000元/人优秀奖2名：500元/人（注：奖金为税前） 咨询联系QQ：2768098019,2016.02.22,2016.05.13,任务编号：405898,￥ 4000,10,xdfswyyg,https://task.epwk.com/javascript:;,￥ 4000,,,,,,,,,,,,,,,,,,,,,,,,
【活动策划】凯翼X3产品上市策略及创新的营销方式征集,https://task.epwk.com/405897/,8157人,11人,"¥12,000",圆满完成,凯翼汽车,一、企业介绍：（一）品牌介绍：凯翼汽车以“年轻、创新、本真”的态度，致力于打造年轻人喜爱的智能互联汽车。通过互联网思维，以客户需求为中心，整合全球优势资源，轻资产运营。2016年将有X3V3等代表凯翼智能互联的全新产品面向市场。（二）品牌受众：年龄主要在20-32岁，年轻的网上一代，ta们与互联网科技发展同步成长，沐浴在各类科技成果之中，生活已无法离开网络，这种背景和成长环境让ta们向往自由生活、渴望证明自己，同时更乐于让所有人关注自身的存在，ta们就是这个时代的骄子！（三）“凯翼+你 一起造车”中国首家提出众包造车理念的车企，凯翼众包是一种顺势而为的全新造车理念，行业首个以人人制造的全新模式，凯翼众包以“用户思维”为导向，以“主动的最佳体验价值”为核心，以向大众全面开放技术研发平台为基础，共同打造一款真正符合消费者需求的产品。 二、产品介绍凯翼X3是汇聚了年轻时尚外观内饰、智能互联车机系统的凯翼首款智能互联SUV；（一）产品受众特征：年轻、活力；注重自我价值的实现；注重个性、向往时尚；熟悉并喜欢互联网生活；兼顾日常家庭生活；喜欢户外、有一定的越野需求。（二）产品优势：1、外观：意大利GS汽车设计公司打造（GS设计师洛威·维赫米斯赫曾设计法拉利458，被誉为掌控汽车流线时尚的天才）；德国工艺仪表设计；动感时尚的车身腰线；鹰眼式车灯展现凯翼DNA；中控无按键设计。 2、智能互联：10.1苹果共线高清多点触控屏、7寸TFT屏；智能人工交互；云端数据与车机数据分析、主动提示车主行为；验证APP自助安装；降噪净化智能语控；车载WIFI；凯立德情景导航、360°鸟瞰实景泊车及行车记录；云平台智能盲区监测、车道偏离预警等行车辅助；私人医生式手机APP远程控制、诊断系统。 3、科技卖点：标配无钥匙进入；鹰眼一体式光导大灯；LED光导立体尾灯；无钥匙一键启动PEPS；多模式EPS电子助力；顶级车身稳定系统ESP；红色动感刹车卡钳；独立液晶温控显示屏；全黑或双色内饰可选；仪表台全软触包裹；小牛皮多功能方向盘；胎压监测。 4、品质卖点：百万公里三高极限验证（极寒极热高原）；行业翘楚战略合作、研发（富士康、科大讯飞、中国电信等）；智能互联整车同步开发；中汽研联合开发整车性能；国家级试验中心技术支撑；成熟ACTECO发动机；沃尔沃共用传动系统；家轿式后独立多连杆悬架。 三、征集内容凯翼X3产品上市策略及创新的营销方式（线上、线下） 四、征集要求1、作品应包含上市策略及创新营销方式，不可缺少；2、需从产品、品牌、目标消费者等层面进行深度挖掘：策略及营销方式一方面要符合凯翼年轻、创新的品牌特质，另一方面要能够引起目标消费群即年轻、个性时尚、熟悉并喜爱互联网生活群体的共鸣，同时也要突出产品高颜值、智能互联的特征。整体创意能够让人眼前一亮、传播度高、记忆点强；3、营销方式需包括线上与线下，互动性强、参与感强，能够吸引目标消费者；4、提交作品规格：图片为300dpiJPG图，文字为word形式。 五、征集时间2月24日-3月16日 六、奖励设置一等奖1名：10000元/人优秀奖2名：1000元/人（注：奖金为税前）咨询联系QQ：2768098019（相关设计资料可联系索取，谢谢。）,2016.02.22,2016.05.13,任务编号：405897,￥ 12000,12,播放工作室,https://shop.epwk.com/78dljjk865lx/,￥ 12000,,,,,,,,,,,,,,,,,,,,,,,,
,,,,,,,,,,,,,,,,,,,,,,,,,,,,,,,,,,,,,,,
【征集点子】征集心理健康倾听陪聊公众号的名称及广告语,https://task.epwk.com/400948/,7430人,30人,¥100,圆满完成,mf136****8337,人们对精神层面的需求越来越高，遇到事情无人倾诉。。想建一个心理健康的倾听陪伴公众号及APP。在此征集点子。征集网站的名称及广告语（时尚、健康、正能量、温馨、亲切感）投稿时请附加上创意理念,2016.01.10,2016.02.06,任务编号：400948,￥ 100,36,杂办,https://shop.epwk.com/z2nkzzvlxnqy/,￥ 100,https://shop.epwk.com/z2nkzzvlxnqy/chushou/,个人,七品,35分,,,,,,,,,,,,,,,,,,,,
【活动策划】比赛策划方案征集,https://task.epwk.com/393825/,4251人,13人,¥500,圆满完成,mf180****2010,1，现广元卫蓝电子商务有限公司（主营新能源电动汽车）与川内最大的驾校广元凤凰驾校合作举办旨在推广纯电动汽车的比赛。（主办方广元凤凰驾校，协办方广元卫蓝电子商务有限公司）2，需要突出双盈，双方会因此扩大社会影响力进而增加招生量及电动汽车的销量。3，比赛就以驾校科目二场地为准。,2015.11.27,2015.12.07,任务编号：393825,￥ 500,13,新疆合赢智创信息科技服务有限公司,https://shop.epwk.com/7g5yk8872n0q/,￥ 500,,,,,,,,,,,,,,,,,,,,,,,,
【网站优化方案】推荐2个有效的网站，进行广告合作,https://task.epwk.com/376246/,3110人,2人,¥100,圆满完成,mf181****4218,1、这是我需要推广的网站：http://www.paobing123.com/ 。我建了一个售卖泡学资料的简单网站（即 教男生如何去交女朋友的一系列恋爱技巧与知识）。2、现在，我需要找2个合作网站，在其网站上打广告，以获取流量，以获取有价值的潜在流量（请注意我的网站类型！请不要找不相关无价值的网站！）。所以，我需要你推荐2个符合条件的网站。所推荐的合作网站类型不限，只要能快速上手，只要有效果，就行。3、所推荐网站的广告费，要求在600元左右 / 月，其网站流量也应当符合这个价钱。如果你推荐的网站可行，我们后续还会有合作。推荐的时候，请把详细的推荐理由写明。4、此外，你也可以推荐一些其它的方法或方案，只要有效，我就会考虑与你合作。我第一次在威客网发布任务，不足之处请你见谅！咨询或稿件，可联系我的扣扣1398380540。,2015.08.29,2015.09.09,任务编号：376246,￥ 100,2,mf18679755262,https://task.epwk.com/javascript:;,￥ 100,,,,,,,,,,,,,,,,,,,,,,,,
【意见建议】怎样做盐焗鸡爪才能使里面的骨头也入味,https://task.epwk.com/354447/,12685人,11人,¥100,圆满完成,mf132****7700,学会了做盐焗鸡爪，但做不了连骨头也入味。真正会做的才来接任务，不要复制百度的东西来忽悠我，要说明为什么这样做能行，因为你们说了我真的去做，真的帮到我的就中标。,2015.05.21,2015.08.16,任务编号：354447,￥ 100,11,mf18750690576,https://task.epwk.com/javascript:;,￥ 100,,,,,,,,,,,,,,,,,,,,,,,,
【活动策划】福建A市红萝卜文化节活动方案,https://task.epwk.com/351765/,4358人,10人,¥200,圆满完成,mf189****2032,方案在我们的创意基础上可增加，要求对创意点细化一些执行细节                      方案主题：                                            福建A市红萝卜文化美食节：创办首届A市红萝卜文化美食节活动让【新农业】打响品牌，推进的人气效应，再建A市一张农业新名片。活动主旨：为扩大A市胡萝卜的知名度和影响力，丰富新店胡萝卜文化内涵，展示经济社会发展良好态势，现面向社会公开征集胡萝卜文化美食节有关信息。                                 方案已有部分创意说明：                            （1）红萝卜文化美食节主题logo征集（2）胡萝卜文化美食节宣传广告用语（3）你能想得到的胡萝卜吃法征集（4）主题logo征集结果公布及颁奖（5）事件营销《百人萝卜蹲》集体互动（获胜者可以获得萝卜一筐或者其他奖品）（6）百人拔萝卜比赛《亲子互动》（每个家庭10分钟，将胡萝卜拔出并放到指定地点，数量多者胜出。奖品待定）（7）《花样胡萝卜》（根据网络征集的吃法，进行现场制作供现场网友试吃，同时制作一些黑暗料理，作为在游戏中落败的网友的惩罚食品）（8）《萝卜集市》（现场设置萝卜采购区，可以供有需要的网友自行采摘然后出售）,2015.05.10,2015.05.21,任务编号：351765,￥ 200,10,裴裴Vic的店铺,https://shop.epwk.com/81n416omonp6/,￥ 200,https://shop.epwk.com/81n416omonp6/chushou/,个人,九品,12分,,,,,,,,,,,,,,,,,,,,
【活动策划】2015羊年新春论坛派发红包活动策划,https://task.epwk.com/331850/,4898人,13人,¥100,圆满完成,泡芙假面,我们是一个论坛，目前需要策划一个过年派发红包活动，活动费用是5000之内。最好是能做到宣传效果，要有新颖的点子，能让会员一眼看到就觉得很给力很想参与，等级越高福利红包越多的活动。,2015.02.04,2015.03.04,任务编号：331850,￥ 100,14,fish_,https://task.epwk.com/javascript:;,￥ 100,,,,,,,,,,,,,,,,,,,,,,,,
【活动策划】返利网站针对淘宝卖家招商推广策划文案,https://task.epwk.com/329037/,5172人,5人,¥100,圆满完成,o54be44cdc570a,www.flk123.com   返利网站想针对淘宝卖家招商，让淘宝卖家了解到我们网站，主动寻求招商的网上精准推广策划文案1：Q群，微博，贴吧，卖家论坛发布广告推广具体方案2：搜索引擎付费关键词推广（百度，谷歌，搜狗，雅虎）3：群成员群发4：大网站论坛投放广告之类的推广等等,2015.01.20,2015.04.02,任务编号：329037,￥ 100,5,捌零设计,https://shop.epwk.com/v0n1xgv9x57y/,￥ 100,https://shop.epwk.com/v0n1xgv9x57y/chushou/,工作室,八品,37分,,,,,,,,,,,,,,,,,,,,
【活动策划】中低档服装5.1活动策划方案,https://task.epwk.com/257404/,7282人,8人,¥50,圆满完成,六号枫籽,中低档服装5.1活动策划方案一家2000㎡的大型服装批发城，在小县城。经营各种男女式服装，童装，针织，床上用品，箱包。五，一活动策划。,2014.04.17,2014.04.24,任务编号：257404,￥ 50,8,瑞轩品牌策划,https://shop.epwk.com/p05qjojjwdev/,￥ 50,,,,,,,,,,,,,,,,,,,,,,,,
【活动策划】保险公司客户回馈活动策划,https://task.epwk.com/240343/,11682人,7人,¥350,圆满完成,dapiguacui,活动内容丰富且操作性强，必须适合保险客户的，活动设计需符合不同年龄层次的客户，具体的详谈，费用可追加，联系方式：13732171788,2013.11.29,2014.09.05,任务编号：240343,￥ 350,7,大海阔天空蓝,https://task.epwk.com/javascript:;,￥ 350,,,,,,,,,,,,,,,,,,,,,,,,
【活动策划】活动策划，寻找全省美腿大师,https://task.epwk.com/234314/,6049人,7人,¥300,圆满完成,yang1018,"要求策划一个活动在全省范围内寻找美腿天使。我们公司和当地的广播电视报合办的活动，选出的大使会作为我们公司的形象大使进行包装。考虑到很多威客对我们公司不熟悉，了解请关注微信公众平台alg246357：详细了解大家可以和我直接联系，微信号18635573027                        软文要求：                                            1、软文要相信写清楚这次活动如何进行，包括首先得照片选拔，照片的格式，寄过来的时候要有一些资料，包括联系方式身份证号等等，寄来广播电视报）                                       2、文章要有吸引力，有趣味性， 要站在用户的角度来描写，帖子内容与标题给人感觉以个人感受、经验分享或消费经历为表现形式,以宣传推广我司业务。                                        3、要求原创(不能在网上搜了抄袭)，文笔或专业，或幽默，或结合时事，具备新闻性皆可。不要做的太像推广。                                        4、附上创意说明。                                        知识产权说明：                                            1、所设计的作品为原创，为第一次发布，未侵犯他人的著作权，如有侵犯他人著作权，由设计者承担所有法律责任;                                        2、中标的设计作品，我方支付设计制作费，即拥有该作品的知识产权，包括著作权,使用权和发布权等,有权对设计作品进行修改,组合和应用;设计者不得再向其他任何地方使用该设计作品;",2013.10.13,2013.10.28,任务编号：234314,￥ 300,7,行麓工作室,https://shop.epwk.com/p05qjox4rdev/,￥ 300,,,,,,,,,,,,,,,,,,,,,,,,
【活动策划】创意的活动策划案,https://task.epwk.com/232614/,7982人,4人,¥50,圆满完成,sissidaxiong,需要一份非常详细的房地产商演活动策划方案。要有创意。靠近海边的高档住宅区。,2013.09.24,2013.10.17,任务编号：232614,￥ 50,5,GoGo工作室,https://shop.epwk.com/omdwkz2pwdrp/,￥ 50,https://shop.epwk.com/omdwkz2pwdrp/chushou/,个人,六品,40分,,,原创歌词  Good morning,150,,,,,,,,,,,,,,,,
【产品推广】网上发布和推广出售航空积分里程的方案撰写,https://task.epwk.com/224474/,2696人,2人,¥100,圆满完成,Jworld,需要在网上发布和推广出售航空积分里程的信息需要在网上发布和推广出售航空积分里程的信息，客户群是各个做商务航，头等航机票（非经济舱）的票务点 或是旅游公司，或是一些经常使用商务头等航的大公司。现在能想到的是在同城，论坛之类的地方先发布一下信息 回头做整套的推广，比如软文，微薄之类的。请先做个简单的初步方案和预算给我。我会先试一阵，然后长期定下一家公司来负责这事。如果在业内有资源 ，或是有做过类拟的行业的优先。我大约做了一下调查，先放上来试试水，希望能找到一家合作的公司长期合作。谢谢。PS：请忽略我放的100元数字，肯定不可能一百元的。这一百元只是看你的方案和想法。只要有合适的方案和资源，我会尊重你的预算钱。,2013.07.11,2013.08.04,任务编号：224474,￥ 100,2,GoGo工作室,https://shop.epwk.com/omdwkz2pwdrp/,￥ 100,https://shop.epwk.com/omdwkz2pwdrp/chushou/,个人,六品,40分,,,原创歌词  Good morning,150,,,,,,,,,,,,,,,,
【网站优化方案】需求CPA注册器,https://task.epwk.com/221051/,2662人,1人,¥50,圆满完成,uouou,要不被K号的,2013.06.17,2013.07.11,任务编号：221051,￥ 50,2,xiao5377053020,https://task.epwk.com/javascript:;,￥ 50,,,,,,,,,,,,,,,,,,,,,,,,
【网站优化方案】91运动联盟网站宣传口号征集,https://task.epwk.com/216755/,8245人,19人,¥50,圆满完成,lxfl_2002,91sport是以运动异业联盟为基础搭建的全新O2O运动消费电子商务平台，91sport通过网络平台与线下场馆的完美结合，利用互联网平台进行资源“水平运作”（品质、透明、公正、规范）在保持产品与服务内容不变的情况下，带来的效益溢价以“动币”的方式大部分赠送给消费者；消费者通过“动币商”兑换同等价值的运动服务（动币可累积）给消费者带来更高的性价比，同时给场馆带来更高的附加值。任务要求：以电子商务和运动为主的口号，现在的口号是“就要动一下”。具体详情到www.91sport.cc了解。2、字数最好在10个字之内,2013.05.20,2013.06.23,任务编号：216755,￥ 50,24,京喜 品牌策划,https://shop.epwk.com/zqdpl4rxkn1v/,￥ 50,https://shop.epwk.com/zqdpl4rxkn1v/chushou/,工作室,九品,39分,,,,,,,,,,,,,,,,,,,,
【征集点子】茶餐厅营销策略撰写,https://task.epwk.com/215639/,11996人,18人,¥350,圆满完成,梁丽豆豆,我想开一间茶餐厅，要一进去就很难忘，给人感觉很深刻，特别突出某一种感觉，让人觉得很舒适温馨，只想静静的呆在店里，有什么经营策略让人留恋往返，大家帮我出一下主意，有什么新奇的点子。主要是要威客撰写一篇营销方案,2013.05.10,2013.06.16,任务编号：215639,￥ 350,22,小怪兽设计,https://shop.epwk.com/78n96vlgxnkv/,￥ 350,https://shop.epwk.com/78n96vlgxnkv/chushou/,个人,七品,38分,,,,,,,,,,,,,,,,,,,,
【网店推广】为网店征集推广软文,https://task.epwk.com/211146/,4853人,3人,¥200,圆满完成,依之缘衣舍,"软文主要围绕“新品女装”来写，要以买家(可以是公司职员、在校学生等)来讲述通过在我店买后的感受及对我店宝贝的评价和满意度，不能太过于做作.要有针对性。威客们对我店要有个了解，请登录：687474703a2f2f73686f7036323833393734362e74616f62616f2e636f6d5c27"">http://shop62839746.taobao.com687474703a2f2f7777772e585858585858636f6d5c27"">，详细了解大家可以和我直接联系，我的QQ是 1526606099         软文要求： 1、软文将用于发布在各种和我经营有相关的论坛及博客，标题和内容绝对不能有广告味，要能引起点击和共鸣，能吸引网友参与讨论或点击浏览 2、文章要有吸引力，有趣味性， 要站在用户的角度来描写，帖子内容与标题给人感觉以个人感受、经验分享或消费经历为表现形式,以宣传推广我店业务。 3、要求原创(不能在网上搜了抄袭)，文笔或专业，或幽默，或结合时事，具备新闻性皆可。不要做的太像推广。 4、附上创意说明。 知识产权说明： 1、所设计的作品为原创，为第一次发布，未侵犯他人的著作权，如有侵犯他人著作权，由设计者承担所有法律责任",2013.03.28,2013.04.17,任务编号：211146,￥ 200,3,妙笔生文案,https://shop.epwk.com/j7n38pmk35e1/,￥ 200,https://shop.epwk.com/j7n38pmk35e1/chushou/,工作室,五品,45分,,,各类中文、英文起名,￥360,广告语、宣传口号,"￥200
            /件",演讲稿代写,"￥240
            /件",软文写作,价格面议,,,,,,,,,,
【产品推广】广西湘菜世家周年庆典优惠券设计,https://task.epwk.com/207840/,3124人,1人,¥100,圆满完成,Y6015****8,"广西湘菜世家周年庆典优惠券设计《小型餐厅》经营介绍： “湘菜世家”是一家以经营适合大众消费，时尚主题小型餐厅，努力传承原味经典菜品并结合粤菜为主的小餐厅。餐厅特色菜品是用独特的传统工艺制作而成，口感独特，明显区别其它湘菜菜品种，传承世家经典，弘扬湘菜文化。 设计要求： 1、大气、简洁、明快; 作为店庆一年优惠券发放顾客2、有视觉冲击力，醒目易识别，突出餐饮品牌元素; 3、能体现特色，LOGO已有，但如限制了设计师的创意，可重新设计。 4、附上创意说明。 知识产权说明： 1、所设计的作品为原创，为第一次发布，未侵犯他人的著作权，如有侵犯他人著作权，由设计者承担所有法律责任; 2、中标的设计作品，我方支付设计制作费，即拥有该作品的知识产权，包括著作权,使用权和发布权等,有权对设计作品进行修改,组合和应用;设计者不得再向其他任何地方使用该设计作品;",2013.02.26,2013.03.29,任务编号：207840,￥ 100,1,万法皆空设计工作室,https://shop.epwk.com/zqdplz1vkn1v/,￥ 100,,,,,,,,,,,,,,,,,,,,,,,,
【产品推广】自由企业家商学院logo设计,https://task.epwk.com/200541/,7520人,8人,¥200,圆满完成,zhixiaodaren,自由企业家商学院logo设计自由企业家商学院——中国直销人领袖的黄埔军校www.zyqyj.net,2012.12.03,2012.12.22,任务编号：200541,￥ 200,10,智酷设计工作室,https://shop.epwk.com/v0n1x19ox57y/,￥ 200,https://shop.epwk.com/v0n1x19ox57y/chushou/,工作室,五品,35分,,,自建房设计,价格面议,店铺设计,￥800,家居设计,￥1000,logo设计,"￥500
            /件",,,,,,,,,,
【网店推广】淘宝网店推广 宝贝推广,https://task.epwk.com/199589/,8053人,7人,¥50,圆满完成,墨梅01,淘宝网店推广 通过论坛推广 微博推广 网站推广http://shop58161298.taobao.com/shop/view_shop.htm?tracelog=twddp,2012.11.22,2013.01.03,任务编号：199589,￥ 50,9,张恒左,https://task.epwk.com/javascript:;,￥ 50,,,,,,,,,,,,,,,,,,,,,,,,
【关键词优化】一款可以发黑链的工具，绿色版本，免费使用,https://task.epwk.com/197168/,5699人,3人,¥99,圆满完成,yxy746380,一款可以黑链群发工具，绿色版本，可以免费使用，发到我邮箱里，免费可用软件，既可得到赏金514333435@qq.com,2012.10.30,2012.11.19,任务编号：197168,￥ 99,3,Jztpyramid,https://task.epwk.com/javascript:;,￥ 99,,,,,,,,,,,,,,,,,,,,,,,,
【产品推广】网络推广教程，精英联系我,https://task.epwk.com/186235/,10358人,5人,¥370,圆满完成,lulubs,本人要找一个专业做网络推广的教程。,2012.07.30,2012.08.10,任务编号：186235,￥ 370,5,tingliu80,https://task.epwk.com/javascript:;,￥ 370,,,,,,,,,,,,,,,,,,,,,,,,
【产品推广】公司LOGO及名片设计,https://task.epwk.com/172450/,7516人,12人,¥300,圆满完成,陈凯凯,"经营介绍： 无锡恒光紧固件有限公司是一家以经营各类高强度，不锈钢，等材质的紧固件（螺丝螺帽）的公司
需设计内容：公司商标，公司名片。
设计要求：
1、大气、简洁、明快;
2、有视觉冲击力，醒目易识别",2012.05.27,2012.06.17,任务编号：172450,￥ 300,12,linsiyuan,https://shop.epwk.com/3gd2mjgegner/,￥ 300,,,,,,,,,,,,,,,,,,,,,,,,
【产品推广】寻高手推广我的娱乐网站,https://task.epwk.com/171083/,4319人,1人,¥50,圆满完成,胡针,"在http://hutuhai.hao957.com
成功浏览且生成IP3000个，",2012.05.19,2012.05.31,任务编号：171083,￥ 50,1,ttuubb的店铺,https://shop.epwk.com/81n416oyynp6/,￥ 50,https://shop.epwk.com/81n416oyynp6/chushou/,个人,九品,11分,,,,,,,,,,,,,,,,,,,,
【关键词优化】我想做网上公司商城推广,https://task.epwk.com/170439/,4494人,2人,¥100,圆满完成,深圳市艾妃丝化妆品有限公司,汇美秀是国内最大最专业的彩妆品，化妆品，护肤品，香水，假发及美发美甲批发商城。汇集全国专业美容、美发、美甲、彩妆、护肤为一体，是一家研发生产、批发及来样加工的网络商城 。,2012.05.12,2012.07.09,任务编号：170439,￥ 100,2,嘉荷创意,https://shop.epwk.com/j7n382mql5e1/,￥ 100,,,,,,,,,,,,,,,,,,,,,,,,
【微博营销】淘宝网店宝贝打造爆款-销量信誉迅速提高,https://task.epwk.com/165061/,12113人,4人,¥100,圆满完成,wow70****5,淘宝网店宝贝打造爆款-销量信誉迅速提高、安全可靠100%不降权,2012.02.17,2012.03.10,任务编号：165061,￥ 100,4,晶晶胖胖鱼的店铺,https://shop.epwk.com/09drjq67q53w/,￥ 100,,,,,,,,,,,,,,,,,,,,,,,,
【网店推广】广东公司找人设计网站LOGO,https://task.epwk.com/163146/,6218人,3人,¥200,圆满完成,蒙天放,"根基网址色调设计LOGO
要求;有创意
参考站色调
网址http://www.weibosss.com",2011.12.26,2012.01.14,任务编号：163146,￥ 200,3,灵动创意,https://shop.epwk.com/3gd2mzjvgner/,￥ 200,https://shop.epwk.com/3gd2mzjvgner/chushou/,个人,九品,39分,,,画册设计,200,海报设计,"￥200
            /件",包装设计,"￥400
            /件",LOGO设计,"￥300
            /件",VI设计,"￥6000
            /件",网页设计,"￥500
            /件",,,,,,
【产品推广】OUSANG-香港时尚女裤品牌上团购,https://task.epwk.com/157654/,15287人,2人,¥50,圆满完成,ccmm520,"品牌：oushang
公司名称：香港欧尚服饰股份有限公司
发布产品：女性时尚牛仔裤、打底裤
优惠政策：我们提供的货源，主打年轻白领市场，我们可以提供市场价3折用来做团购。
真诚合作：我们的品牌+您的支持与合作=互利双赢，真诚希望贵站给予支持。

联系方式：

销售部：文敏
QQ：78794819
电话：15377785557",2011.08.24,2011.09.04,任务编号：157654,￥ 50,108,contrary的店铺,https://shop.epwk.com/v0n1xl0v457y/,￥ 50,,,,,,,,,,,,,,,,,,,,,,,,
【产品推广】网站推广，增加点击量,https://task.epwk.com/157255/,5836人,2人,¥50,圆满完成,深圳港湾,"一、任务描述
想了解详情，请到网站：深圳港湾交友网 http://www.196171.com/看看给网站推广和增加点击量。
    1.我选择的营销推广、推广注册，主要是推广，让百度，谷歌多收录最主要。
  2.营销推广、推广注册.（如果网站注册有VIP会员有收益，我会联系中标人以后继续合作，互利）
  3.找一个长久或简单提高网站点击量的方法。
  4.有情况可以协商QQ：595925745

二、任务征集期间，联系方式可通过:一品威客站内信、任务详情之威客任务交流区或咨询一品威客在线客服人员。",2011.08.07,2011.11.07,任务编号：157255,￥ 50,2,mijunjie8的商铺,https://shop.epwk.com/7g5ykjm2gn0q/,￥ 50,https://shop.epwk.com/7g5ykjm2gn0q/chushou/,个人,四品,32分,,,,,,,,,,,,,,,,,,,,
